Command line invocation:
    /Applications/Xcode.app/Contents/Developer/usr/bin/xcodebuild -project Mixr.xcodeproj -scheme Mixr -destination "generic/platform=iOS Simulator" -derivedDataPath /tmp/mixr-general-build CODE_SIGNING_ALLOWED=NO build

Build settings from command line:
    CODE_SIGNING_ALLOWED = NO

ComputePackagePrebuildTargetDependencyGraph

Prepare packages

CreateBuildRequest

SendProjectDescription

CreateBuildOperation

ComputeTargetDependencyGraph
note: Building targets in dependency order
note: Target dependency graph (1 target)
    Target 'Mixr' in project 'Mixr' (no dependencies)

GatherProvisioningInputs

CreateBuildDescription

ExecuteExternalTool /Applications/Xcode.app/Contents/Developer/Toolchains/XcodeDefault.xctoolchain/usr/bin/clang -v -E -dM -isysroot /Applications/Xcode.app/Contents/Developer/Platforms/iPhoneSimulator.platform/Developer/SDKs/iPhoneSimulator26.5.sdk -x c -c /dev/null

ExecuteExternalTool /Applications/Xcode.app/Contents/Developer/usr/bin/actool --print-asset-tag-combinations --output-format xml1 /Users/pranavi/Documents/GitHub/mixr/Mixr/AppIcon.icon /Users/pranavi/Documents/GitHub/mixr/Mixr/Assets.xcassets

ExecuteExternalTool /Applications/Xcode.app/Contents/Developer/usr/bin/actool --version --output-format xml1

ExecuteExternalTool /Applications/Xcode.app/Contents/Developer/Toolchains/XcodeDefault.xctoolchain/usr/bin/swiftc --version

ExecuteExternalTool /Applications/Xcode.app/Contents/Developer/Toolchains/XcodeDefault.xctoolchain/usr/bin/ld -version_details

Build description signature: 764efe2901a9b01dc16ea1e63b0c3841
Build description path: /tmp/mixr-general-build/Build/Intermediates.noindex/XCBuildData/764efe2901a9b01dc16ea1e63b0c3841.xcbuilddata
ClangStatCache /Applications/Xcode.app/Contents/Developer/Toolchains/XcodeDefault.xctoolchain/usr/bin/clang-stat-cache /Applications/Xcode.app/Contents/Developer/Platforms/iPhoneSimulator.platform/Developer/SDKs/iPhoneSimulator26.5.sdk /tmp/mixr-general-build/SDKStatCaches.noindex/iphonesimulator26.5-23F81a-6cfe768891a92b912361537c460fe42b.sdkstatcache
    cd /Users/pranavi/Documents/GitHub/mixr/Mixr.xcodeproj
    /Applications/Xcode.app/Contents/Developer/Toolchains/XcodeDefault.xctoolchain/usr/bin/clang-stat-cache /Applications/Xcode.app/Contents/Developer/Platforms/iPhoneSimulator.platform/Developer/SDKs/iPhoneSimulator26.5.sdk -o /tmp/mixr-general-build/SDKStatCaches.noindex/iphonesimulator26.5-23F81a-6cfe768891a92b912361537c460fe42b.sdkstatcache

CompileAssetCatalogVariant thinned /tmp/mixr-general-build/Build/Products/Debug-iphonesimulator/Mixr.app /Users/pranavi/Documents/GitHub/mixr/Mixr/AppIcon.icon /Users/pranavi/Documents/GitHub/mixr/Mixr/Assets.xcassets (in target 'Mixr' from project 'Mixr')
    cd /Users/pranavi/Documents/GitHub/mixr
    /Applications/Xcode.app/Contents/Developer/usr/bin/actool /Users/pranavi/Documents/GitHub/mixr/Mixr/AppIcon.icon /Users/pranavi/Documents/GitHub/mixr/Mixr/Assets.xcassets --compile /tmp/mixr-general-build/Build/Intermediates.noindex/Mixr.build/Debug-iphonesimulator/Mixr.build/assetcatalog_output/thinned --output-format human-readable-text --notices --warnings --export-dependency-info /tmp/mixr-general-build/Build/Intermediates.noindex/Mixr.build/Debug-iphonesimulator/Mixr.build/assetcatalog_dependencies_thinned --output-partial-info-plist /tmp/mixr-general-build/Build/Intermediates.noindex/Mixr.build/Debug-iphonesimulator/Mixr.build/assetcatalog_generated_info.plist_thinned --app-icon AppIcon --accent-color AccentColor --compress-pngs --enable-on-demand-resources YES --development-region en --target-device iphone --target-device ipad --minimum-deployment-target 26.5 --platform iphonesimulator
2026-09-09 22:25:04.101 AssetCatalogSimulatorAgent[36165:1094879] The filter 'CIPortraitEffectSpillCorrection' is not implemented in the bundle at /Library/Developer/CoreSimulator/Volumes/iOS_23F77/Library/Developer/CoreSimulator/Profiles/Runtimes/iOS 26.5.simruntime/Contents/Resources/RuntimeRoot/System/Library/CoreImage/PortraitFilters.cifilter.
/* com.apple.actool.compilation-results */
/tmp/mixr-general-build/Build/Intermediates.noindex/Mixr.build/Debug-iphonesimulator/Mixr.build/assetcatalog_generated_info.plist_thinned
/tmp/mixr-general-build/Build/Intermediates.noindex/Mixr.build/Debug-iphonesimulator/Mixr.build/assetcatalog_output/thinned/AppIcon60x60@2x.png
/tmp/mixr-general-build/Build/Intermediates.noindex/Mixr.build/Debug-iphonesimulator/Mixr.build/assetcatalog_output/thinned/AppIcon76x76@2x~ipad.png
/tmp/mixr-general-build/Build/Intermediates.noindex/Mixr.build/Debug-iphonesimulator/Mixr.build/assetcatalog_output/thinned/Assets.car


LinkAssetCatalog /Users/pranavi/Documents/GitHub/mixr/Mixr/AppIcon.icon /Users/pranavi/Documents/GitHub/mixr/Mixr/Assets.xcassets (in target 'Mixr' from project 'Mixr')
    cd /Users/pranavi/Documents/GitHub/mixr
    builtin-linkAssetCatalog --thinned /tmp/mixr-general-build/Build/Intermediates.noindex/Mixr.build/Debug-iphonesimulator/Mixr.build/assetcatalog_output/thinned --thinned-dependencies /tmp/mixr-general-build/Build/Intermediates.noindex/Mixr.build/Debug-iphonesimulator/Mixr.build/assetcatalog_dependencies_thinned --thinned-info-plist-content /tmp/mixr-general-build/Build/Intermediates.noindex/Mixr.build/Debug-iphonesimulator/Mixr.build/assetcatalog_generated_info.plist_thinned --unthinned /tmp/mixr-general-build/Build/Intermediates.noindex/Mixr.build/Debug-iphonesimulator/Mixr.build/assetcatalog_output/unthinned --unthinned-dependencies /tmp/mixr-general-build/Build/Intermediates.noindex/Mixr.build/Debug-iphonesimulator/Mixr.build/assetcatalog_dependencies_unthinned --unthinned-info-plist-content /tmp/mixr-general-build/Build/Intermediates.noindex/Mixr.build/Debug-iphonesimulator/Mixr.build/assetcatalog_generated_info.plist_unthinned --output /tmp/mixr-general-build/Build/Products/Debug-iphonesimulator/Mixr.app --plist-output /tmp/mixr-general-build/Build/Intermediates.noindex/Mixr.build/Debug-iphonesimulator/Mixr.build/assetcatalog_generated_info.plist
note: Emplaced /tmp/mixr-general-build/Build/Products/Debug-iphonesimulator/Mixr.app/AppIcon76x76@2x~ipad.png (in target 'Mixr' from project 'Mixr')
note: Emplaced /tmp/mixr-general-build/Build/Products/Debug-iphonesimulator/Mixr.app/Assets.car (in target 'Mixr' from project 'Mixr')
note: Emplaced /tmp/mixr-general-build/Build/Products/Debug-iphonesimulator/Mixr.app/AppIcon60x60@2x.png (in target 'Mixr' from project 'Mixr')

ProcessInfoPlistFile /tmp/mixr-general-build/Build/Products/Debug-iphonesimulator/Mixr.app/Info.plist /tmp/mixr-general-build/Build/Intermediates.noindex/Mixr.build/Debug-iphonesimulator/Mixr.build/empty-Mixr.plist (in target 'Mixr' from project 'Mixr')
    cd /Users/pranavi/Documents/GitHub/mixr
    builtin-infoPlistUtility /tmp/mixr-general-build/Build/Intermediates.noindex/Mixr.build/Debug-iphonesimulator/Mixr.build/empty-Mixr.plist -producttype com.apple.product-type.application -genpkginfo /tmp/mixr-general-build/Build/Products/Debug-iphonesimulator/Mixr.app/PkgInfo -expandbuildsettings -format binary -platform iphonesimulator -additionalcontentfile /tmp/mixr-general-build/Build/Intermediates.noindex/Mixr.build/Debug-iphonesimulator/Mixr.build/assetcatalog_generated_info.plist -o /tmp/mixr-general-build/Build/Products/Debug-iphonesimulator/Mixr.app/Info.plist

SwiftDriver Mixr normal x86_64 com.apple.xcode.tools.swift.compiler (in target 'Mixr' from project 'Mixr')
    cd /Users/pranavi/Documents/GitHub/mixr
    builtin-SwiftDriver -- /Applications/Xcode.app/Contents/Developer/Toolchains/XcodeDefault.xctoolchain/usr/bin/swiftc -module-name Mixr -Onone @/tmp/mixr-general-build/Build/Intermediates.noindex/Mixr.build/Debug-iphonesimulator/Mixr.build/Objects-normal/x86_64/Mixr.SwiftFileList -DDEBUG -default-isolation\=MainActor -enable-bare-slash-regex -enable-upcoming-feature DisableOutwardActorInference -enable-upcoming-feature InferSendableFromCaptures -enable-upcoming-feature GlobalActorIsolatedTypesUsability -enable-upcoming-feature MemberImportVisibility -enable-upcoming-feature InferIsolatedConformances -enable-upcoming-feature NonisolatedNonsendingByDefault -enable-experimental-feature DebugDescriptionMacro -sdk /Applications/Xcode.app/Contents/Developer/Platforms/iPhoneSimulator.platform/Developer/SDKs/iPhoneSimulator26.5.sdk -target x86_64-apple-ios26.5-simulator -g -module-cache-path /tmp/mixr-general-build/ModuleCache.noindex -Xfrontend -serialize-debugging-options -enable-testing -index-store-path /tmp/mixr-general-build/Index.noindex/DataStore -Xcc -D_LIBCPP_HARDENING_MODE\=_LIBCPP_HARDENING_MODE_DEBUG -swift-version 5 -I /tmp/mixr-general-build/Build/Products/Debug-iphonesimulator -F /tmp/mixr-general-build/Build/Products/Debug-iphonesimulator -emit-localized-strings -emit-localized-strings-path /tmp/mixr-general-build/Build/Intermediates.noindex/Mixr.build/Debug-iphonesimulator/Mixr.build/Objects-normal/x86_64 -c -j10 -enable-batch-mode -incremental -Xcc -ivfsstatcache -Xcc /tmp/mixr-general-build/SDKStatCaches.noindex/iphonesimulator26.5-23F81a-6cfe768891a92b912361537c460fe42b.sdkstatcache -output-file-map /tmp/mixr-general-build/Build/Intermediates.noindex/Mixr.build/Debug-iphonesimulator/Mixr.build/Objects-normal/x86_64/Mixr-OutputFileMap.json -use-frontend-parseable-output -save-temps -no-color-diagnostics -explicit-module-build -module-cache-path /tmp/mixr-general-build/Build/Intermediates.noindex/SwiftExplicitPrecompiledModules -clang-scanner-module-cache-path /tmp/mixr-general-build/ModuleCache.noindex -sdk-module-cache-path /tmp/mixr-general-build/ModuleCache.noindex -serialize-diagnostics -emit-dependencies -emit-module -emit-module-path /tmp/mixr-general-build/Build/Intermediates.noindex/Mixr.build/Debug-iphonesimulator/Mixr.build/Objects-normal/x86_64/Mixr.swiftmodule -validate-clang-modules-once -clang-build-session-file /tmp/mixr-general-build/ModuleCache.noindex/Session.modulevalidation -Xcc -I/tmp/mixr-general-build/Build/Intermediates.noindex/Mixr.build/Debug-iphonesimulator/Mixr.build/swift-overrides.hmap -emit-const-values -Xfrontend -const-gather-protocols-file -Xfrontend /tmp/mixr-general-build/Build/Intermediates.noindex/Mixr.build/Debug-iphonesimulator/Mixr.build/Objects-normal/x86_64/Mixr_const_extract_protocols.json -Xcc -iquote -Xcc /tmp/mixr-general-build/Build/Intermediates.noindex/Mixr.build/Debug-iphonesimulator/Mixr.build/Mixr-generated-files.hmap -Xcc -I/tmp/mixr-general-build/Build/Intermediates.noindex/Mixr.build/Debug-iphonesimulator/Mixr.build/Mixr-own-target-headers.hmap -Xcc -I/tmp/mixr-general-build/Build/Intermediates.noindex/Mixr.build/Debug-iphonesimulator/Mixr.build/Mixr-all-target-headers.hmap -Xcc -iquote -Xcc /tmp/mixr-general-build/Build/Intermediates.noindex/Mixr.build/Debug-iphonesimulator/Mixr.build/Mixr-project-headers.hmap -Xcc -I/tmp/mixr-general-build/Build/Products/Debug-iphonesimulator/include -Xcc -I/tmp/mixr-general-build/Build/Intermediates.noindex/Mixr.build/Debug-iphonesimulator/Mixr.build/DerivedSources-normal/x86_64 -Xcc -I/tmp/mixr-general-build/Build/Intermediates.noindex/Mixr.build/Debug-iphonesimulator/Mixr.build/DerivedSources/x86_64 -Xcc -I/tmp/mixr-general-build/Build/Intermediates.noindex/Mixr.build/Debug-iphonesimulator/Mixr.build/DerivedSources -Xcc -DDEBUG\=1 -emit-objc-header -emit-objc-header-path /tmp/mixr-general-build/Build/Intermediates.noindex/Mixr.build/Debug-iphonesimulator/Mixr.build/Objects-normal/x86_64/Mixr-Swift.h -working-directory /Users/pranavi/Documents/GitHub/mixr -experimental-emit-module-separately -disable-cmo

SwiftDriver Mixr normal arm64 com.apple.xcode.tools.swift.compiler (in target 'Mixr' from project 'Mixr')
    cd /Users/pranavi/Documents/GitHub/mixr
    builtin-SwiftDriver -- /Applications/Xcode.app/Contents/Developer/Toolchains/XcodeDefault.xctoolchain/usr/bin/swiftc -module-name Mixr -Onone @/tmp/mixr-general-build/Build/Intermediates.noindex/Mixr.build/Debug-iphonesimulator/Mixr.build/Objects-normal/arm64/Mixr.SwiftFileList -DDEBUG -default-isolation\=MainActor -enable-bare-slash-regex -enable-upcoming-feature DisableOutwardActorInference -enable-upcoming-feature InferSendableFromCaptures -enable-upcoming-feature GlobalActorIsolatedTypesUsability -enable-upcoming-feature MemberImportVisibility -enable-upcoming-feature InferIsolatedConformances -enable-upcoming-feature NonisolatedNonsendingByDefault -enable-experimental-feature DebugDescriptionMacro -sdk /Applications/Xcode.app/Contents/Developer/Platforms/iPhoneSimulator.platform/Developer/SDKs/iPhoneSimulator26.5.sdk -target arm64-apple-ios26.5-simulator -g -module-cache-path /tmp/mixr-general-build/ModuleCache.noindex -Xfrontend -serialize-debugging-options -enable-testing -index-store-path /tmp/mixr-general-build/Index.noindex/DataStore -Xcc -D_LIBCPP_HARDENING_MODE\=_LIBCPP_HARDENING_MODE_DEBUG -swift-version 5 -I /tmp/mixr-general-build/Build/Products/Debug-iphonesimulator -F /tmp/mixr-general-build/Build/Products/Debug-iphonesimulator -emit-localized-strings -emit-localized-strings-path /tmp/mixr-general-build/Build/Intermediates.noindex/Mixr.build/Debug-iphonesimulator/Mixr.build/Objects-normal/arm64 -c -j10 -enable-batch-mode -incremental -Xcc -ivfsstatcache -Xcc /tmp/mixr-general-build/SDKStatCaches.noindex/iphonesimulator26.5-23F81a-6cfe768891a92b912361537c460fe42b.sdkstatcache -output-file-map /tmp/mixr-general-build/Build/Intermediates.noindex/Mixr.build/Debug-iphonesimulator/Mixr.build/Objects-normal/arm64/Mixr-OutputFileMap.json -use-frontend-parseable-output -save-temps -no-color-diagnostics -explicit-module-build -module-cache-path /tmp/mixr-general-build/Build/Intermediates.noindex/SwiftExplicitPrecompiledModules -clang-scanner-module-cache-path /tmp/mixr-general-build/ModuleCache.noindex -sdk-module-cache-path /tmp/mixr-general-build/ModuleCache.noindex -serialize-diagnostics -emit-dependencies -emit-module -emit-module-path /tmp/mixr-general-build/Build/Intermediates.noindex/Mixr.build/Debug-iphonesimulator/Mixr.build/Objects-normal/arm64/Mixr.swiftmodule -validate-clang-modules-once -clang-build-session-file /tmp/mixr-general-build/ModuleCache.noindex/Session.modulevalidation -Xcc -I/tmp/mixr-general-build/Build/Intermediates.noindex/Mixr.build/Debug-iphonesimulator/Mixr.build/swift-overrides.hmap -emit-const-values -Xfrontend -const-gather-protocols-file -Xfrontend /tmp/mixr-general-build/Build/Intermediates.noindex/Mixr.build/Debug-iphonesimulator/Mixr.build/Objects-normal/arm64/Mixr_const_extract_protocols.json -Xcc -iquote -Xcc /tmp/mixr-general-build/Build/Intermediates.noindex/Mixr.build/Debug-iphonesimulator/Mixr.build/Mixr-generated-files.hmap -Xcc -I/tmp/mixr-general-build/Build/Intermediates.noindex/Mixr.build/Debug-iphonesimulator/Mixr.build/Mixr-own-target-headers.hmap -Xcc -I/tmp/mixr-general-build/Build/Intermediates.noindex/Mixr.build/Debug-iphonesimulator/Mixr.build/Mixr-all-target-headers.hmap -Xcc -iquote -Xcc /tmp/mixr-general-build/Build/Intermediates.noindex/Mixr.build/Debug-iphonesimulator/Mixr.build/Mixr-project-headers.hmap -Xcc -I/tmp/mixr-general-build/Build/Products/Debug-iphonesimulator/include -Xcc -I/tmp/mixr-general-build/Build/Intermediates.noindex/Mixr.build/Debug-iphonesimulator/Mixr.build/DerivedSources-normal/arm64 -Xcc -I/tmp/mixr-general-build/Build/Intermediates.noindex/Mixr.build/Debug-iphonesimulator/Mixr.build/DerivedSources/arm64 -Xcc -I/tmp/mixr-general-build/Build/Intermediates.noindex/Mixr.build/Debug-iphonesimulator/Mixr.build/DerivedSources -Xcc -DDEBUG\=1 -emit-objc-header -emit-objc-header-path /tmp/mixr-general-build/Build/Intermediates.noindex/Mixr.build/Debug-iphonesimulator/Mixr.build/Objects-normal/arm64/Mixr-Swift.h -working-directory /Users/pranavi/Documents/GitHub/mixr -experimental-emit-module-separately -disable-cmo

SwiftExplicitDependencyGeneratePcm x86_64 /tmp/mixr-general-build/ModuleCache.noindex/_Builtin_stddef-BTAOJYJPOA9T7ZHTKIF0QWD9M.pcm

SwiftExplicitDependencyGeneratePcm x86_64 /tmp/mixr-general-build/ModuleCache.noindex/_Builtin_float-6IEJF5XZ3PKX89EKH64KAPKJC.pcm

SwiftExplicitDependencyGeneratePcm x86_64 /tmp/mixr-general-build/ModuleCache.noindex/SwiftShims-CSV8WGP8C0XS3QAH59PCGIX1F.pcm

SwiftExplicitDependencyGeneratePcm x86_64 /tmp/mixr-general-build/ModuleCache.noindex/_Builtin_stdarg-3SG3UQ2COC94LIBDYBPD450LU.pcm

SwiftExplicitDependencyGeneratePcm x86_64 /tmp/mixr-general-build/ModuleCache.noindex/ptrauth-2HU6GOT3P0SSM2XV8O5QF3LT.pcm

SwiftExplicitDependencyGeneratePcm x86_64 /tmp/mixr-general-build/ModuleCache.noindex/_SwiftConcurrencyShims-14B8EIHYMGEOXGSE1F2K65A9G.pcm

SwiftExplicitDependencyGeneratePcm x86_64 /tmp/mixr-general-build/ModuleCache.noindex/DeveloperToolsSupport-8Q7MSR4VILYHMNPBCB8RRWDDU.pcm

SwiftExplicitDependencyGeneratePcm x86_64 /tmp/mixr-general-build/ModuleCache.noindex/_AvailabilityInternal-32VUOJLBVGDO9ELR2FPHY8XOJ.pcm

SwiftExplicitDependencyGeneratePcm x86_64 /tmp/mixr-general-build/ModuleCache.noindex/ptrcheck-77SDPZFJ68B6QZ8Y8FBRTAV2C.pcm

SwiftExplicitDependencyGeneratePcm x86_64 /tmp/mixr-general-build/ModuleCache.noindex/_Builtin_stdbool-7EPVCCEWKUB463K5WTLPKS0EO.pcm

SwiftExplicitDependencyGeneratePcm arm64 /tmp/mixr-general-build/ModuleCache.noindex/_SwiftConcurrencyShims-8YMXU1MC2WDS0ZC6ORY6NRQ6B.pcm

SwiftExplicitDependencyGeneratePcm arm64 /tmp/mixr-general-build/ModuleCache.noindex/_Builtin_float-DNYXL2IN3NQSSHXQ7D01B3K8J.pcm

SwiftExplicitDependencyGeneratePcm arm64 /tmp/mixr-general-build/ModuleCache.noindex/_Builtin_stdarg-8RTI9XYRLZIATPK8EGDS0CALD.pcm

SwiftExplicitDependencyGeneratePcm arm64 /tmp/mixr-general-build/ModuleCache.noindex/DeveloperToolsSupport-9Y3WXFLYRVF9IX20UFIL60W15.pcm

SwiftExplicitDependencyGeneratePcm arm64 /tmp/mixr-general-build/ModuleCache.noindex/_Builtin_stddef-DAJJEBJAFF5BX5NN4KSVHGKY5.pcm

SwiftExplicitDependencyGeneratePcm arm64 /tmp/mixr-general-build/ModuleCache.noindex/SwiftShims-8G0KYUESGJYRBOTG6IYS9QMSR.pcm

SwiftExplicitDependencyGeneratePcm arm64 /tmp/mixr-general-build/ModuleCache.noindex/_AvailabilityInternal-BYZAHPB7Y464XNZJA9E41NHV7.pcm

SwiftExplicitDependencyGeneratePcm arm64 /tmp/mixr-general-build/ModuleCache.noindex/ptrauth-7C4KXPICNODPILGB5Y64I12SB.pcm

SwiftExplicitDependencyGeneratePcm arm64 /tmp/mixr-general-build/ModuleCache.noindex/_Builtin_stdbool-EAOKMMJJP0XCV480588FG4Y3.pcm

SwiftExplicitDependencyGeneratePcm arm64 /tmp/mixr-general-build/ModuleCache.noindex/ptrcheck-55WEAORVYR697PDENFK06XCTT.pcm

SwiftExplicitDependencyGeneratePcm x86_64 /tmp/mixr-general-build/ModuleCache.noindex/_DarwinFoundation1-CHNBH4W2TLG1NWZTJJMKVX8LG.pcm

SwiftExplicitDependencyGeneratePcm arm64 /tmp/mixr-general-build/ModuleCache.noindex/_DarwinFoundation1-31MDIKCI2ZVLOXCTWE6C2YJZO.pcm

SwiftExplicitDependencyGeneratePcm x86_64 /tmp/mixr-general-build/ModuleCache.noindex/_Builtin_limits-4JBRS9UZZFZZQNBI7E4FS9KW3.pcm

SwiftExplicitDependencyGeneratePcm x86_64 /tmp/mixr-general-build/ModuleCache.noindex/_DarwinFoundation2-8OMYQ16TWVB1ZYTOJZ8BV0D45.pcm

SwiftExplicitDependencyGeneratePcm arm64 /tmp/mixr-general-build/ModuleCache.noindex/_Builtin_limits-11H7BX0M68IHXUPD9MVHNT3BF.pcm

SwiftExplicitDependencyGeneratePcm arm64 /tmp/mixr-general-build/ModuleCache.noindex/_DarwinFoundation2-WQ3CJW6H98VR3F9ZG7ZWKWZH.pcm

SwiftExplicitDependencyGeneratePcm x86_64 /tmp/mixr-general-build/ModuleCache.noindex/_Builtin_tgmath-EGSDAGEQN6KIV41ZVVWIE1NYD.pcm

SwiftExplicitDependencyGeneratePcm x86_64 /tmp/mixr-general-build/ModuleCache.noindex/sys_types-A5GRRJU4LRWUVF5PDI37CAE0M.pcm

SwiftExplicitDependencyGeneratePcm x86_64 /tmp/mixr-general-build/ModuleCache.noindex/_Builtin_stdint-56T0TM0BZQXAS949YO52WSZNJ.pcm

SwiftExplicitDependencyGeneratePcm arm64 /tmp/mixr-general-build/ModuleCache.noindex/sys_types-7RTQ95FRVP5WI8E963KZEV8QU.pcm

SwiftExplicitDependencyGeneratePcm arm64 /tmp/mixr-general-build/ModuleCache.noindex/_Builtin_stdint-7CTV1PSXK8DW4KS1XPHVLLOYQ.pcm

SwiftExplicitDependencyGeneratePcm arm64 /tmp/mixr-general-build/ModuleCache.noindex/_Builtin_tgmath-EEOJRJV6ABFVFP2BW8PBGSCUH.pcm

SwiftExplicitDependencyGeneratePcm x86_64 /tmp/mixr-general-build/ModuleCache.noindex/_Builtin_stdatomic-DN2OU0O3P9X02Q62EGYNODYQW.pcm

SwiftExplicitDependencyGeneratePcm x86_64 /tmp/mixr-general-build/ModuleCache.noindex/_DarwinFoundation3-ATUT84EISAA7308I1XLUP5O1U.pcm

SwiftExplicitDependencyGeneratePcm arm64 /tmp/mixr-general-build/ModuleCache.noindex/_Builtin_intrinsics-4D17QFNQKQCNJKEWSKNT6JYLG.pcm

SwiftExplicitDependencyGeneratePcm arm64 /tmp/mixr-general-build/ModuleCache.noindex/_Builtin_stdatomic-8YXNN19KTMJUYZU0IN417XWJD.pcm

SwiftExplicitDependencyGeneratePcm arm64 /tmp/mixr-general-build/ModuleCache.noindex/_DarwinFoundation3-DDEDY1J0VT67SH08JCSENYER3.pcm

SwiftExplicitDependencyGeneratePcm x86_64 /tmp/mixr-general-build/ModuleCache.noindex/_Builtin_inttypes-4QQUP4676THR18A9BW4FPG8AR.pcm

SwiftExplicitDependencyGeneratePcm x86_64 /tmp/mixr-general-build/ModuleCache.noindex/_Builtin_intrinsics-2SFTLDCR024S3AHK4FJM2QP0U.pcm

SwiftExplicitDependencyGeneratePcm arm64 /tmp/mixr-general-build/ModuleCache.noindex/_Builtin_inttypes-E0N1JX8P4WMR66L379J1H6RZR.pcm

SwiftExplicitDependencyGeneratePcm x86_64 /tmp/mixr-general-build/ModuleCache.noindex/Darwin-9C1BOJL3MK7AJARQX3MOMDLDK.pcm

SwiftExplicitDependencyGeneratePcm arm64 /tmp/mixr-general-build/ModuleCache.noindex/Darwin-1UE9WJJ3L9OA5W9E7N8S3NGS9.pcm

SwiftExplicitDependencyGeneratePcm arm64 /tmp/mixr-general-build/ModuleCache.noindex/simd-3V5P7XT9PFZ5XI6Q674D93VET.pcm

SwiftExplicitDependencyGeneratePcm x86_64 /tmp/mixr-general-build/ModuleCache.noindex/simd-E02TMC4XT9NQFE3P91GHBCK4O.pcm

SwiftExplicitDependencyGeneratePcm x86_64 /tmp/mixr-general-build/ModuleCache.noindex/ObjectiveC-DYMS3MV47O111INBRYQH3NRP8.pcm

SwiftExplicitDependencyGeneratePcm x86_64 /tmp/mixr-general-build/ModuleCache.noindex/MachO-EHLOFOQVZKH9ALYCLBAJ1E5U2.pcm

SwiftExplicitDependencyGeneratePcm arm64 /tmp/mixr-general-build/ModuleCache.noindex/MachO-4OG8IN0NXQHTSTGDCKUI5DGB8.pcm

SwiftExplicitDependencyGeneratePcm arm64 /tmp/mixr-general-build/ModuleCache.noindex/ObjectiveC-F443L77IQOVNNYN3HRMXGOWX9.pcm

SwiftExplicitDependencyGeneratePcm x86_64 /tmp/mixr-general-build/ModuleCache.noindex/os_object-75B9XUO76RP99X143MUF4F4ZV.pcm

SwiftExplicitDependencyGeneratePcm arm64 /tmp/mixr-general-build/ModuleCache.noindex/os_object-CNROLU7XTFNUTSKCW2MJBFPLO.pcm

SwiftExplicitDependencyGeneratePcm x86_64 /tmp/mixr-general-build/ModuleCache.noindex/os_workgroup-4TNYA9XS67DNYX00SEM20Q37V.pcm

SwiftExplicitDependencyGeneratePcm arm64 /tmp/mixr-general-build/ModuleCache.noindex/Spatial-AW5JP10P18UI442Z3UIW5UISV.pcm

SwiftExplicitDependencyGeneratePcm arm64 /tmp/mixr-general-build/ModuleCache.noindex/os_workgroup-EC4O334EQ8VAUIPGTDB65D4RF.pcm

SwiftExplicitDependencyGeneratePcm x86_64 /tmp/mixr-general-build/ModuleCache.noindex/Dispatch-BWQTV20RXLB7K0PW02NCF2AON.pcm

SwiftExplicitDependencyGeneratePcm arm64 /tmp/mixr-general-build/ModuleCache.noindex/Dispatch-ALLXR9Y5Q1Y3X22B2KPADEEV5.pcm

SwiftExplicitDependencyGeneratePcm x86_64 /tmp/mixr-general-build/ModuleCache.noindex/XPC-1OWVKCMH37O36RLR0HC4FPOF8.pcm

SwiftExplicitDependencyGeneratePcm x86_64 /tmp/mixr-general-build/ModuleCache.noindex/dnssd-7ABH7TDKNI9IMIWJ48LT0054P.pcm

SwiftExplicitDependencyGeneratePcm x86_64 /tmp/mixr-general-build/ModuleCache.noindex/CoreFoundation-E008SVUYOUNT0D9DCZTTZE16Y.pcm

SwiftExplicitDependencyGeneratePcm arm64 /tmp/mixr-general-build/ModuleCache.noindex/CoreFoundation-7YS6KSLIOKIIZ43Q2AMG6B3XU.pcm

SwiftExplicitDependencyGeneratePcm arm64 /tmp/mixr-general-build/ModuleCache.noindex/dnssd-7PV82967X256XTX8HUZAAKAX.pcm

SwiftExplicitDependencyGeneratePcm arm64 /tmp/mixr-general-build/ModuleCache.noindex/XPC-59E1WQI9BHY7Z36XSKOMYPGOX.pcm

SwiftExplicitDependencyGeneratePcm x86_64 /tmp/mixr-general-build/ModuleCache.noindex/Spatial-AB37KLLYXKQ4VCM2PSEE1COLY.pcm

SwiftExplicitDependencyGeneratePcm x86_64 /tmp/mixr-general-build/ModuleCache.noindex/os-8IEY8GVVFO5N4AEEOUIXUTZGX.pcm

SwiftExplicitDependencyGeneratePcm arm64 /tmp/mixr-general-build/ModuleCache.noindex/os-ARF8CQB6M8I7QTXQI6PEMXPKN.pcm

SwiftExplicitDependencyGeneratePcm x86_64 /tmp/mixr-general-build/ModuleCache.noindex/CoreAudioTypes-A7LACBCRD1ZPVZZ2N5060PSXM.pcm

SwiftExplicitDependencyGeneratePcm x86_64 /tmp/mixr-general-build/ModuleCache.noindex/CoreGraphics-9WX0JXIDE7U6FN5C1WNBU222A.pcm

SwiftExplicitDependencyGeneratePcm x86_64 /tmp/mixr-general-build/ModuleCache.noindex/Security-38V8SOUE0J2WHR89JXSL0LNU9.pcm

SwiftExplicitDependencyGeneratePcm x86_64 /tmp/mixr-general-build/ModuleCache.noindex/CFNetwork-79UOVWLMSTK88XUHFHZTUA6PV.pcm

SwiftExplicitDependencyGeneratePcm arm64 /tmp/mixr-general-build/ModuleCache.noindex/CoreAudioTypes-84J3VL6WDZZA3P9KFJ9OEFQWH.pcm

SwiftExplicitDependencyGeneratePcm arm64 /tmp/mixr-general-build/ModuleCache.noindex/Security-7PGGGP0WHB4G3YQZJUECEN627.pcm

SwiftExplicitDependencyGeneratePcm arm64 /tmp/mixr-general-build/ModuleCache.noindex/CoreGraphics-EKADLE3TNWQ1FN2K973P6LQI6.pcm

SwiftExplicitDependencyGeneratePcm arm64 /tmp/mixr-general-build/ModuleCache.noindex/CFNetwork-55VFD64P2R10MR6U0OLAO19Q.pcm

SwiftExplicitDependencyGeneratePcm x86_64 /tmp/mixr-general-build/ModuleCache.noindex/CoreAudio-D2Q4J6GAKUCMNEBIC1WPYJEMC.pcm

SwiftExplicitDependencyGeneratePcm arm64 /tmp/mixr-general-build/ModuleCache.noindex/CoreAudio-9B1CHMQPMOG6THLS4KGJCQCHJ.pcm

SwiftExplicitDependencyGeneratePcm x86_64 /tmp/mixr-general-build/ModuleCache.noindex/Foundation-AJ10YEYR3X8H5VQ993X0U6AYE.pcm

SwiftExplicitDependencyGeneratePcm x86_64 /tmp/mixr-general-build/ModuleCache.noindex/CoreText-A2B4P0MLG64SJ320W7EQ173A2.pcm

SwiftExplicitDependencyGeneratePcm x86_64 /tmp/mixr-general-build/ModuleCache.noindex/ImageIO-4LO9D8LKGU2NAJLIBDJSEL90Z.pcm

SwiftExplicitDependencyGeneratePcm arm64 /tmp/mixr-general-build/ModuleCache.noindex/Foundation-1QKI6PM3BGFB8BO4UV3QZP1P6.pcm

SwiftExplicitDependencyGeneratePcm arm64 /tmp/mixr-general-build/ModuleCache.noindex/ImageIO-33W4IOFG0JYV1VH1WNRYK5B0U.pcm

SwiftExplicitDependencyGeneratePcm arm64 /tmp/mixr-general-build/ModuleCache.noindex/CoreText-9PMAQA3QEK0BEYGROLFBKDLU7.pcm

SwiftExplicitDependencyGeneratePcm x86_64 /tmp/mixr-general-build/ModuleCache.noindex/UserNotifications-EXH1INROB5EYEMUSYN28TM7HS.pcm

SwiftExplicitDependencyGeneratePcm x86_64 /tmp/mixr-general-build/ModuleCache.noindex/FileProvider-EK29D514AECM9JJCQVMT5X3N2.pcm

SwiftExplicitDependencyGeneratePcm x86_64 /tmp/mixr-general-build/ModuleCache.noindex/CoreData-3SR8CNHVS7NMJG1EKBVJSF2FT.pcm

SwiftExplicitDependencyGeneratePcm x86_64 /tmp/mixr-general-build/ModuleCache.noindex/Network-9C6AU3X3RMDTEGI1HHYT2PM1K.pcm

SwiftExplicitDependencyGeneratePcm x86_64 /tmp/mixr-general-build/ModuleCache.noindex/CoreTransferable-4KH5UL48MFPV13D60UR1RDS8F.pcm

SwiftExplicitDependencyGeneratePcm x86_64 /tmp/mixr-general-build/ModuleCache.noindex/IOSurface-4FC1KQOMPYAXTUPOSCWN7SLAK.pcm

SwiftExplicitDependencyGeneratePcm x86_64 /tmp/mixr-general-build/ModuleCache.noindex/DataDetection-8T0ARIINJI2BKEGJ0GNN6S5SF.pcm

SwiftExplicitDependencyGeneratePcm x86_64 /tmp/mixr-general-build/ModuleCache.noindex/OSLog-AJVLG8UOAZ522AFD8IXGU76UN.pcm

SwiftExplicitDependencyGeneratePcm x86_64 /tmp/mixr-general-build/ModuleCache.noindex/LocalAuthentication-G3BBZDYY00Y41Q0MSJK9JV3W.pcm

SwiftExplicitDependencyGeneratePcm x86_64 /tmp/mixr-general-build/ModuleCache.noindex/UIUtilities-CPGN7FT3N6EQNYPFEF5KBQCAH.pcm

SwiftExplicitDependencyGeneratePcm arm64 /tmp/mixr-general-build/ModuleCache.noindex/Symbols-52L2AQ8NJWZKVF8LUXFUJTX47.pcm

SwiftExplicitDependencyGeneratePcm arm64 /tmp/mixr-general-build/ModuleCache.noindex/OpenGLES-7GJO6MJFR07YH00BQ6FF7LTZI.pcm

SwiftExplicitDependencyGeneratePcm arm64 /tmp/mixr-general-build/ModuleCache.noindex/CoreMIDI-8U4MNXMDCJ9SJP4MT37Y4CR7G.pcm

SwiftExplicitDependencyGeneratePcm arm64 /tmp/mixr-general-build/ModuleCache.noindex/Network-8WTOLOOHP8JOVZHQKAIH03Q3E.pcm

SwiftExplicitDependencyGeneratePcm arm64 /tmp/mixr-general-build/ModuleCache.noindex/DataDetection-6B4PK7PRGI2V0O3KR6KHOV306.pcm

SwiftExplicitDependencyGeneratePcm x86_64 /tmp/mixr-general-build/ModuleCache.noindex/Metal-40G1IUQJ0Z5MHQAF4H1AQLK7H.pcm

SwiftExplicitDependencyGeneratePcm arm64 /tmp/mixr-general-build/ModuleCache.noindex/IOSurface-D6MD78GAUQIM6R3QXAAPFK06D.pcm

SwiftExplicitDependencyGeneratePcm arm64 /tmp/mixr-general-build/ModuleCache.noindex/Accessibility-97YPZOK21E9ARQXOEPG5DQW02.pcm

SwiftExplicitDependencyGeneratePcm arm64 /tmp/mixr-general-build/ModuleCache.noindex/CoreData-O7Z40WEQZM4PQSAZZLQMY3AY.pcm

SwiftExplicitDependencyGeneratePcm x86_64 /tmp/mixr-general-build/ModuleCache.noindex/AVRouting-6RT259TRQMK4B40KUG2XKCZ6J.pcm

SwiftExplicitDependencyGeneratePcm x86_64 /tmp/mixr-general-build/ModuleCache.noindex/Symbols-9VAJXT1IRY9Q46NYANNMTWAHT.pcm

SwiftExplicitDependencyGeneratePcm arm64 /tmp/mixr-general-build/ModuleCache.noindex/LocalAuthentication-40YQPRWMXPXM6U329Y7HJ9R0P.pcm

SwiftExplicitDependencyGeneratePcm arm64 /tmp/mixr-general-build/ModuleCache.noindex/UIUtilities-37Y9GSLJ0YMPK8XV7P5F10DZW.pcm

SwiftExplicitDependencyGeneratePcm arm64 /tmp/mixr-general-build/ModuleCache.noindex/CoreTransferable-5V5WPZLJJPHKOCNBAJE7YTNN.pcm

SwiftExplicitDependencyGeneratePcm arm64 /tmp/mixr-general-build/ModuleCache.noindex/UniformTypeIdentifiers-3N4MY3TEXS28OASOYNZSIFDPY.pcm

SwiftExplicitDependencyGeneratePcm arm64 /tmp/mixr-general-build/ModuleCache.noindex/AudioToolbox-11DQPML7X2C8H67JZWR48WRPA.pcm

SwiftExplicitDependencyGeneratePcm arm64 /tmp/mixr-general-build/ModuleCache.noindex/UserNotifications-1VH0Q0C7FQE5FTF9VKO6B16QW.pcm

SwiftExplicitDependencyGeneratePcm arm64 /tmp/mixr-general-build/ModuleCache.noindex/AVRouting-CVIQ63JL2201QIL4CCTL13WL8.pcm

SwiftExplicitDependencyGeneratePcm x86_64 /tmp/mixr-general-build/ModuleCache.noindex/OpenGLES-9V18S231UG3NEGDVXN7GSZE6X.pcm

SwiftExplicitDependencyGeneratePcm arm64 /tmp/mixr-general-build/ModuleCache.noindex/OSLog-F2MICMRFR5VY4Q8U6FV1YZT4Z.pcm

SwiftExplicitDependencyGeneratePcm x86_64 /tmp/mixr-general-build/ModuleCache.noindex/Accessibility-3XV9WN0UMZJDH6TEX75P063UU.pcm

SwiftExplicitDependencyGeneratePcm x86_64 /tmp/mixr-general-build/ModuleCache.noindex/CoreMIDI-7UO9EPR709OAHR0Z5RX3KVE1Y.pcm

SwiftExplicitDependencyGeneratePcm x86_64 /tmp/mixr-general-build/ModuleCache.noindex/UniformTypeIdentifiers-BNBFWH4GYL86GUD3TOPCLV2BA.pcm

SwiftExplicitDependencyGeneratePcm arm64 /tmp/mixr-general-build/ModuleCache.noindex/Metal-D9XL3IZOP757L8EIP5GG962XZ.pcm

SwiftExplicitDependencyGeneratePcm arm64 /tmp/mixr-general-build/ModuleCache.noindex/FileProvider-6CL4AWFH8PJWJ7UWCDXZ8EPFD.pcm

SwiftExplicitDependencyGeneratePcm x86_64 /tmp/mixr-general-build/ModuleCache.noindex/CoreVideo-8AWPYRH341UGRWTQ89ZRQFXEJ.pcm

SwiftExplicitDependencyGeneratePcm x86_64 /tmp/mixr-general-build/ModuleCache.noindex/AudioToolbox-E2XXJC1KZTKRIBZNG444BH49D.pcm

SwiftExplicitDependencyGeneratePcm x86_64 /tmp/mixr-general-build/ModuleCache.noindex/CoreImage-7ZOQC5DRBXDE2XMG4RRPCYYLC.pcm

SwiftExplicitDependencyGeneratePcm x86_64 /tmp/mixr-general-build/ModuleCache.noindex/QuartzCore-8PI2G02BH0RECER8ISXEWJOF8.pcm

SwiftExplicitDependencyGeneratePcm x86_64 /tmp/mixr-general-build/ModuleCache.noindex/Accelerate-26M31PEKVWQ2GE27TA2JFXBW8.pcm

SwiftExplicitDependencyGeneratePcm x86_64 /tmp/mixr-general-build/ModuleCache.noindex/CoreMedia-2GOF166LTDNPI3UQ5L3IL7JGL.pcm

SwiftExplicitDependencyGeneratePcm arm64 /tmp/mixr-general-build/ModuleCache.noindex/CoreVideo-14TP50ABV8MAZNMEQJ6ILXO9P.pcm

SwiftExplicitDependencyGeneratePcm arm64 /tmp/mixr-general-build/ModuleCache.noindex/Accelerate-1E2ZE4Q9ZHN79W6L9YGKMJ6AU.pcm

SwiftExplicitDependencyGeneratePcm arm64 /tmp/mixr-general-build/ModuleCache.noindex/CoreImage-BRFOS0QMSOQSDKVJW0DNI9FM5.pcm

SwiftExplicitDependencyGeneratePcm arm64 /tmp/mixr-general-build/ModuleCache.noindex/QuartzCore-CRY9B2DYU8D1H6RLDFDLTFTZI.pcm

SwiftExplicitDependencyGeneratePcm arm64 /tmp/mixr-general-build/ModuleCache.noindex/CoreMedia-3PA0SK8H2T5CN6BTF3E6SOO.pcm

SwiftExplicitDependencyGeneratePcm x86_64 /tmp/mixr-general-build/ModuleCache.noindex/AVFAudio-2AZVEFKNPL55A6N5INN73RB9N.pcm

SwiftExplicitDependencyGeneratePcm x86_64 /tmp/mixr-general-build/ModuleCache.noindex/SwiftUICore-5FJSHJSL6A81IMIDP6SNRY0C2.pcm

SwiftExplicitDependencyGeneratePcm x86_64 /tmp/mixr-general-build/ModuleCache.noindex/MediaToolbox-ATK5GKDM8RJJOWPAC123LCN4W.pcm

SwiftExplicitDependencyGeneratePcm x86_64 /tmp/mixr-general-build/ModuleCache.noindex/UIKit-56WAYV0W0VYT2UN9AO2SVT8TN.pcm

SwiftExplicitDependencyGeneratePcm arm64 /tmp/mixr-general-build/ModuleCache.noindex/SwiftUICore-2H7R2RGQUDFO0VH6P2BROQTDH.pcm

SwiftExplicitDependencyGeneratePcm x86_64 /tmp/mixr-general-build/ModuleCache.noindex/AVFoundation-302XOBJ663NNFHGP67RO208R1.pcm

SwiftExplicitDependencyGeneratePcm arm64 /tmp/mixr-general-build/ModuleCache.noindex/MediaToolbox-AUD59KKIZJU9UC4HKWWEKOT4Y.pcm

SwiftExplicitDependencyGeneratePcm arm64 /tmp/mixr-general-build/ModuleCache.noindex/AVFAudio-DD7HKAI32XBIO1AJ3DTLJU1HS.pcm

SwiftExplicitDependencyGeneratePcm arm64 /tmp/mixr-general-build/ModuleCache.noindex/UIKit-4O86WG5PM48IF1078I2URBBJR.pcm

SwiftExplicitDependencyGeneratePcm arm64 /tmp/mixr-general-build/ModuleCache.noindex/AVFoundation-1STX6HPDE5EKT90EA1K2TK56P.pcm

SwiftExplicitDependencyGeneratePcm x86_64 /tmp/mixr-general-build/ModuleCache.noindex/SwiftUI-BYXMIJON9K6N7IC0A35R0T6ZV.pcm

SwiftCompile normal x86_64 Compiling\ AutoPCMLoader.swift,\ AutoPivotWord.swift,\ AutoRemixApplier.swift,\ AutoRemixDiagnostics.swift,\ AutoRemixPlan.swift,\ AutoRemixPlanner.swift,\ AutoRemixRunner.swift,\ AutoRemixValidator.swift /Users/pranavi/Documents/GitHub/mixr/Mixr/Models/AutoPCMLoader.swift /Users/pranavi/Documents/GitHub/mixr/Mixr/Models/AutoPivotWord.swift /Users/pranavi/Documents/GitHub/mixr/Mixr/Models/AutoRemixApplier.swift /Users/pranavi/Documents/GitHub/mixr/Mixr/Models/AutoRemixDiagnostics.swift /Users/pranavi/Documents/GitHub/mixr/Mixr/Models/AutoRemixPlan.swift /Users/pranavi/Documents/GitHub/mixr/Mixr/Models/AutoRemixPlanner.swift /Users/pranavi/Documents/GitHub/mixr/Mixr/Models/AutoRemixRunner.swift /Users/pranavi/Documents/GitHub/mixr/Mixr/Models/AutoRemixValidator.swift (in target 'Mixr' from project 'Mixr')

SwiftCompile normal x86_64 /Users/pranavi/Documents/GitHub/mixr/Mixr/Models/AutoPCMLoader.swift (in target 'Mixr' from project 'Mixr')
    cd /Users/pranavi/Documents/GitHub/mixr
    
/Users/pranavi/Documents/GitHub/mixr/Mixr/Models/AutoPCMLoader.swift:33:40: warning: call to main actor-isolated static method 'resolve(track:tuning:fileExists:)' in a synchronous nonisolated context
            let set = AutoStemResolver.resolve(track: t, tuning: tuning)
                                       ^
/Users/pranavi/Documents/GitHub/mixr/Mixr/Models/AutoStemSidecar.swift:131:17: note: calls to static method 'resolve(track:tuning:fileExists:)' from outside of its actor context are implicitly asynchronous
    static func resolve(
                ^
/Users/pranavi/Documents/GitHub/mixr/Mixr/Models/AutoPCMLoader.swift:26:17: note: add '@MainActor' to make static method 'stemSources(for:tuning:)' part of global actor 'MainActor'
    static func stemSources(
                ^
    @MainActor 
/Users/pranavi/Documents/GitHub/mixr/Mixr/Models/AutoPCMLoader.swift:67:17: warning: capture of 'inBuf' with non-Sendable type 'AVAudioPCMBuffer' in a '@Sendable' closure
                inBuf.frameLength = 0
                ^
/Applications/Xcode.app/Contents/Developer/Platforms/iPhoneSimulator.platform/Developer/SDKs/iPhoneSimulator26.5.sdk/System/Library/Frameworks/AVFAudio.framework/Headers/AVAudioBuffer.h:67:12: note: class 'AVAudioPCMBuffer' does not conform to the 'Sendable' protocol
@interface AVAudioPCMBuffer : AVAudioBuffer
           ^
/Users/pranavi/Documents/GitHub/mixr/Mixr/Models/AutoPCMLoader.swift:2:1: warning: add '@preconcurrency' to suppress 'Sendable'-related warnings from module 'AVFAudio'
import AVFoundation
^
@preconcurrency 

SwiftCompile normal x86_64 /Users/pranavi/Documents/GitHub/mixr/Mixr/Models/AutoPivotWord.swift (in target 'Mixr' from project 'Mixr')
    cd /Users/pranavi/Documents/GitHub/mixr
    

SwiftCompile normal x86_64 /Users/pranavi/Documents/GitHub/mixr/Mixr/Models/AutoRemixApplier.swift (in target 'Mixr' from project 'Mixr')
    cd /Users/pranavi/Documents/GitHub/mixr
    
/Users/pranavi/Documents/GitHub/mixr/Mixr/Models/AutoRemixApplier.swift:35:41: warning: call to main actor-isolated static method 'resolve(songURL:stemsRoot:fileExists:)' in a synchronous nonisolated context
                    ?? AutoStemResolver.resolve(songURL: result[ti].url)
                                        ^
/Users/pranavi/Documents/GitHub/mixr/Mixr/Models/AutoStemSidecar.swift:80:17: note: calls to static method 'resolve(songURL:stemsRoot:fileExists:)' from outside of its actor context are implicitly asynchronous
    static func resolve(
                ^
/Users/pranavi/Documents/GitHub/mixr/Mixr/Models/AutoRemixApplier.swift:36:76: warning: call to main actor-isolated instance method 'url(for:)' in a synchronous nonisolated context
                func stemURL(_ kind: AutoStemKind) -> URL? { resolvedStems.url(for: kind) }
                                                                           ^
/Users/pranavi/Documents/GitHub/mixr/Mixr/Models/AutoStemSidecar.swift:49:10: note: calls to instance method 'url(for:)' from outside of its actor context are implicitly asynchronous
    func url(for kind: AutoStemKind) -> URL? {
         ^
/Users/pranavi/Documents/GitHub/mixr/Mixr/Models/AutoRemixApplier.swift:119:50: warning: call to main actor-isolated static method 'makeSFXTrack(primary:)' in a synchronous nonisolated context
                result.append(SoundEffectLibrary.makeSFXTrack(primary: true))
                                                 ^
/Users/pranavi/Documents/GitHub/mixr/Mixr/Models/SoundEffects.swift:146:17: note: calls to static method 'makeSFXTrack(primary:)' from outside of its actor context are implicitly asynchronous
    static func makeSFXTrack(primary: Bool = true) -> MixrTrack {
                ^
/Users/pranavi/Documents/GitHub/mixr/Mixr/Models/AutoRemixApplier.swift:24:17: note: add '@MainActor' to make static method 'apply(_:to:)' part of global actor 'MainActor'
    static func apply(_ plan: AutoRemixPlan, to tracks: [MixrTrack]) -> Applied {
                ^
    @MainActor 
/Users/pranavi/Documents/GitHub/mixr/Mixr/Models/AutoRemixApplier.swift:136:36: warning: call to main actor-isolated static method 'placeExact(definition:atUnit:into:clipID:)' in a synchronous nonisolated context
                SoundEffectLibrary.placeExact(
                                   ^
/Users/pranavi/Documents/GitHub/mixr/Mixr/Models/SoundEffects.swift:169:17: note: calls to static method 'placeExact(definition:atUnit:into:clipID:)' from outside of its actor context are implicitly asynchronous
    static func placeExact(
                ^
/Users/pranavi/Documents/GitHub/mixr/Mixr/Models/AutoRemixApplier.swift:24:17: note: add '@MainActor' to make static method 'apply(_:to:)' part of global actor 'MainActor'
    static func apply(_ plan: AutoRemixPlan, to tracks: [MixrTrack]) -> Applied {
                ^
    @MainActor 
/Users/pranavi/Documents/GitHub/mixr/Mixr/Models/AutoRemixApplier.swift:165:55: warning: main actor-isolated static property 'festivalDetail' can not be referenced from a nonisolated context
                        detail: AutoFestivalMixWindow.festivalDetail
                                                      ^
/Users/pranavi/Documents/GitHub/mixr/Mixr/Models/AutoRemixPlan.swift:385:16: note: static property declared here
    static let festivalDetail =
               ^
/Users/pranavi/Documents/GitHub/mixr/Mixr/Models/AutoRemixApplier.swift:24:17: note: add '@MainActor' to make static method 'apply(_:to:)' part of global actor 'MainActor'
    static func apply(_ plan: AutoRemixPlan, to tracks: [MixrTrack]) -> Applied {
                ^
    @MainActor 
/Users/pranavi/Documents/GitHub/mixr/Mixr/Models/AutoRemixApplier.swift:169:25: warning: call to main actor-isolated instance method 'promoteMixWindowDump()' in a synchronous nonisolated context
            appliedPlan.promoteMixWindowDump()
                        ^
/Users/pranavi/Documents/GitHub/mixr/Mixr/Models/AutoRemixPlan.swift:537:19: note: calls to instance method 'promoteMixWindowDump()' from outside of its actor context are implicitly asynchronous
    mutating func promoteMixWindowDump() {
                  ^
/Users/pranavi/Documents/GitHub/mixr/Mixr/Models/AutoRemixApplier.swift:24:17: note: add '@MainActor' to make static method 'apply(_:to:)' part of global actor 'MainActor'
    static func apply(_ plan: AutoRemixPlan, to tracks: [MixrTrack]) -> Applied {
                ^
    @MainActor 
/Users/pranavi/Documents/GitHub/mixr/Mixr/Models/AutoRemixApplier.swift:222:38: warning: call to main actor-isolated static method 'events(dropAt:dropEnd:barSec:beatSec:protectedRanges:existing:)' in a synchronous nonisolated context
        return AutoFestivalMixWindow.events(
                                     ^
/Users/pranavi/Documents/GitHub/mixr/Mixr/Models/AutoRemixPlan.swift:323:17: note: calls to static method 'events(dropAt:dropEnd:barSec:beatSec:protectedRanges:existing:)' from outside of its actor context are implicitly asynchronous
    static func events(
                ^
/Users/pranavi/Documents/GitHub/mixr/Mixr/Models/AutoRemixApplier.swift:176:25: note: add '@MainActor' to make static method 'mashupFestivalEventsIfMissing(plan:existing:)' part of global actor 'MainActor'
    private static func mashupFestivalEventsIfMissing(
                        ^
    @MainActor 
/Users/pranavi/Documents/GitHub/mixr/Mixr/Models/AutoRemixApplier.swift:270:43: warning: call to main actor-isolated static method 'sanitize' in a synchronous nonisolated context
            effects: AutoSupportedEffects.sanitize(p.effects),
                                          ^
/Users/pranavi/Documents/GitHub/mixr/Mixr/Models/AutoRemixPlan.swift:709:17: note: calls to static method 'sanitize' from outside of its actor context are implicitly asynchronous
    static func sanitize(_ settings: ClipEffectSettings) -> ClipEffectSettings {
                ^
/Users/pranavi/Documents/GitHub/mixr/Mixr/Models/AutoRemixApplier.swift:247:25: note: add '@MainActor' to make static method 'makeClip' part of global actor 'MainActor'
    private static func makeClip(_ p: AutoClipPlacement) -> MixrClip {
                        ^
    @MainActor 

SwiftCompile normal x86_64 /Users/pranavi/Documents/GitHub/mixr/Mixr/Models/AutoRemixDiagnostics.swift (in target 'Mixr' from project 'Mixr')
    cd /Users/pranavi/Documents/GitHub/mixr
    

SwiftCompile normal x86_64 /Users/pranavi/Documents/GitHub/mixr/Mixr/Models/AutoRemixPlan.swift (in target 'Mixr' from project 'Mixr')
    cd /Users/pranavi/Documents/GitHub/mixr
    

SwiftCompile normal x86_64 /Users/pranavi/Documents/GitHub/mixr/Mixr/Models/AutoRemixPlanner.swift (in target 'Mixr' from project 'Mixr')
    cd /Users/pranavi/Documents/GitHub/mixr
    
/Users/pranavi/Documents/GitHub/mixr/Mixr/Models/AutoRemixPlanner.swift:898:13: warning: variable 'joinContracts' was never mutated; consider changing to 'let' constant
        var joinContracts: [AutoJoinContract] = []
        ~~~ ^
        let
/Users/pranavi/Documents/GitHub/mixr/Mixr/Models/AutoRemixPlanner.swift:900:13: warning: variable 'cutRecords' was never mutated; consider changing to 'let' constant
        var cutRecords: [AutoCutRecord] = []
        ~~~ ^
        let
/Users/pranavi/Documents/GitHub/mixr/Mixr/Models/AutoRemixPlanner.swift:1559:62: warning: will never be executed
            bedTempoRatio: bedTempo.ok ? bedTempo.bedRatio : nil,
                                                             ^
/Users/pranavi/Documents/GitHub/mixr/Mixr/Models/AutoRemixPlanner.swift:1559:37: note: condition always evaluates to true
            bedTempoRatio: bedTempo.ok ? bedTempo.bedRatio : nil,
                                    ^

SwiftCompile normal x86_64 /Users/pranavi/Documents/GitHub/mixr/Mixr/Models/AutoRemixRunner.swift (in target 'Mixr' from project 'Mixr')
    cd /Users/pranavi/Documents/GitHub/mixr
    
/Users/pranavi/Documents/GitHub/mixr/Mixr/Models/AutoRemixRunner.swift:64:13: warning: variable 'validated' was never mutated; consider changing to 'let' constant
        var validated = AutoRemixValidator.validate(draft, profiles: profiles, tuning: tuning)
        ~~~ ^
        let

SwiftCompile normal x86_64 /Users/pranavi/Documents/GitHub/mixr/Mixr/Models/AutoRemixValidator.swift (in target 'Mixr' from project 'Mixr')
    cd /Users/pranavi/Documents/GitHub/mixr
    
/Users/pranavi/Documents/GitHub/mixr/Mixr/Models/AutoRemixValidator.swift:46:46: warning: call to main actor-isolated static method 'sanitize' in a synchronous nonisolated context
            p.effects = AutoSupportedEffects.sanitize(p.effects)
                                             ^
/Users/pranavi/Documents/GitHub/mixr/Mixr/Models/AutoRemixPlan.swift:709:17: note: calls to static method 'sanitize' from outside of its actor context are implicitly asynchronous
    static func sanitize(_ settings: ClipEffectSettings) -> ClipEffectSettings {
                ^
/Users/pranavi/Documents/GitHub/mixr/Mixr/Models/AutoRemixValidator.swift:15:17: note: add '@MainActor' to make static method 'validate(_:profiles:tuning:)' part of global actor 'MainActor'
    static func validate(
                ^
    @MainActor 
/Users/pranavi/Documents/GitHub/mixr/Mixr/Models/AutoRemixValidator.swift:1184:52: warning: call to main actor-isolated static method 'sanitize' in a synchronous nonisolated context
                seg.effects = AutoSupportedEffects.sanitize(fx)
                                                   ^
/Users/pranavi/Documents/GitHub/mixr/Mixr/Models/AutoRemixPlan.swift:709:17: note: calls to static method 'sanitize' from outside of its actor context are implicitly asynchronous
    static func sanitize(_ settings: ClipEffectSettings) -> ClipEffectSettings {
                ^
/Users/pranavi/Documents/GitHub/mixr/Mixr/Models/AutoRemixValidator.swift:1118:25: note: add '@MainActor' to make static method 'shapeTrailingOutro(_:profiles:decisions:)' part of global actor 'MainActor'
    private static func shapeTrailingOutro(
                        ^
    @MainActor 
/Users/pranavi/Documents/GitHub/mixr/Mixr/Models/AutoRemixValidator.swift:1255:71: warning: call to main actor-isolated static method 'sanitize' in a synchronous nonisolated context
                    plan.placements[i].effects = AutoSupportedEffects.sanitize(fx)
                                                                      ^
/Users/pranavi/Documents/GitHub/mixr/Mixr/Models/AutoRemixPlan.swift:709:17: note: calls to static method 'sanitize' from outside of its actor context are implicitly asynchronous
    static func sanitize(_ settings: ClipEffectSettings) -> ClipEffectSettings {
                ^
/Users/pranavi/Documents/GitHub/mixr/Mixr/Models/AutoRemixValidator.swift:1214:25: note: add '@MainActor' to make static method 'transformVerbatimRepeats(_:decisions:)' part of global actor 'MainActor'
    private static func transformVerbatimRepeats(
                        ^
    @MainActor 
/Users/pranavi/Documents/GitHub/mixr/Mixr/Models/AutoRemixValidator.swift:1264:72: warning: call to main actor-isolated static method 'sanitize' in a synchronous nonisolated context
                    plan.placements[ai].effects = AutoSupportedEffects.sanitize(fx)
                                                                       ^
/Users/pranavi/Documents/GitHub/mixr/Mixr/Models/AutoRemixPlan.swift:709:17: note: calls to static method 'sanitize' from outside of its actor context are implicitly asynchronous
    static func sanitize(_ settings: ClipEffectSettings) -> ClipEffectSettings {
                ^
/Users/pranavi/Documents/GitHub/mixr/Mixr/Models/AutoRemixValidator.swift:1214:25: note: add '@MainActor' to make static method 'transformVerbatimRepeats(_:decisions:)' part of global actor 'MainActor'
    private static func transformVerbatimRepeats(
                        ^
    @MainActor 
/Users/pranavi/Documents/GitHub/mixr/Mixr/Models/AutoRemixValidator.swift:1291:56: warning: call to main actor-isolated static method 'sanitize' in a synchronous nonisolated context
                    seg.effects = AutoSupportedEffects.sanitize(fx)
                                                       ^
/Users/pranavi/Documents/GitHub/mixr/Mixr/Models/AutoRemixPlan.swift:709:17: note: calls to static method 'sanitize' from outside of its actor context are implicitly asynchronous
    static func sanitize(_ settings: ClipEffectSettings) -> ClipEffectSettings {
                ^
/Users/pranavi/Documents/GitHub/mixr/Mixr/Models/AutoRemixValidator.swift:1214:25: note: add '@MainActor' to make static method 'transformVerbatimRepeats(_:decisions:)' part of global actor 'MainActor'
    private static func transformVerbatimRepeats(
                        ^
    @MainActor 
/Users/pranavi/Documents/GitHub/mixr/Mixr/Models/AutoRemixValidator.swift:1649:35: warning: call to main actor-isolated static method 'sanitize' in a synchronous nonisolated context
        fx = AutoSupportedEffects.sanitize(fx)
                                  ^
/Users/pranavi/Documents/GitHub/mixr/Mixr/Models/AutoRemixPlan.swift:709:17: note: calls to static method 'sanitize' from outside of its actor context are implicitly asynchronous
    static func sanitize(_ settings: ClipEffectSettings) -> ClipEffectSettings {
                ^
/Users/pranavi/Documents/GitHub/mixr/Mixr/Models/AutoRemixValidator.swift:1588:25: note: add '@MainActor' to make static method 'addIncomingVocalRideIn(_:decisions:)' part of global actor 'MainActor'
    private static func addIncomingVocalRideIn(
                        ^
    @MainActor 

SwiftCompile normal x86_64 Compiling\ AutoCompatibility.swift,\ AutoGainPolicy.swift,\ AutoJoinEngine.swift,\ AutoJoinManifest.swift,\ AutoListenLoop.swift,\ AutoMashability.swift,\ AutoMasterBus.swift,\ AutoOfflineMixdown.swift /Users/pranavi/Documents/GitHub/mixr/Mixr/Models/AutoCompatibility.swift /Users/pranavi/Documents/GitHub/mixr/Mixr/Models/AutoGainPolicy.swift /Users/pranavi/Documents/GitHub/mixr/Mixr/Models/AutoJoinEngine.swift /Users/pranavi/Documents/GitHub/mixr/Mixr/Models/AutoJoinManifest.swift /Users/pranavi/Documents/GitHub/mixr/Mixr/Models/AutoListenLoop.swift /Users/pranavi/Documents/GitHub/mixr/Mixr/Models/AutoMashability.swift /Users/pranavi/Documents/GitHub/mixr/Mixr/Models/AutoMasterBus.swift /Users/pranavi/Documents/GitHub/mixr/Mixr/Models/AutoOfflineMixdown.swift (in target 'Mixr' from project 'Mixr')

SwiftCompile normal x86_64 /Users/pranavi/Documents/GitHub/mixr/Mixr/Models/AutoCompatibility.swift (in target 'Mixr' from project 'Mixr')
    cd /Users/pranavi/Documents/GitHub/mixr
    
/Users/pranavi/Documents/GitHub/mixr/Mixr/Models/AutoCompatibility.swift:290:37: warning: call to main actor-isolated instance method 'meanEnergy(from:to:)' in a synchronous nonisolated context
        let guestE = guest.analysis.meanEnergy(from: 0, to: guest.analysis.durationSeconds)
                                    ^
/Users/pranavi/Documents/GitHub/mixr/Mixr/Models/SongAnalysis.swift:133:10: note: calls to instance method 'meanEnergy(from:to:)' from outside of its actor context are implicitly asynchronous
    func meanEnergy(from start: Double, to end: Double) -> Double {
         ^
/Users/pranavi/Documents/GitHub/mixr/Mixr/Models/AutoCompatibility.swift:289:17: note: add '@MainActor' to make static method 'needsBreakdownRunway(guest:bed:)' part of global actor 'MainActor'
    static func needsBreakdownRunway(guest: AutoSongProfile, bed: AutoSongProfile) -> Bool {
                ^
    @MainActor 
/Users/pranavi/Documents/GitHub/mixr/Mixr/Models/AutoCompatibility.swift:291:33: warning: call to main actor-isolated instance method 'meanEnergy(from:to:)' in a synchronous nonisolated context
        let bedE = bed.analysis.meanEnergy(from: 0, to: bed.analysis.durationSeconds)
                                ^
/Users/pranavi/Documents/GitHub/mixr/Mixr/Models/SongAnalysis.swift:133:10: note: calls to instance method 'meanEnergy(from:to:)' from outside of its actor context are implicitly asynchronous
    func meanEnergy(from start: Double, to end: Double) -> Double {
         ^
/Users/pranavi/Documents/GitHub/mixr/Mixr/Models/AutoCompatibility.swift:289:17: note: add '@MainActor' to make static method 'needsBreakdownRunway(guest:bed:)' part of global actor 'MainActor'
    static func needsBreakdownRunway(guest: AutoSongProfile, bed: AutoSongProfile) -> Bool {
                ^
    @MainActor 

SwiftCompile normal x86_64 /Users/pranavi/Documents/GitHub/mixr/Mixr/Models/AutoGainPolicy.swift (in target 'Mixr' from project 'Mixr')
    cd /Users/pranavi/Documents/GitHub/mixr
    

SwiftCompile normal x86_64 /Users/pranavi/Documents/GitHub/mixr/Mixr/Models/AutoJoinEngine.swift (in target 'Mixr' from project 'Mixr')
    cd /Users/pranavi/Documents/GitHub/mixr
    
/Users/pranavi/Documents/GitHub/mixr/Mixr/Models/AutoJoinEngine.swift:54:36: warning: main actor-isolated property 'barSeconds' can not be referenced from a nonisolated context
        let bar = profile.analysis.barSeconds
                                   ^
/Users/pranavi/Documents/GitHub/mixr/Mixr/Models/SongAnalysis.swift:107:9: note: property declared here
    var barSeconds: Double { beatSeconds * 4 }
        ^
/Users/pranavi/Documents/GitHub/mixr/Mixr/Models/AutoJoinEngine.swift:45:17: note: add '@MainActor' to make static method 'bedFirstCompleteChorusSection(profile:used:bars:energy:tempoRatio:)' part of global actor 'MainActor'
    static func bedFirstCompleteChorusSection(
                ^
    @MainActor 
/Users/pranavi/Documents/GitHub/mixr/Mixr/Models/AutoJoinEngine.swift:132:36: warning: main actor-isolated property 'barSeconds' can not be referenced from a nonisolated context
        let bar = profile.analysis.barSeconds
                                   ^
/Users/pranavi/Documents/GitHub/mixr/Mixr/Models/SongAnalysis.swift:107:9: note: property declared here
    var barSeconds: Double { beatSeconds * 4 }
        ^
/Users/pranavi/Documents/GitHub/mixr/Mixr/Models/AutoJoinEngine.swift:126:25: note: add '@MainActor' to make static method 'completePhraseSection(profile:from:bars:energy:)' part of global actor 'MainActor'
    private static func completePhraseSection(
                        ^
    @MainActor 
/Users/pranavi/Documents/GitHub/mixr/Mixr/Models/AutoJoinEngine.swift:178:13: warning: initialization of immutable value 'repeats' was never used; consider replacing with assignment to '_' or removing it
        let repeats = tuning.pivotWallpaperBeats
        ~~~~^~~~~~~
        _
/Users/pranavi/Documents/GitHub/mixr/Mixr/Models/AutoJoinEngine.swift:275:13: warning: initialization of immutable value 'grainVol' was never used; consider replacing with assignment to '_' or removing it
        let grainVol = AutoGainPolicy.roleStagingVolume(
        ~~~~^~~~~~~~
        _
/Users/pranavi/Documents/GitHub/mixr/Mixr/Models/AutoJoinEngine.swift:178:30: warning: main actor-isolated property 'pivotWallpaperBeats' can not be referenced from a nonisolated context
        let repeats = tuning.pivotWallpaperBeats
                             ^
/Users/pranavi/Documents/GitHub/mixr/Mixr/Models/AutoRemixPlan.swift:654:9: note: property declared here
    var pivotWallpaperBeats: Int { max(4, min(8, clampedPivotWallpaperBars * 4)) }
        ^
/Users/pranavi/Documents/GitHub/mixr/Mixr/Models/AutoJoinEngine.swift:156:17: note: add '@MainActor' to make static method 'appendPivotWallpaperLoop(completedPhrase:dropTimelineStart:deckATitle:deckBTitle:barSec:beatSec:tuning:grainStem:signal:incomingSongID:incomingHookStart:incomingTempoRatio:incomingSignal:incomingGrainStem:bedHasOtherStem:placements:pulseRegions:intentionalGaps:decisions:joinContracts:)' part of global actor 'MainActor'
    static func appendPivotWallpaperLoop(
                ^
    @MainActor 
/Users/pranavi/Documents/GitHub/mixr/Mixr/Models/AutoJoinEngine.swift:179:30: warning: call to main actor-isolated instance method 'pivotWindowSeconds(barSec:)' in a synchronous nonisolated context
        let loopDur = tuning.pivotWindowSeconds(barSec: barSec)
                             ^
/Users/pranavi/Documents/GitHub/mixr/Mixr/Models/AutoRemixPlan.swift:659:10: note: calls to instance method 'pivotWindowSeconds(barSec:)' from outside of its actor context are implicitly asynchronous
    func pivotWindowSeconds(barSec: Double) -> Double {
         ^
/Users/pranavi/Documents/GitHub/mixr/Mixr/Models/AutoJoinEngine.swift:156:17: note: add '@MainActor' to make static method 'appendPivotWallpaperLoop(completedPhrase:dropTimelineStart:deckATitle:deckBTitle:barSec:beatSec:tuning:grainStem:signal:incomingSongID:incomingHookStart:incomingTempoRatio:incomingSignal:incomingGrainStem:bedHasOtherStem:placements:pulseRegions:intentionalGaps:decisions:joinContracts:)' part of global actor 'MainActor'
    static func appendPivotWallpaperLoop(
                ^
    @MainActor 
/Users/pranavi/Documents/GitHub/mixr/Mixr/Models/AutoJoinEngine.swift:963:57: warning: call to main actor-isolated instance method 'makeupGain(for:)' in a synchronous nonisolated context
        if let measured = profiles[p.songID]?.loudness?.makeupGain(for: .vocals),
                                                        ^
/Users/pranavi/Documents/GitHub/mixr/Mixr/Models/AutoStemSidecar.swift:196:10: note: calls to instance method 'makeupGain(for:)' from outside of its actor context are implicitly asynchronous
    func makeupGain(for kind: AutoStemKind) -> Double? {
         ^
/Users/pranavi/Documents/GitHub/mixr/Mixr/Models/AutoJoinEngine.swift:928:25: note: add '@MainActor' to make static method 'vocalStemMakeup(placement:referenceRMS:profiles:barSec:)' part of global actor 'MainActor'
    private static func vocalStemMakeup(
                        ^
    @MainActor 

SwiftCompile normal x86_64 /Users/pranavi/Documents/GitHub/mixr/Mixr/Models/AutoJoinManifest.swift (in target 'Mixr' from project 'Mixr')
    cd /Users/pranavi/Documents/GitHub/mixr
    

SwiftCompile normal x86_64 /Users/pranavi/Documents/GitHub/mixr/Mixr/Models/AutoListenLoop.swift (in target 'Mixr' from project 'Mixr')
    cd /Users/pranavi/Documents/GitHub/mixr
    
/Users/pranavi/Documents/GitHub/mixr/Mixr/Models/AutoListenLoop.swift:58:44: warning: main actor-isolated property 'isClean' can not be referenced from a nonisolated context
        var blocksApply: Bool { !keptScore.isClean }
                                           ^
/Users/pranavi/Documents/GitHub/mixr/Mixr/Models/AutoRemixPlan.swift:447:9: note: property declared here
    var isClean: Bool {
        ^
/Users/pranavi/Documents/GitHub/mixr/Mixr/Models/AutoListenLoop.swift:70:22: warning: call to main actor-isolated operator function '<' in a synchronous nonisolated context
        if candidate < original { return true }
                     ^
/Users/pranavi/Documents/GitHub/mixr/Mixr/Models/AutoRemixPlan.swift:454:17: note: calls to operator function '<' from outside of its actor context are implicitly asynchronous
    static func < (lhs: AutoPreApplyScore, rhs: AutoPreApplyScore) -> Bool {
                ^
/Users/pranavi/Documents/GitHub/mixr/Mixr/Models/AutoListenLoop.swift:64:17: note: add '@MainActor' to make static method 'keepCandidate(original:candidate:originalResidualCount:candidateResidualCount:)' part of global actor 'MainActor'
    static func keepCandidate(
                ^
    @MainActor 
/Users/pranavi/Documents/GitHub/mixr/Mixr/Models/AutoListenLoop.swift:71:21: warning: call to main actor-isolated operator function '<' in a synchronous nonisolated context
        if original < candidate { return false }
                    ^
/Users/pranavi/Documents/GitHub/mixr/Mixr/Models/AutoRemixPlan.swift:454:17: note: calls to operator function '<' from outside of its actor context are implicitly asynchronous
    static func < (lhs: AutoPreApplyScore, rhs: AutoPreApplyScore) -> Bool {
                ^
/Users/pranavi/Documents/GitHub/mixr/Mixr/Models/AutoListenLoop.swift:64:17: note: add '@MainActor' to make static method 'keepCandidate(original:candidate:originalResidualCount:candidateResidualCount:)' part of global actor 'MainActor'
    static func keepCandidate(
                ^
    @MainActor 
/Users/pranavi/Documents/GitHub/mixr/Mixr/Models/AutoListenLoop.swift:258:17: warning: call to main actor-isolated initializer 'init()' in a synchronous nonisolated context
        var s = AutoPreApplyScore()
                ^
/Users/pranavi/Documents/GitHub/mixr/Mixr/Models/AutoRemixPlan.swift:440:8: note: calls to initializer 'init()' from outside of its actor context are implicitly asynchronous
struct AutoPreApplyScore: Sendable, Equatable, Comparable {
       ^
/Users/pranavi/Documents/GitHub/mixr/Mixr/Models/AutoListenLoop.swift:253:17: note: add '@MainActor' to make static method 'score(plan:mix:sampleRate:)' part of global actor 'MainActor'
    static func score(
                ^
    @MainActor 
/Users/pranavi/Documents/GitHub/mixr/Mixr/Models/AutoListenLoop.swift:381:43: warning: main actor-isolated property 'isClean' can not be referenced from a nonisolated autoclosure
        if first.isEmpty && originalScore.isClean {
                                          ^
/Users/pranavi/Documents/GitHub/mixr/Mixr/Models/AutoRemixPlan.swift:447:9: note: property declared here
    var isClean: Bool {
        ^
/Users/pranavi/Documents/GitHub/mixr/Mixr/Models/AutoListenLoop.swift:667:55: warning: call to main actor-isolated static method 'sanitize' in a synchronous nonisolated context
                        effects: AutoSupportedEffects.sanitize(ClipEffectSettings()),
                                                      ^
/Users/pranavi/Documents/GitHub/mixr/Mixr/Models/AutoRemixPlan.swift:709:17: note: calls to static method 'sanitize' from outside of its actor context are implicitly asynchronous
    static func sanitize(_ settings: ClipEffectSettings) -> ClipEffectSettings {
                ^
/Users/pranavi/Documents/GitHub/mixr/Mixr/Models/AutoListenLoop.swift:534:25: note: add '@MainActor' to make static method 'fillSourceSilence(plan:holes:sources:stemSources:decisions:)' part of global actor 'MainActor'
    private static func fillSourceSilence(
                        ^
    @MainActor 

SwiftCompile normal x86_64 /Users/pranavi/Documents/GitHub/mixr/Mixr/Models/AutoMashability.swift (in target 'Mixr' from project 'Mixr')
    cd /Users/pranavi/Documents/GitHub/mixr
    
/Users/pranavi/Documents/GitHub/mixr/Mixr/Models/AutoMashability.swift:30:30: warning: call to main actor-isolated instance method 'meanVocalDensity(from:to:)' in a synchronous nonisolated context
        let vocal = analysis.meanVocalDensity(from: 0, to: analysis.durationSeconds)
                             ^
/Users/pranavi/Documents/GitHub/mixr/Mixr/Models/SongAnalysis.swift:138:10: note: calls to instance method 'meanVocalDensity(from:to:)' from outside of its actor context are implicitly asynchronous
    func meanVocalDensity(from start: Double, to end: Double) -> Double {
         ^
/Users/pranavi/Documents/GitHub/mixr/Mixr/Models/AutoMashability.swift:28:17: note: add '@MainActor' to make static method 'bedScore(for:)' part of global actor 'MainActor'
    static func bedScore(for profile: AutoSongProfile) -> Double {
                ^
    @MainActor 
/Users/pranavi/Documents/GitHub/mixr/Mixr/Models/AutoMashability.swift:49:30: warning: call to main actor-isolated instance method 'meanVocalDensity(from:to:)' in a synchronous nonisolated context
        var vocal = analysis.meanVocalDensity(from: 0, to: analysis.durationSeconds)
                             ^
/Users/pranavi/Documents/GitHub/mixr/Mixr/Models/SongAnalysis.swift:138:10: note: calls to instance method 'meanVocalDensity(from:to:)' from outside of its actor context are implicitly asynchronous
    func meanVocalDensity(from start: Double, to end: Double) -> Double {
         ^
/Users/pranavi/Documents/GitHub/mixr/Mixr/Models/AutoMashability.swift:47:17: note: add '@MainActor' to make static method 'hookScore(for:)' part of global actor 'MainActor'
    static func hookScore(for profile: AutoSongProfile) -> Double {
                ^
    @MainActor 
/Users/pranavi/Documents/GitHub/mixr/Mixr/Models/AutoMashability.swift:121:36: warning: main actor-isolated property 'barSeconds' can not be referenced from a nonisolated context
        let bedBeat = bed.analysis.barSeconds / 4.0
                                   ^
/Users/pranavi/Documents/GitHub/mixr/Mixr/Models/SongAnalysis.swift:107:9: note: property declared here
    var barSeconds: Double { beatSeconds * 4 }
        ^
/Users/pranavi/Documents/GitHub/mixr/Mixr/Models/AutoMashability.swift:94:17: note: add '@MainActor' to make static method 'bestIsland(guest:bed:wantBars:targetBPM:tuning:titleEntranceOnly:)' part of global actor 'MainActor'
    static func bestIsland(
                ^
    @MainActor 
/Users/pranavi/Documents/GitHub/mixr/Mixr/Models/AutoMashability.swift:122:40: warning: main actor-isolated property 'barSeconds' can not be referenced from a nonisolated context
        let guestBeat = guest.analysis.barSeconds / 4.0
                                       ^
/Users/pranavi/Documents/GitHub/mixr/Mixr/Models/SongAnalysis.swift:107:9: note: property declared here
    var barSeconds: Double { beatSeconds * 4 }
        ^
/Users/pranavi/Documents/GitHub/mixr/Mixr/Models/AutoMashability.swift:94:17: note: add '@MainActor' to make static method 'bestIsland(guest:bed:wantBars:targetBPM:tuning:titleEntranceOnly:)' part of global actor 'MainActor'
    static func bestIsland(
                ^
    @MainActor 
/Users/pranavi/Documents/GitHub/mixr/Mixr/Models/AutoMashability.swift:129:40: warning: main actor-isolated property 'barSeconds' can not be referenced from a nonisolated context
            barSeconds: guest.analysis.barSeconds,
                                       ^
/Users/pranavi/Documents/GitHub/mixr/Mixr/Models/SongAnalysis.swift:107:9: note: property declared here
    var barSeconds: Double { beatSeconds * 4 }
        ^
/Users/pranavi/Documents/GitHub/mixr/Mixr/Models/AutoMashability.swift:94:17: note: add '@MainActor' to make static method 'bestIsland(guest:bed:wantBars:targetBPM:tuning:titleEntranceOnly:)' part of global actor 'MainActor'
    static func bestIsland(
                ^
    @MainActor 
/Users/pranavi/Documents/GitHub/mixr/Mixr/Models/AutoMashability.swift:131:83: warning: main actor-isolated property 'barSeconds' can not be referenced from a nonisolated autoclosure
            introEnd: guest.analysis.introCandidate?.endSeconds ?? guest.analysis.barSeconds * 8,
                                                                                  ^
/Users/pranavi/Documents/GitHub/mixr/Mixr/Models/SongAnalysis.swift:107:9: note: property declared here
    var barSeconds: Double { beatSeconds * 4 }
        ^
/Users/pranavi/Documents/GitHub/mixr/Mixr/Models/AutoMashability.swift:137:43: warning: main actor-isolated property 'barSeconds' can not be referenced from a nonisolated context
            let titleTol = guest.analysis.barSeconds * 1.15
                                          ^
/Users/pranavi/Documents/GitHub/mixr/Mixr/Models/SongAnalysis.swift:107:9: note: property declared here
    var barSeconds: Double { beatSeconds * 4 }
        ^
/Users/pranavi/Documents/GitHub/mixr/Mixr/Models/AutoMashability.swift:94:17: note: add '@MainActor' to make static method 'bestIsland(guest:bed:wantBars:targetBPM:tuning:titleEntranceOnly:)' part of global actor 'MainActor'
    static func bestIsland(
                ^
    @MainActor 
/Users/pranavi/Documents/GitHub/mixr/Mixr/Models/AutoMashability.swift:166:41: warning: main actor-isolated property 'durationSeconds' can not be referenced from a nonisolated context
            let gDur = min(windowSec, g.durationSeconds)
                                        ^
/Users/pranavi/Documents/GitHub/mixr/Mixr/Models/AutoSectionCatalog.swift:39:9: note: property declared here
    var durationSeconds: Double { Double(barCount) * barSeconds }
        ^
/Users/pranavi/Documents/GitHub/mixr/Mixr/Models/AutoMashability.swift:94:17: note: add '@MainActor' to make static method 'bestIsland(guest:bed:wantBars:targetBPM:tuning:titleEntranceOnly:)' part of global actor 'MainActor'
    static func bestIsland(
                ^
    @MainActor 
/Users/pranavi/Documents/GitHub/mixr/Mixr/Models/AutoMashability.swift:171:62: warning: main actor-isolated property 'durationSeconds' can not be referenced from a nonisolated context
                let maxOffsets = max(1, min(bars * 4, Int((b.durationSeconds / max(bedBeat, 0.05)).rounded())))
                                                             ^
/Users/pranavi/Documents/GitHub/mixr/Mixr/Models/AutoSectionCatalog.swift:39:9: note: property declared here
    var durationSeconds: Double { Double(barCount) * barSeconds }
        ^
/Users/pranavi/Documents/GitHub/mixr/Mixr/Models/AutoMashability.swift:94:17: note: add '@MainActor' to make static method 'bestIsland(guest:bed:wantBars:targetBPM:tuning:titleEntranceOnly:)' part of global actor 'MainActor'
    static func bestIsland(
                ^
    @MainActor 
/Users/pranavi/Documents/GitHub/mixr/Mixr/Models/AutoMashability.swift:192:93: warning: main actor-isolated property 'barSeconds' can not be referenced from a nonisolated context
                    if let guestTitleStart, abs(gStart - guestTitleStart) <= guest.analysis.barSeconds * 2 {
                                                                                            ^
/Users/pranavi/Documents/GitHub/mixr/Mixr/Models/SongAnalysis.swift:107:9: note: property declared here
    var barSeconds: Double { beatSeconds * 4 }
        ^
/Users/pranavi/Documents/GitHub/mixr/Mixr/Models/AutoMashability.swift:94:17: note: add '@MainActor' to make static method 'bestIsland(guest:bed:wantBars:targetBPM:tuning:titleEntranceOnly:)' part of global actor 'MainActor'
    static func bestIsland(
                ^
    @MainActor 
/Users/pranavi/Documents/GitHub/mixr/Mixr/Models/AutoMashability.swift:233:62: warning: main actor-isolated property 'barSeconds' can not be referenced from a nonisolated context
               abs($0 - island.guestStart) <= guest.analysis.barSeconds * 0.05
                                                             ^
/Users/pranavi/Documents/GitHub/mixr/Mixr/Models/SongAnalysis.swift:107:9: note: property declared here
    var barSeconds: Double { beatSeconds * 4 }
        ^
/Users/pranavi/Documents/GitHub/mixr/Mixr/Models/AutoMashability.swift:238:84: warning: main actor-isolated property 'barSeconds' can not be referenced from a nonisolated autoclosure
        let introEnd = guest.analysis.introCandidate?.endSeconds ?? guest.analysis.barSeconds * 8
                                                                                   ^
/Users/pranavi/Documents/GitHub/mixr/Mixr/Models/SongAnalysis.swift:107:9: note: property declared here
    var barSeconds: Double { beatSeconds * 4 }
        ^
/Users/pranavi/Documents/GitHub/mixr/Mixr/Models/AutoMashability.swift:243:43: warning: main actor-isolated property 'barSeconds' can not be referenced from a nonisolated context
               barSeconds: guest.analysis.barSeconds,
                                          ^
/Users/pranavi/Documents/GitHub/mixr/Mixr/Models/SongAnalysis.swift:107:9: note: property declared here
    var barSeconds: Double { beatSeconds * 4 }
        ^
/Users/pranavi/Documents/GitHub/mixr/Mixr/Models/AutoMashability.swift:223:17: note: add '@MainActor' to make static method 'drop1GuestStart(guest:island:)' part of global actor 'MainActor'
    static func drop1GuestStart(
                ^
    @MainActor 
/Users/pranavi/Documents/GitHub/mixr/Mixr/Models/AutoMashability.swift:267:36: warning: main actor-isolated property 'barSeconds' can not be referenced from a nonisolated context
        let bar = profile.analysis.barSeconds
                                   ^
/Users/pranavi/Documents/GitHub/mixr/Mixr/Models/SongAnalysis.swift:107:9: note: property declared here
    var barSeconds: Double { beatSeconds * 4 }
        ^
/Users/pranavi/Documents/GitHub/mixr/Mixr/Models/AutoMashability.swift:266:25: note: add '@MainActor' to make static method 'phraseSeconds(for:)' part of global actor 'MainActor'
    private static func phraseSeconds(for profile: AutoSongProfile) -> Double {
                        ^
    @MainActor 
/Users/pranavi/Documents/GitHub/mixr/Mixr/Models/AutoMashability.swift:279:64: warning: call to main actor-isolated instance method 'meanEnergy(from:to:)' in a synchronous nonisolated context
        return profile.analysis.bassDensity * profile.analysis.meanEnergy(from: from, to: to)
                                                               ^
/Users/pranavi/Documents/GitHub/mixr/Mixr/Models/SongAnalysis.swift:133:10: note: calls to instance method 'meanEnergy(from:to:)' from outside of its actor context are implicitly asynchronous
    func meanEnergy(from start: Double, to end: Double) -> Double {
         ^
/Users/pranavi/Documents/GitHub/mixr/Mixr/Models/AutoMashability.swift:274:25: note: add '@MainActor' to make static method 'sectionBass(_:from:to:)' part of global actor 'MainActor'
    private static func sectionBass(_ profile: AutoSongProfile, from: Double, to: Double) -> Double {
                        ^
    @MainActor 
/Users/pranavi/Documents/GitHub/mixr/Mixr/Models/AutoMashability.swift:303:24: warning: call to main actor-isolated instance method 'meanEnergy(from:to:)' in a synchronous nonisolated context
            let ea = a.meanEnergy(from: aStart + t, to: aStart + t + stepSec)
                       ^
/Users/pranavi/Documents/GitHub/mixr/Mixr/Models/SongAnalysis.swift:133:10: note: calls to instance method 'meanEnergy(from:to:)' from outside of its actor context are implicitly asynchronous
    func meanEnergy(from start: Double, to end: Double) -> Double {
         ^
/Users/pranavi/Documents/GitHub/mixr/Mixr/Models/AutoMashability.swift:293:25: note: add '@MainActor' to make static method 'energyCorrelation(a:aStart:b:bStart:duration:step:)' part of global actor 'MainActor'
    private static func energyCorrelation(
                        ^
    @MainActor 
/Users/pranavi/Documents/GitHub/mixr/Mixr/Models/AutoMashability.swift:304:24: warning: call to main actor-isolated instance method 'meanEnergy(from:to:)' in a synchronous nonisolated context
            let eb = b.meanEnergy(from: bStart + t, to: bStart + t + stepSec)
                       ^
/Users/pranavi/Documents/GitHub/mixr/Mixr/Models/SongAnalysis.swift:133:10: note: calls to instance method 'meanEnergy(from:to:)' from outside of its actor context are implicitly asynchronous
    func meanEnergy(from start: Double, to end: Double) -> Double {
         ^
/Users/pranavi/Documents/GitHub/mixr/Mixr/Models/AutoMashability.swift:293:25: note: add '@MainActor' to make static method 'energyCorrelation(a:aStart:b:bStart:duration:step:)' part of global actor 'MainActor'
    private static func energyCorrelation(
                        ^
    @MainActor 

SwiftCompile normal x86_64 /Users/pranavi/Documents/GitHub/mixr/Mixr/Models/AutoMasterBus.swift (in target 'Mixr' from project 'Mixr')
    cd /Users/pranavi/Documents/GitHub/mixr
    

SwiftCompile normal x86_64 /Users/pranavi/Documents/GitHub/mixr/Mixr/Models/AutoOfflineMixdown.swift (in target 'Mixr' from project 'Mixr')
    cd /Users/pranavi/Documents/GitHub/mixr
    
/Users/pranavi/Documents/GitHub/mixr/Mixr/Models/AutoOfflineMixdown.swift:200:36: warning: call to main actor-isolated static method 'masterize(channels:companions:sampleRate:targetLUFS:maxMakeupDB:maxCutDB:ceilingDB:maxSustainedDB:)' in a synchronous nonisolated context
        let master = AutoMasterBus.masterize(
                                   ^
/Users/pranavi/Documents/GitHub/mixr/Mixr/Models/AutoMasterBus.swift:277:17: note: calls to static method 'masterize(channels:companions:sampleRate:targetLUFS:maxMakeupDB:maxCutDB:ceilingDB:maxSustainedDB:)' from outside of its actor context are implicitly asynchronous
    static func masterize(
                ^
/Users/pranavi/Documents/GitHub/mixr/Mixr/Models/AutoOfflineMixdown.swift:50:17: note: add '@MainActor' to make static method 'render(plan:sources:stemSources:sampleRate:trackVolume:sfxTrackVolume:includeTail:)' part of global actor 'MainActor'
    static func render(
                ^
    @MainActor 

SwiftCompile normal x86_64 Compiling\ AutoSectionCatalog.swift,\ AutoStemSidecar.swift,\ AutoTransitionEnvelope.swift,\ ClipEffectDSP.swift,\ ClipEffects.swift,\ ClipFlanger.swift,\ MixrAudioAnalyzer.swift /Users/pranavi/Documents/GitHub/mixr/Mixr/Models/AutoSectionCatalog.swift /Users/pranavi/Documents/GitHub/mixr/Mixr/Models/AutoStemSidecar.swift /Users/pranavi/Documents/GitHub/mixr/Mixr/Models/AutoTransitionEnvelope.swift /Users/pranavi/Documents/GitHub/mixr/Mixr/Models/ClipEffectDSP.swift /Users/pranavi/Documents/GitHub/mixr/Mixr/Models/ClipEffects.swift /Users/pranavi/Documents/GitHub/mixr/Mixr/Models/ClipFlanger.swift /Users/pranavi/Documents/GitHub/mixr/Mixr/Models/MixrAudioAnalyzer.swift (in target 'Mixr' from project 'Mixr')

SwiftCompile normal x86_64 /Users/pranavi/Documents/GitHub/mixr/Mixr/Models/AutoSectionCatalog.swift (in target 'Mixr' from project 'Mixr')
    cd /Users/pranavi/Documents/GitHub/mixr
    

SwiftCompile normal x86_64 /Users/pranavi/Documents/GitHub/mixr/Mixr/Models/AutoStemSidecar.swift (in target 'Mixr' from project 'Mixr')
    cd /Users/pranavi/Documents/GitHub/mixr
    

SwiftCompile normal x86_64 /Users/pranavi/Documents/GitHub/mixr/Mixr/Models/AutoTransitionEnvelope.swift (in target 'Mixr' from project 'Mixr')
    cd /Users/pranavi/Documents/GitHub/mixr
    

SwiftCompile normal x86_64 /Users/pranavi/Documents/GitHub/mixr/Mixr/Models/ClipEffectDSP.swift (in target 'Mixr' from project 'Mixr')
    cd /Users/pranavi/Documents/GitHub/mixr
    

SwiftCompile normal x86_64 /Users/pranavi/Documents/GitHub/mixr/Mixr/Models/ClipEffects.swift (in target 'Mixr' from project 'Mixr')
    cd /Users/pranavi/Documents/GitHub/mixr
    
/Users/pranavi/Documents/GitHub/mixr/Mixr/Models/ClipEffects.swift:159:75: warning: main actor-isolated property 'centsSign' can not be referenced from a nonisolated context
        get { pitchAmount * Self.pitchFullScaleSemitones * pitchDirection.centsSign }
                                                                          ^
/Users/pranavi/Documents/GitHub/mixr/Mixr/Models/ClipEffects.swift:48:9: note: property declared here
    var centsSign: Double {
        ^

SwiftCompile normal x86_64 /Users/pranavi/Documents/GitHub/mixr/Mixr/Models/ClipFlanger.swift (in target 'Mixr' from project 'Mixr')
    cd /Users/pranavi/Documents/GitHub/mixr
    
/Users/pranavi/Documents/GitHub/mixr/Mixr/Models/ClipFlanger.swift:395:13: warning: capture of 'node' with non-Sendable type 'AVAudioUnit?' in a '@Sendable' closure
            node = unit
            ^
/Applications/Xcode.app/Contents/Developer/Platforms/iPhoneSimulator.platform/Developer/SDKs/iPhoneSimulator26.5.sdk/System/Library/Frameworks/AVFAudio.framework/Headers/AVAudioUnit.h:28:12: note: class 'AVAudioUnit' does not conform to the 'Sendable' protocol
@interface AVAudioUnit : AVAudioNode
           ^
/Users/pranavi/Documents/GitHub/mixr/Mixr/Models/ClipFlanger.swift:1:1: warning: add '@preconcurrency' to suppress 'Sendable'-related warnings from module 'AVFAudio'
import AVFoundation
^
@preconcurrency 

SwiftCompile normal x86_64 /Users/pranavi/Documents/GitHub/mixr/Mixr/Models/MixrAudioAnalyzer.swift (in target 'Mixr' from project 'Mixr')
    cd /Users/pranavi/Documents/GitHub/mixr
    

SwiftEmitModule normal x86_64 Emitting\ module\ for\ Mixr (in target 'Mixr' from project 'Mixr')

EmitSwiftModule normal x86_64 (in target 'Mixr' from project 'Mixr')
    cd /Users/pranavi/Documents/GitHub/mixr
    
/Users/pranavi/Documents/GitHub/mixr/Mixr/Models/AutoOfflineMixdown.swift:200:36: warning: call to main actor-isolated static method 'masterize(channels:companions:sampleRate:targetLUFS:maxMakeupDB:maxCutDB:ceilingDB:maxSustainedDB:)' in a synchronous nonisolated context
        let master = AutoMasterBus.masterize(
                                   ^
/Users/pranavi/Documents/GitHub/mixr/Mixr/Models/AutoMasterBus.swift:277:17: note: calls to static method 'masterize(channels:companions:sampleRate:targetLUFS:maxMakeupDB:maxCutDB:ceilingDB:maxSustainedDB:)' from outside of its actor context are implicitly asynchronous
    static func masterize(
                ^
/Users/pranavi/Documents/GitHub/mixr/Mixr/Models/AutoOfflineMixdown.swift:50:17: note: add '@MainActor' to make static method 'render(plan:sources:stemSources:sampleRate:trackVolume:sfxTrackVolume:includeTail:)' part of global actor 'MainActor'
    static func render(
                ^
    @MainActor 
/Users/pranavi/Documents/GitHub/mixr/Mixr/Models/AutoRemixPlanner.swift:898:13: warning: variable 'joinContracts' was never mutated; consider changing to 'let' constant
        var joinContracts: [AutoJoinContract] = []
        ~~~ ^
        let
/Users/pranavi/Documents/GitHub/mixr/Mixr/Models/AutoRemixPlanner.swift:900:13: warning: variable 'cutRecords' was never mutated; consider changing to 'let' constant
        var cutRecords: [AutoCutRecord] = []
        ~~~ ^
        let

SwiftCompile normal x86_64 Compiling\ SongSignalAnalysis.swift,\ SoundEffects.swift,\ TrackLibrary.swift,\ ContentView.swift,\ MixrApp.swift,\ TimelineScreen.swift,\ GeneratedAssetSymbols.swift /Users/pranavi/Documents/GitHub/mixr/Mixr/Models/SongSignalAnalysis.swift /Users/pranavi/Documents/GitHub/mixr/Mixr/Models/SoundEffects.swift /Users/pranavi/Documents/GitHub/mixr/Mixr/Models/TrackLibrary.swift /Users/pranavi/Documents/GitHub/mixr/Mixr/ContentView.swift /Users/pranavi/Documents/GitHub/mixr/Mixr/MixrApp.swift /Users/pranavi/Documents/GitHub/mixr/Mixr/TimelineScreen.swift /tmp/mixr-general-build/Build/Intermediates.noindex/Mixr.build/Debug-iphonesimulator/Mixr.build/DerivedSources/GeneratedAssetSymbols.swift (in target 'Mixr' from project 'Mixr')
SwiftCompile normal x86_64 /Users/pranavi/Documents/GitHub/mixr/Mixr/Models/SongSignalAnalysis.swift (in target 'Mixr' from project 'Mixr')
    cd /Users/pranavi/Documents/GitHub/mixr
    

SwiftCompile normal x86_64 /Users/pranavi/Documents/GitHub/mixr/Mixr/Models/SoundEffects.swift (in target 'Mixr' from project 'Mixr')
    cd /Users/pranavi/Documents/GitHub/mixr
    

SwiftCompile normal x86_64 /Users/pranavi/Documents/GitHub/mixr/Mixr/Models/TrackLibrary.swift (in target 'Mixr' from project 'Mixr')
    cd /Users/pranavi/Documents/GitHub/mixr
    

SwiftCompile normal x86_64 /Users/pranavi/Documents/GitHub/mixr/Mixr/ContentView.swift (in target 'Mixr' from project 'Mixr')
    cd /Users/pranavi/Documents/GitHub/mixr
    

SwiftCompile normal x86_64 /Users/pranavi/Documents/GitHub/mixr/Mixr/MixrApp.swift (in target 'Mixr' from project 'Mixr')
    cd /Users/pranavi/Documents/GitHub/mixr
    

SwiftCompile normal x86_64 /Users/pranavi/Documents/GitHub/mixr/Mixr/TimelineScreen.swift (in target 'Mixr' from project 'Mixr')
    cd /Users/pranavi/Documents/GitHub/mixr
    

SwiftCompile normal x86_64 /tmp/mixr-general-build/Build/Intermediates.noindex/Mixr.build/Debug-iphonesimulator/Mixr.build/DerivedSources/GeneratedAssetSymbols.swift (in target 'Mixr' from project 'Mixr')
    cd /Users/pranavi/Documents/GitHub/mixr
    

SwiftCompile normal x86_64 Compiling\ UndoRedoIconOptionsGallery.swift,\ WaveformClip.swift,\ WaveformStyle.swift,\ AutoArrangementEngine.swift,\ AutoChorusIsland.swift,\ AutoClubFlavor.swift,\ AutoClubPulse.swift,\ AutoClubTempo.swift /Users/pranavi/Documents/GitHub/mixr/Mixr/DesignSystem/UndoRedoIconOptionsGallery.swift /Users/pranavi/Documents/GitHub/mixr/Mixr/DesignSystem/WaveformClip.swift /Users/pranavi/Documents/GitHub/mixr/Mixr/DesignSystem/WaveformStyle.swift /Users/pranavi/Documents/GitHub/mixr/Mixr/Models/AutoArrangementEngine.swift /Users/pranavi/Documents/GitHub/mixr/Mixr/Models/AutoChorusIsland.swift /Users/pranavi/Documents/GitHub/mixr/Mixr/Models/AutoClubFlavor.swift /Users/pranavi/Documents/GitHub/mixr/Mixr/Models/AutoClubPulse.swift /Users/pranavi/Documents/GitHub/mixr/Mixr/Models/AutoClubTempo.swift (in target 'Mixr' from project 'Mixr')

SwiftCompile normal x86_64 /Users/pranavi/Documents/GitHub/mixr/Mixr/DesignSystem/UndoRedoIconOptionsGallery.swift (in target 'Mixr' from project 'Mixr')
    cd /Users/pranavi/Documents/GitHub/mixr
    

SwiftCompile normal x86_64 /Users/pranavi/Documents/GitHub/mixr/Mixr/DesignSystem/WaveformClip.swift (in target 'Mixr' from project 'Mixr')
    cd /Users/pranavi/Documents/GitHub/mixr
    

SwiftCompile normal x86_64 /Users/pranavi/Documents/GitHub/mixr/Mixr/DesignSystem/WaveformStyle.swift (in target 'Mixr' from project 'Mixr')
    cd /Users/pranavi/Documents/GitHub/mixr
    

SwiftCompile normal x86_64 /Users/pranavi/Documents/GitHub/mixr/Mixr/Models/AutoArrangementEngine.swift (in target 'Mixr' from project 'Mixr')
    cd /Users/pranavi/Documents/GitHub/mixr
    

SwiftCompile normal x86_64 /Users/pranavi/Documents/GitHub/mixr/Mixr/Models/AutoChorusIsland.swift (in target 'Mixr' from project 'Mixr')
    cd /Users/pranavi/Documents/GitHub/mixr
    
/Users/pranavi/Documents/GitHub/mixr/Mixr/Models/AutoChorusIsland.swift:150:34: warning: main actor-isolated property 'hasVocals' can not be referenced from a nonisolated context
        let stem = profile.stems.hasVocals ? "stem=vocals" : "stem=none"
                                 ^
/Users/pranavi/Documents/GitHub/mixr/Mixr/Models/AutoStemSidecar.swift:38:9: note: property declared here
    var hasVocals: Bool { vocals != nil }
        ^
/Users/pranavi/Documents/GitHub/mixr/Mixr/Models/AutoChorusIsland.swift:135:17: note: add '@MainActor' to make static method 'bedHookDecisionDump(profile:measured:chosenStart:)' part of global actor 'MainActor'
    static func bedHookDecisionDump(
                ^
    @MainActor 

SwiftCompile normal x86_64 /Users/pranavi/Documents/GitHub/mixr/Mixr/Models/AutoClubFlavor.swift (in target 'Mixr' from project 'Mixr')
    cd /Users/pranavi/Documents/GitHub/mixr
    
/Users/pranavi/Documents/GitHub/mixr/Mixr/Models/AutoClubFlavor.swift:149:19: warning: call to main actor-isolated initializer 'init(seed:)' in a synchronous nonisolated context
        var rng = AutoRandom(seed: seed ^ 0xC1B_F1A7)
                  ^
/Users/pranavi/Documents/GitHub/mixr/Mixr/Models/AutoRemixPlan.swift:724:5: note: calls to initializer 'init(seed:)' from outside of its actor context are implicitly asynchronous
    init(seed: UInt64) {
    ^
/Users/pranavi/Documents/GitHub/mixr/Mixr/Models/AutoClubFlavor.swift:117:17: note: add '@MainActor' to make static method 'choose(drumStrength:bassDensity:vocalDensity:bpm:seed:)' part of global actor 'MainActor'
    static func choose(
                ^
    @MainActor 
/Users/pranavi/Documents/GitHub/mixr/Mixr/Models/AutoClubFlavor.swift:151:27: warning: call to main actor-isolated instance method 'next()' in a synchronous nonisolated context
        let idx = Int(rng.next() % UInt64(hypePool.count))
                          ^
/Users/pranavi/Documents/GitHub/mixr/Mixr/Models/AutoRemixPlan.swift:728:19: note: calls to instance method 'next()' from outside of its actor context are implicitly asynchronous
    mutating func next() -> UInt64 {
                  ^
/Users/pranavi/Documents/GitHub/mixr/Mixr/Models/AutoClubFlavor.swift:117:17: note: add '@MainActor' to make static method 'choose(drumStrength:bassDensity:vocalDensity:bpm:seed:)' part of global actor 'MainActor'
    static func choose(
                ^
    @MainActor 

SwiftCompile normal x86_64 /Users/pranavi/Documents/GitHub/mixr/Mixr/Models/AutoClubPulse.swift (in target 'Mixr' from project 'Mixr')
    cd /Users/pranavi/Documents/GitHub/mixr
    

SwiftCompile normal x86_64 /Users/pranavi/Documents/GitHub/mixr/Mixr/Models/AutoClubTempo.swift (in target 'Mixr' from project 'Mixr')
    cd /Users/pranavi/Documents/GitHub/mixr
    

SwiftCompile normal x86_64 Compiling\ PartyModeTokens.swift,\ PartyModeTraceShapes.swift,\ PartyModeVisualQACapture.swift,\ ProjectDropdown.swift,\ SFXComponents.swift,\ SFXIconBoxRenderingProfile.swift,\ SFXIconOptionsGallery.swift,\ TLVolumeSlider.swift /Users/pranavi/Documents/GitHub/mixr/Mixr/DesignSystem/PartyModeTokens.swift /Users/pranavi/Documents/GitHub/mixr/Mixr/DesignSystem/PartyModeTraceShapes.swift /Users/pranavi/Documents/GitHub/mixr/Mixr/DesignSystem/PartyModeVisualQACapture.swift /Users/pranavi/Documents/GitHub/mixr/Mixr/DesignSystem/ProjectDropdown.swift /Users/pranavi/Documents/GitHub/mixr/Mixr/DesignSystem/SFXComponents.swift /Users/pranavi/Documents/GitHub/mixr/Mixr/DesignSystem/SFXIconBoxRenderingProfile.swift /Users/pranavi/Documents/GitHub/mixr/Mixr/DesignSystem/SFXIconOptionsGallery.swift /Users/pranavi/Documents/GitHub/mixr/Mixr/DesignSystem/TLVolumeSlider.swift (in target 'Mixr' from project 'Mixr')

SwiftCompile normal x86_64 /Users/pranavi/Documents/GitHub/mixr/Mixr/DesignSystem/PartyModeTokens.swift (in target 'Mixr' from project 'Mixr')
    cd /Users/pranavi/Documents/GitHub/mixr
    

SwiftCompile normal x86_64 /Users/pranavi/Documents/GitHub/mixr/Mixr/DesignSystem/PartyModeTraceShapes.swift (in target 'Mixr' from project 'Mixr')
    cd /Users/pranavi/Documents/GitHub/mixr
    

SwiftCompile normal x86_64 /Users/pranavi/Documents/GitHub/mixr/Mixr/DesignSystem/PartyModeVisualQACapture.swift (in target 'Mixr' from project 'Mixr')
    cd /Users/pranavi/Documents/GitHub/mixr
    

SwiftCompile normal x86_64 /Users/pranavi/Documents/GitHub/mixr/Mixr/DesignSystem/ProjectDropdown.swift (in target 'Mixr' from project 'Mixr')
    cd /Users/pranavi/Documents/GitHub/mixr
    

SwiftCompile normal x86_64 /Users/pranavi/Documents/GitHub/mixr/Mixr/DesignSystem/SFXComponents.swift (in target 'Mixr' from project 'Mixr')
    cd /Users/pranavi/Documents/GitHub/mixr
    

SwiftCompile normal x86_64 /Users/pranavi/Documents/GitHub/mixr/Mixr/DesignSystem/SFXIconBoxRenderingProfile.swift (in target 'Mixr' from project 'Mixr')
    cd /Users/pranavi/Documents/GitHub/mixr
    

SwiftCompile normal x86_64 /Users/pranavi/Documents/GitHub/mixr/Mixr/DesignSystem/SFXIconOptionsGallery.swift (in target 'Mixr' from project 'Mixr')
    cd /Users/pranavi/Documents/GitHub/mixr
    

SwiftCompile normal x86_64 /Users/pranavi/Documents/GitHub/mixr/Mixr/DesignSystem/TLVolumeSlider.swift (in target 'Mixr' from project 'Mixr')
    cd /Users/pranavi/Documents/GitHub/mixr
    

SwiftCompile normal x86_64 Compiling\ MixrExportRenderer.swift,\ MixrPlaybackEngine.swift,\ MixrTimeline.swift,\ MixrTrack.swift,\ ProjectStore.swift,\ SFXSynthesizer.swift,\ SongAnalysis.swift /Users/pranavi/Documents/GitHub/mixr/Mixr/Models/MixrExportRenderer.swift /Users/pranavi/Documents/GitHub/mixr/Mixr/Models/MixrPlaybackEngine.swift /Users/pranavi/Documents/GitHub/mixr/Mixr/Models/MixrTimeline.swift /Users/pranavi/Documents/GitHub/mixr/Mixr/Models/MixrTrack.swift /Users/pranavi/Documents/GitHub/mixr/Mixr/Models/ProjectStore.swift /Users/pranavi/Documents/GitHub/mixr/Mixr/Models/SFXSynthesizer.swift /Users/pranavi/Documents/GitHub/mixr/Mixr/Models/SongAnalysis.swift (in target 'Mixr' from project 'Mixr')

SwiftCompile normal x86_64 /Users/pranavi/Documents/GitHub/mixr/Mixr/Models/MixrExportRenderer.swift (in target 'Mixr' from project 'Mixr')
    cd /Users/pranavi/Documents/GitHub/mixr
    
/Users/pranavi/Documents/GitHub/mixr/Mixr/Models/MixrExportRenderer.swift:314:36: warning: call to main actor-isolated static method 'masterize(channels:companions:sampleRate:targetLUFS:maxMakeupDB:maxCutDB:ceilingDB:maxSustainedDB:)' in a synchronous nonisolated context
        let master = AutoMasterBus.masterize(channels: collected, sampleRate: outputSR)
                                   ^
/Users/pranavi/Documents/GitHub/mixr/Mixr/Models/AutoMasterBus.swift:277:17: note: calls to static method 'masterize(channels:companions:sampleRate:targetLUFS:maxMakeupDB:maxCutDB:ceilingDB:maxSustainedDB:)' from outside of its actor context are implicitly asynchronous
    static func masterize(
                ^
/Users/pranavi/Documents/GitHub/mixr/Mixr/Models/MixrExportRenderer.swift:82:17: note: add '@MainActor' to make static method 'export(tracks:projectName:projectBPM:auditURL:progress:)' part of global actor 'MainActor'
    static func export(
                ^
    @MainActor 
/Users/pranavi/Documents/GitHub/mixr/Mixr/Models/MixrExportRenderer.swift:318:25: warning: main actor-isolated conformance of 'AutoMasterBus.ReductionAudit' to 'Encodable' cannot be used in nonisolated context; this is an error in the Swift 6 language mode
            try encoder.encode(master.reductionAudit).write(to: auditURL, options: .atomic)
                        ^
/Users/pranavi/Documents/GitHub/mixr/Mixr/Models/MixrExportRenderer.swift:484:36: warning: main actor-isolated conformance of 'MixrClip' to 'Equatable' cannot be used in nonisolated context; this is an error in the Swift 6 language mode
                    if effectsClip == nil || clip.start > effectsClip!.start {
                                   ^

SwiftCompile normal x86_64 /Users/pranavi/Documents/GitHub/mixr/Mixr/Models/MixrPlaybackEngine.swift (in target 'Mixr' from project 'Mixr')
    cd /Users/pranavi/Documents/GitHub/mixr
    

SwiftCompile normal x86_64 /Users/pranavi/Documents/GitHub/mixr/Mixr/Models/MixrTimeline.swift (in target 'Mixr' from project 'Mixr')
    cd /Users/pranavi/Documents/GitHub/mixr
    
/Users/pranavi/Documents/GitHub/mixr/Mixr/Models/MixrTimeline.swift:178:13: warning: initialization of immutable value 'movingEnd' was never used; consider replacing with assignment to '_' or removing it
        let movingEnd = clampedStart + movingClip.length
        ~~~~^~~~~~~~~
        _
/Users/pranavi/Documents/GitHub/mixr/Mixr/Models/MixrTimeline.swift:243:17: warning: call to main actor-isolated initializer 'init(id:clipID:start:length:opacity:isSourceGhost:neighborShiftPx:)' in a synchronous nonisolated context
                ClipRenderFrame(clipID: $0.id, start: $0.start, length: $0.length)
                ^
/Users/pranavi/Documents/GitHub/mixr/Mixr/Models/MixrTimeline.swift:32:5: note: calls to initializer 'init(id:clipID:start:length:opacity:isSourceGhost:neighborShiftPx:)' from outside of its actor context are implicitly asynchronous
    init(
    ^
/Users/pranavi/Documents/GitHub/mixr/Mixr/Models/MixrTimeline.swift:257:23: warning: call to main actor-isolated initializer 'init(id:clipID:start:length:opacity:isSourceGhost:neighborShiftPx:)' in a synchronous nonisolated context
        frames.append(ClipRenderFrame(
                      ^
/Users/pranavi/Documents/GitHub/mixr/Mixr/Models/MixrTimeline.swift:32:5: note: calls to initializer 'init(id:clipID:start:length:opacity:isSourceGhost:neighborShiftPx:)' from outside of its actor context are implicitly asynchronous
    init(
    ^
/Users/pranavi/Documents/GitHub/mixr/Mixr/Models/MixrTimeline.swift:282:31: warning: call to main actor-isolated initializer 'init(id:clipID:start:length:opacity:isSourceGhost:neighborShiftPx:)' in a synchronous nonisolated context
                frames.append(ClipRenderFrame(
                              ^
/Users/pranavi/Documents/GitHub/mixr/Mixr/Models/MixrTimeline.swift:32:5: note: calls to initializer 'init(id:clipID:start:length:opacity:isSourceGhost:neighborShiftPx:)' from outside of its actor context are implicitly asynchronous
    init(
    ^
/Users/pranavi/Documents/GitHub/mixr/Mixr/Models/MixrTimeline.swift:289:31: warning: call to main actor-isolated initializer 'init(id:clipID:start:length:opacity:isSourceGhost:neighborShiftPx:)' in a synchronous nonisolated context
                frames.append(ClipRenderFrame(
                              ^
/Users/pranavi/Documents/GitHub/mixr/Mixr/Models/MixrTimeline.swift:32:5: note: calls to initializer 'init(id:clipID:start:length:opacity:isSourceGhost:neighborShiftPx:)' from outside of its actor context are implicitly asynchronous
    init(
    ^
/Users/pranavi/Documents/GitHub/mixr/Mixr/Models/MixrTimeline.swift:297:31: warning: call to main actor-isolated initializer 'init(id:clipID:start:length:opacity:isSourceGhost:neighborShiftPx:)' in a synchronous nonisolated context
                frames.append(ClipRenderFrame(
                              ^
/Users/pranavi/Documents/GitHub/mixr/Mixr/Models/MixrTimeline.swift:32:5: note: calls to initializer 'init(id:clipID:start:length:opacity:isSourceGhost:neighborShiftPx:)' from outside of its actor context are implicitly asynchronous
    init(
    ^

SwiftCompile normal x86_64 /Users/pranavi/Documents/GitHub/mixr/Mixr/Models/MixrTrack.swift (in target 'Mixr' from project 'Mixr')
    cd /Users/pranavi/Documents/GitHub/mixr
    

SwiftCompile normal x86_64 /Users/pranavi/Documents/GitHub/mixr/Mixr/Models/ProjectStore.swift (in target 'Mixr' from project 'Mixr')
    cd /Users/pranavi/Documents/GitHub/mixr
    

SwiftCompile normal x86_64 /Users/pranavi/Documents/GitHub/mixr/Mixr/Models/SFXSynthesizer.swift (in target 'Mixr' from project 'Mixr')
    cd /Users/pranavi/Documents/GitHub/mixr
    

SwiftCompile normal x86_64 /Users/pranavi/Documents/GitHub/mixr/Mixr/Models/SongAnalysis.swift (in target 'Mixr' from project 'Mixr')
    cd /Users/pranavi/Documents/GitHub/mixr
    

SwiftCompile normal x86_64 Compiling\ EditorPointerScrollBridge.swift,\ EffectCard.swift,\ EffectControlTray.swift,\ GlassCardModifier.swift,\ MixrAlertChrome.swift,\ MixrButtonStyles.swift,\ MixrColors.swift,\ MixrSongColorChip.swift /Users/pranavi/Documents/GitHub/mixr/Mixr/DesignSystem/EditorPointerScrollBridge.swift /Users/pranavi/Documents/GitHub/mixr/Mixr/DesignSystem/EffectCard.swift /Users/pranavi/Documents/GitHub/mixr/Mixr/DesignSystem/EffectControlTray.swift /Users/pranavi/Documents/GitHub/mixr/Mixr/DesignSystem/GlassCardModifier.swift /Users/pranavi/Documents/GitHub/mixr/Mixr/DesignSystem/MixrAlertChrome.swift /Users/pranavi/Documents/GitHub/mixr/Mixr/DesignSystem/MixrButtonStyles.swift /Users/pranavi/Documents/GitHub/mixr/Mixr/DesignSystem/MixrColors.swift /Users/pranavi/Documents/GitHub/mixr/Mixr/DesignSystem/MixrSongColorChip.swift (in target 'Mixr' from project 'Mixr')

SwiftCompile normal x86_64 /Users/pranavi/Documents/GitHub/mixr/Mixr/DesignSystem/EditorPointerScrollBridge.swift (in target 'Mixr' from project 'Mixr')
    cd /Users/pranavi/Documents/GitHub/mixr
    

SwiftCompile normal x86_64 /Users/pranavi/Documents/GitHub/mixr/Mixr/DesignSystem/EffectCard.swift (in target 'Mixr' from project 'Mixr')
    cd /Users/pranavi/Documents/GitHub/mixr
    

SwiftCompile normal x86_64 /Users/pranavi/Documents/GitHub/mixr/Mixr/DesignSystem/EffectControlTray.swift (in target 'Mixr' from project 'Mixr')
    cd /Users/pranavi/Documents/GitHub/mixr
    

SwiftCompile normal x86_64 /Users/pranavi/Documents/GitHub/mixr/Mixr/DesignSystem/GlassCardModifier.swift (in target 'Mixr' from project 'Mixr')
    cd /Users/pranavi/Documents/GitHub/mixr
    

SwiftCompile normal x86_64 /Users/pranavi/Documents/GitHub/mixr/Mixr/DesignSystem/MixrAlertChrome.swift (in target 'Mixr' from project 'Mixr')
    cd /Users/pranavi/Documents/GitHub/mixr
    

SwiftCompile normal x86_64 /Users/pranavi/Documents/GitHub/mixr/Mixr/DesignSystem/MixrButtonStyles.swift (in target 'Mixr' from project 'Mixr')
    cd /Users/pranavi/Documents/GitHub/mixr
    

SwiftCompile normal x86_64 /Users/pranavi/Documents/GitHub/mixr/Mixr/DesignSystem/MixrColors.swift (in target 'Mixr' from project 'Mixr')
    cd /Users/pranavi/Documents/GitHub/mixr
    

SwiftCompile normal x86_64 /Users/pranavi/Documents/GitHub/mixr/Mixr/DesignSystem/MixrSongColorChip.swift (in target 'Mixr' from project 'Mixr')
    cd /Users/pranavi/Documents/GitHub/mixr
    

SwiftCompile normal x86_64 Compiling\ AppAppearanceState.swift,\ AutoRemixSummarySheet.swift,\ AutoScopeDialog.swift,\ ClipEditingUI.swift,\ DesignSystemPreviewView.swift,\ DesignTokens.swift,\ EditorChrome.swift,\ EditorLayoutMetrics.swift /Users/pranavi/Documents/GitHub/mixr/Mixr/DesignSystem/AppAppearanceState.swift /Users/pranavi/Documents/GitHub/mixr/Mixr/DesignSystem/AutoRemixSummarySheet.swift /Users/pranavi/Documents/GitHub/mixr/Mixr/DesignSystem/AutoScopeDialog.swift /Users/pranavi/Documents/GitHub/mixr/Mixr/DesignSystem/ClipEditingUI.swift /Users/pranavi/Documents/GitHub/mixr/Mixr/DesignSystem/DesignSystemPreviewView.swift /Users/pranavi/Documents/GitHub/mixr/Mixr/DesignSystem/DesignTokens.swift /Users/pranavi/Documents/GitHub/mixr/Mixr/DesignSystem/EditorChrome.swift /Users/pranavi/Documents/GitHub/mixr/Mixr/DesignSystem/EditorLayoutMetrics.swift (in target 'Mixr' from project 'Mixr')

SwiftCompile normal x86_64 /Users/pranavi/Documents/GitHub/mixr/Mixr/DesignSystem/AppAppearanceState.swift (in target 'Mixr' from project 'Mixr')
    cd /Users/pranavi/Documents/GitHub/mixr
    

SwiftCompile normal x86_64 /Users/pranavi/Documents/GitHub/mixr/Mixr/DesignSystem/AutoRemixSummarySheet.swift (in target 'Mixr' from project 'Mixr')
    cd /Users/pranavi/Documents/GitHub/mixr
    

SwiftCompile normal x86_64 /Users/pranavi/Documents/GitHub/mixr/Mixr/DesignSystem/AutoScopeDialog.swift (in target 'Mixr' from project 'Mixr')
    cd /Users/pranavi/Documents/GitHub/mixr
    

SwiftCompile normal x86_64 /Users/pranavi/Documents/GitHub/mixr/Mixr/DesignSystem/ClipEditingUI.swift (in target 'Mixr' from project 'Mixr')
    cd /Users/pranavi/Documents/GitHub/mixr
    

SwiftCompile normal x86_64 /Users/pranavi/Documents/GitHub/mixr/Mixr/DesignSystem/DesignSystemPreviewView.swift (in target 'Mixr' from project 'Mixr')
    cd /Users/pranavi/Documents/GitHub/mixr
    

SwiftCompile normal x86_64 /Users/pranavi/Documents/GitHub/mixr/Mixr/DesignSystem/DesignTokens.swift (in target 'Mixr' from project 'Mixr')
    cd /Users/pranavi/Documents/GitHub/mixr
    

SwiftCompile normal x86_64 /Users/pranavi/Documents/GitHub/mixr/Mixr/DesignSystem/EditorChrome.swift (in target 'Mixr' from project 'Mixr')
    cd /Users/pranavi/Documents/GitHub/mixr
    

SwiftCompile normal x86_64 /Users/pranavi/Documents/GitHub/mixr/Mixr/DesignSystem/EditorLayoutMetrics.swift (in target 'Mixr' from project 'Mixr')
    cd /Users/pranavi/Documents/GitHub/mixr
    
/Users/pranavi/Documents/GitHub/mixr/Mixr/DesignSystem/EditorLayoutMetrics.swift:475:13: warning: initialization of immutable value 'contentScale' was never used; consider replacing with assignment to '_' or removing it
        let contentScale = min(
        ~~~~^~~~~~~~~~~~
        _

SwiftExplicitDependencyGeneratePcm arm64 /tmp/mixr-general-build/ModuleCache.noindex/SwiftUI-H8KZQR49TGASOEICXWWZJ1A5.pcm

SwiftDriverJobDiscovery normal x86_64 Emitting module for Mixr (in target 'Mixr' from project 'Mixr')

SwiftDriver\ Compilation\ Requirements Mixr normal x86_64 com.apple.xcode.tools.swift.compiler (in target 'Mixr' from project 'Mixr')
    cd /Users/pranavi/Documents/GitHub/mixr
    builtin-Swift-Compilation-Requirements -- /Applications/Xcode.app/Contents/Developer/Toolchains/XcodeDefault.xctoolchain/usr/bin/swiftc -module-name Mixr -Onone @/tmp/mixr-general-build/Build/Intermediates.noindex/Mixr.build/Debug-iphonesimulator/Mixr.build/Objects-normal/x86_64/Mixr.SwiftFileList -DDEBUG -default-isolation\=MainActor -enable-bare-slash-regex -enable-upcoming-feature DisableOutwardActorInference -enable-upcoming-feature InferSendableFromCaptures -enable-upcoming-feature GlobalActorIsolatedTypesUsability -enable-upcoming-feature MemberImportVisibility -enable-upcoming-feature InferIsolatedConformances -enable-upcoming-feature NonisolatedNonsendingByDefault -enable-experimental-feature DebugDescriptionMacro -sdk /Applications/Xcode.app/Contents/Developer/Platforms/iPhoneSimulator.platform/Developer/SDKs/iPhoneSimulator26.5.sdk -target x86_64-apple-ios26.5-simulator -g -module-cache-path /tmp/mixr-general-build/ModuleCache.noindex -Xfrontend -serialize-debugging-options -enable-testing -index-store-path /tmp/mixr-general-build/Index.noindex/DataStore -Xcc -D_LIBCPP_HARDENING_MODE\=_LIBCPP_HARDENING_MODE_DEBUG -swift-version 5 -I /tmp/mixr-general-build/Build/Products/Debug-iphonesimulator -F /tmp/mixr-general-build/Build/Products/Debug-iphonesimulator -emit-localized-strings -emit-localized-strings-path /tmp/mixr-general-build/Build/Intermediates.noindex/Mixr.build/Debug-iphonesimulator/Mixr.build/Objects-normal/x86_64 -c -j10 -enable-batch-mode -incremental -Xcc -ivfsstatcache -Xcc /tmp/mixr-general-build/SDKStatCaches.noindex/iphonesimulator26.5-23F81a-6cfe768891a92b912361537c460fe42b.sdkstatcache -output-file-map /tmp/mixr-general-build/Build/Intermediates.noindex/Mixr.build/Debug-iphonesimulator/Mixr.build/Objects-normal/x86_64/Mixr-OutputFileMap.json -use-frontend-parseable-output -save-temps -no-color-diagnostics -explicit-module-build -module-cache-path /tmp/mixr-general-build/Build/Intermediates.noindex/SwiftExplicitPrecompiledModules -clang-scanner-module-cache-path /tmp/mixr-general-build/ModuleCache.noindex -sdk-module-cache-path /tmp/mixr-general-build/ModuleCache.noindex -serialize-diagnostics -emit-dependencies -emit-module -emit-module-path /tmp/mixr-general-build/Build/Intermediates.noindex/Mixr.build/Debug-iphonesimulator/Mixr.build/Objects-normal/x86_64/Mixr.swiftmodule -validate-clang-modules-once -clang-build-session-file /tmp/mixr-general-build/ModuleCache.noindex/Session.modulevalidation -Xcc -I/tmp/mixr-general-build/Build/Intermediates.noindex/Mixr.build/Debug-iphonesimulator/Mixr.build/swift-overrides.hmap -emit-const-values -Xfrontend -const-gather-protocols-file -Xfrontend /tmp/mixr-general-build/Build/Intermediates.noindex/Mixr.build/Debug-iphonesimulator/Mixr.build/Objects-normal/x86_64/Mixr_const_extract_protocols.json -Xcc -iquote -Xcc /tmp/mixr-general-build/Build/Intermediates.noindex/Mixr.build/Debug-iphonesimulator/Mixr.build/Mixr-generated-files.hmap -Xcc -I/tmp/mixr-general-build/Build/Intermediates.noindex/Mixr.build/Debug-iphonesimulator/Mixr.build/Mixr-own-target-headers.hmap -Xcc -I/tmp/mixr-general-build/Build/Intermediates.noindex/Mixr.build/Debug-iphonesimulator/Mixr.build/Mixr-all-target-headers.hmap -Xcc -iquote -Xcc /tmp/mixr-general-build/Build/Intermediates.noindex/Mixr.build/Debug-iphonesimulator/Mixr.build/Mixr-project-headers.hmap -Xcc -I/tmp/mixr-general-build/Build/Products/Debug-iphonesimulator/include -Xcc -I/tmp/mixr-general-build/Build/Intermediates.noindex/Mixr.build/Debug-iphonesimulator/Mixr.build/DerivedSources-normal/x86_64 -Xcc -I/tmp/mixr-general-build/Build/Intermediates.noindex/Mixr.build/Debug-iphonesimulator/Mixr.build/DerivedSources/x86_64 -Xcc -I/tmp/mixr-general-build/Build/Intermediates.noindex/Mixr.build/Debug-iphonesimulator/Mixr.build/DerivedSources -Xcc -DDEBUG\=1 -emit-objc-header -emit-objc-header-path /tmp/mixr-general-build/Build/Intermediates.noindex/Mixr.build/Debug-iphonesimulator/Mixr.build/Objects-normal/x86_64/Mixr-Swift.h -working-directory /Users/pranavi/Documents/GitHub/mixr -experimental-emit-module-separately -disable-cmo

SwiftEmitModule normal arm64 Emitting\ module\ for\ Mixr (in target 'Mixr' from project 'Mixr')

EmitSwiftModule normal arm64 (in target 'Mixr' from project 'Mixr')
    cd /Users/pranavi/Documents/GitHub/mixr
    
/Users/pranavi/Documents/GitHub/mixr/Mixr/Models/AutoOfflineMixdown.swift:200:36: warning: call to main actor-isolated static method 'masterize(channels:companions:sampleRate:targetLUFS:maxMakeupDB:maxCutDB:ceilingDB:maxSustainedDB:)' in a synchronous nonisolated context
        let master = AutoMasterBus.masterize(
                                   ^
/Users/pranavi/Documents/GitHub/mixr/Mixr/Models/AutoMasterBus.swift:277:17: note: calls to static method 'masterize(channels:companions:sampleRate:targetLUFS:maxMakeupDB:maxCutDB:ceilingDB:maxSustainedDB:)' from outside of its actor context are implicitly asynchronous
    static func masterize(
                ^
/Users/pranavi/Documents/GitHub/mixr/Mixr/Models/AutoOfflineMixdown.swift:50:17: note: add '@MainActor' to make static method 'render(plan:sources:stemSources:sampleRate:trackVolume:sfxTrackVolume:includeTail:)' part of global actor 'MainActor'
    static func render(
                ^
    @MainActor 
/Users/pranavi/Documents/GitHub/mixr/Mixr/Models/AutoRemixPlanner.swift:898:13: warning: variable 'joinContracts' was never mutated; consider changing to 'let' constant
        var joinContracts: [AutoJoinContract] = []
        ~~~ ^
        let
/Users/pranavi/Documents/GitHub/mixr/Mixr/Models/AutoRemixPlanner.swift:900:13: warning: variable 'cutRecords' was never mutated; consider changing to 'let' constant
        var cutRecords: [AutoCutRecord] = []
        ~~~ ^
        let

SwiftDriverJobDiscovery normal x86_64 Compiling AutoCompatibility.swift, AutoGainPolicy.swift, AutoJoinEngine.swift, AutoJoinManifest.swift, AutoListenLoop.swift, AutoMashability.swift, AutoMasterBus.swift, AutoOfflineMixdown.swift (in target 'Mixr' from project 'Mixr')

Copy /tmp/mixr-general-build/Build/Products/Debug-iphonesimulator/Mixr.swiftmodule/x86_64-apple-ios-simulator.swiftmodule /tmp/mixr-general-build/Build/Intermediates.noindex/Mixr.build/Debug-iphonesimulator/Mixr.build/Objects-normal/x86_64/Mixr.swiftmodule (in target 'Mixr' from project 'Mixr')
    cd /Users/pranavi/Documents/GitHub/mixr
    builtin-copy -exclude .DS_Store -exclude CVS -exclude .svn -exclude .git -exclude .hg -resolve-src-symlinks -rename /tmp/mixr-general-build/Build/Intermediates.noindex/Mixr.build/Debug-iphonesimulator/Mixr.build/Objects-normal/x86_64/Mixr.swiftmodule /tmp/mixr-general-build/Build/Products/Debug-iphonesimulator/Mixr.swiftmodule/x86_64-apple-ios-simulator.swiftmodule

Copy /tmp/mixr-general-build/Build/Products/Debug-iphonesimulator/Mixr.swiftmodule/x86_64-apple-ios-simulator.swiftdoc /tmp/mixr-general-build/Build/Intermediates.noindex/Mixr.build/Debug-iphonesimulator/Mixr.build/Objects-normal/x86_64/Mixr.swiftdoc (in target 'Mixr' from project 'Mixr')
    cd /Users/pranavi/Documents/GitHub/mixr
    builtin-copy -exclude .DS_Store -exclude CVS -exclude .svn -exclude .git -exclude .hg -resolve-src-symlinks -rename /tmp/mixr-general-build/Build/Intermediates.noindex/Mixr.build/Debug-iphonesimulator/Mixr.build/Objects-normal/x86_64/Mixr.swiftdoc /tmp/mixr-general-build/Build/Products/Debug-iphonesimulator/Mixr.swiftmodule/x86_64-apple-ios-simulator.swiftdoc

Copy /tmp/mixr-general-build/Build/Products/Debug-iphonesimulator/Mixr.swiftmodule/x86_64-apple-ios-simulator.abi.json /tmp/mixr-general-build/Build/Intermediates.noindex/Mixr.build/Debug-iphonesimulator/Mixr.build/Objects-normal/x86_64/Mixr.abi.json (in target 'Mixr' from project 'Mixr')
    cd /Users/pranavi/Documents/GitHub/mixr
    builtin-copy -exclude .DS_Store -exclude CVS -exclude .svn -exclude .git -exclude .hg -resolve-src-symlinks -rename /tmp/mixr-general-build/Build/Intermediates.noindex/Mixr.build/Debug-iphonesimulator/Mixr.build/Objects-normal/x86_64/Mixr.abi.json /tmp/mixr-general-build/Build/Products/Debug-iphonesimulator/Mixr.swiftmodule/x86_64-apple-ios-simulator.abi.json

Copy /tmp/mixr-general-build/Build/Products/Debug-iphonesimulator/Mixr.swiftmodule/Project/x86_64-apple-ios-simulator.swiftsourceinfo /tmp/mixr-general-build/Build/Intermediates.noindex/Mixr.build/Debug-iphonesimulator/Mixr.build/Objects-normal/x86_64/Mixr.swiftsourceinfo (in target 'Mixr' from project 'Mixr')
    cd /Users/pranavi/Documents/GitHub/mixr
    builtin-copy -exclude .DS_Store -exclude CVS -exclude .svn -exclude .git -exclude .hg -resolve-src-symlinks -rename /tmp/mixr-general-build/Build/Intermediates.noindex/Mixr.build/Debug-iphonesimulator/Mixr.build/Objects-normal/x86_64/Mixr.swiftsourceinfo /tmp/mixr-general-build/Build/Products/Debug-iphonesimulator/Mixr.swiftmodule/Project/x86_64-apple-ios-simulator.swiftsourceinfo

SwiftCompile normal arm64 Compiling\ MixrTrackRowBackground.swift,\ MixrTypography.swift,\ PartyModeAnimationHost.swift,\ PartyModeBorderModifier.swift,\ PartyModeButtonStyles.swift,\ PartyModeMainChromeOverlay.swift,\ PartyModeMainPanelRow.swift,\ PartyModeRenderState.swift /Users/pranavi/Documents/GitHub/mixr/Mixr/DesignSystem/MixrTrackRowBackground.swift /Users/pranavi/Documents/GitHub/mixr/Mixr/DesignSystem/MixrTypography.swift /Users/pranavi/Documents/GitHub/mixr/Mixr/DesignSystem/PartyModeAnimationHost.swift /Users/pranavi/Documents/GitHub/mixr/Mixr/DesignSystem/PartyModeBorderModifier.swift /Users/pranavi/Documents/GitHub/mixr/Mixr/DesignSystem/PartyModeButtonStyles.swift /Users/pranavi/Documents/GitHub/mixr/Mixr/DesignSystem/PartyModeMainChromeOverlay.swift /Users/pranavi/Documents/GitHub/mixr/Mixr/DesignSystem/PartyModeMainPanelRow.swift /Users/pranavi/Documents/GitHub/mixr/Mixr/DesignSystem/PartyModeRenderState.swift (in target 'Mixr' from project 'Mixr')

SwiftCompile normal arm64 /Users/pranavi/Documents/GitHub/mixr/Mixr/DesignSystem/MixrTrackRowBackground.swift (in target 'Mixr' from project 'Mixr')
    cd /Users/pranavi/Documents/GitHub/mixr
    

SwiftCompile normal arm64 /Users/pranavi/Documents/GitHub/mixr/Mixr/DesignSystem/MixrTypography.swift (in target 'Mixr' from project 'Mixr')
    cd /Users/pranavi/Documents/GitHub/mixr
    

SwiftCompile normal arm64 /Users/pranavi/Documents/GitHub/mixr/Mixr/DesignSystem/PartyModeAnimationHost.swift (in target 'Mixr' from project 'Mixr')
    cd /Users/pranavi/Documents/GitHub/mixr
    

SwiftCompile normal arm64 /Users/pranavi/Documents/GitHub/mixr/Mixr/DesignSystem/PartyModeBorderModifier.swift (in target 'Mixr' from project 'Mixr')
    cd /Users/pranavi/Documents/GitHub/mixr
    

SwiftCompile normal arm64 /Users/pranavi/Documents/GitHub/mixr/Mixr/DesignSystem/PartyModeButtonStyles.swift (in target 'Mixr' from project 'Mixr')
    cd /Users/pranavi/Documents/GitHub/mixr
    

SwiftCompile normal arm64 /Users/pranavi/Documents/GitHub/mixr/Mixr/DesignSystem/PartyModeMainChromeOverlay.swift (in target 'Mixr' from project 'Mixr')
    cd /Users/pranavi/Documents/GitHub/mixr
    

SwiftCompile normal arm64 /Users/pranavi/Documents/GitHub/mixr/Mixr/DesignSystem/PartyModeMainPanelRow.swift (in target 'Mixr' from project 'Mixr')
    cd /Users/pranavi/Documents/GitHub/mixr
    

SwiftCompile normal arm64 /Users/pranavi/Documents/GitHub/mixr/Mixr/DesignSystem/PartyModeRenderState.swift (in target 'Mixr' from project 'Mixr')
    cd /Users/pranavi/Documents/GitHub/mixr
    

SwiftCompile normal arm64 Compiling\ AppAppearanceState.swift,\ AutoRemixSummarySheet.swift,\ AutoScopeDialog.swift,\ ClipEditingUI.swift,\ DesignSystemPreviewView.swift,\ DesignTokens.swift,\ EditorChrome.swift,\ EditorLayoutMetrics.swift /Users/pranavi/Documents/GitHub/mixr/Mixr/DesignSystem/AppAppearanceState.swift /Users/pranavi/Documents/GitHub/mixr/Mixr/DesignSystem/AutoRemixSummarySheet.swift /Users/pranavi/Documents/GitHub/mixr/Mixr/DesignSystem/AutoScopeDialog.swift /Users/pranavi/Documents/GitHub/mixr/Mixr/DesignSystem/ClipEditingUI.swift /Users/pranavi/Documents/GitHub/mixr/Mixr/DesignSystem/DesignSystemPreviewView.swift /Users/pranavi/Documents/GitHub/mixr/Mixr/DesignSystem/DesignTokens.swift /Users/pranavi/Documents/GitHub/mixr/Mixr/DesignSystem/EditorChrome.swift /Users/pranavi/Documents/GitHub/mixr/Mixr/DesignSystem/EditorLayoutMetrics.swift (in target 'Mixr' from project 'Mixr')

SwiftCompile normal arm64 /Users/pranavi/Documents/GitHub/mixr/Mixr/DesignSystem/AppAppearanceState.swift (in target 'Mixr' from project 'Mixr')
    cd /Users/pranavi/Documents/GitHub/mixr
    

SwiftCompile normal arm64 /Users/pranavi/Documents/GitHub/mixr/Mixr/DesignSystem/AutoRemixSummarySheet.swift (in target 'Mixr' from project 'Mixr')
    cd /Users/pranavi/Documents/GitHub/mixr
    

SwiftCompile normal arm64 /Users/pranavi/Documents/GitHub/mixr/Mixr/DesignSystem/AutoScopeDialog.swift (in target 'Mixr' from project 'Mixr')
    cd /Users/pranavi/Documents/GitHub/mixr
    

SwiftCompile normal arm64 /Users/pranavi/Documents/GitHub/mixr/Mixr/DesignSystem/ClipEditingUI.swift (in target 'Mixr' from project 'Mixr')
    cd /Users/pranavi/Documents/GitHub/mixr
    

SwiftCompile normal arm64 /Users/pranavi/Documents/GitHub/mixr/Mixr/DesignSystem/DesignSystemPreviewView.swift (in target 'Mixr' from project 'Mixr')
    cd /Users/pranavi/Documents/GitHub/mixr
    

SwiftCompile normal arm64 /Users/pranavi/Documents/GitHub/mixr/Mixr/DesignSystem/DesignTokens.swift (in target 'Mixr' from project 'Mixr')
    cd /Users/pranavi/Documents/GitHub/mixr
    

SwiftCompile normal arm64 /Users/pranavi/Documents/GitHub/mixr/Mixr/DesignSystem/EditorChrome.swift (in target 'Mixr' from project 'Mixr')
    cd /Users/pranavi/Documents/GitHub/mixr
    

SwiftCompile normal arm64 /Users/pranavi/Documents/GitHub/mixr/Mixr/DesignSystem/EditorLayoutMetrics.swift (in target 'Mixr' from project 'Mixr')
    cd /Users/pranavi/Documents/GitHub/mixr
    
/Users/pranavi/Documents/GitHub/mixr/Mixr/DesignSystem/EditorLayoutMetrics.swift:475:13: warning: initialization of immutable value 'contentScale' was never used; consider replacing with assignment to '_' or removing it
        let contentScale = min(
        ~~~~^~~~~~~~~~~~
        _

SwiftDriverJobDiscovery normal arm64 Emitting module for Mixr (in target 'Mixr' from project 'Mixr')

SwiftDriver\ Compilation\ Requirements Mixr normal arm64 com.apple.xcode.tools.swift.compiler (in target 'Mixr' from project 'Mixr')
    cd /Users/pranavi/Documents/GitHub/mixr
    builtin-Swift-Compilation-Requirements -- /Applications/Xcode.app/Contents/Developer/Toolchains/XcodeDefault.xctoolchain/usr/bin/swiftc -module-name Mixr -Onone @/tmp/mixr-general-build/Build/Intermediates.noindex/Mixr.build/Debug-iphonesimulator/Mixr.build/Objects-normal/arm64/Mixr.SwiftFileList -DDEBUG -default-isolation\=MainActor -enable-bare-slash-regex -enable-upcoming-feature DisableOutwardActorInference -enable-upcoming-feature InferSendableFromCaptures -enable-upcoming-feature GlobalActorIsolatedTypesUsability -enable-upcoming-feature MemberImportVisibility -enable-upcoming-feature InferIsolatedConformances -enable-upcoming-feature NonisolatedNonsendingByDefault -enable-experimental-feature DebugDescriptionMacro -sdk /Applications/Xcode.app/Contents/Developer/Platforms/iPhoneSimulator.platform/Developer/SDKs/iPhoneSimulator26.5.sdk -target arm64-apple-ios26.5-simulator -g -module-cache-path /tmp/mixr-general-build/ModuleCache.noindex -Xfrontend -serialize-debugging-options -enable-testing -index-store-path /tmp/mixr-general-build/Index.noindex/DataStore -Xcc -D_LIBCPP_HARDENING_MODE\=_LIBCPP_HARDENING_MODE_DEBUG -swift-version 5 -I /tmp/mixr-general-build/Build/Products/Debug-iphonesimulator -F /tmp/mixr-general-build/Build/Products/Debug-iphonesimulator -emit-localized-strings -emit-localized-strings-path /tmp/mixr-general-build/Build/Intermediates.noindex/Mixr.build/Debug-iphonesimulator/Mixr.build/Objects-normal/arm64 -c -j10 -enable-batch-mode -incremental -Xcc -ivfsstatcache -Xcc /tmp/mixr-general-build/SDKStatCaches.noindex/iphonesimulator26.5-23F81a-6cfe768891a92b912361537c460fe42b.sdkstatcache -output-file-map /tmp/mixr-general-build/Build/Intermediates.noindex/Mixr.build/Debug-iphonesimulator/Mixr.build/Objects-normal/arm64/Mixr-OutputFileMap.json -use-frontend-parseable-output -save-temps -no-color-diagnostics -explicit-module-build -module-cache-path /tmp/mixr-general-build/Build/Intermediates.noindex/SwiftExplicitPrecompiledModules -clang-scanner-module-cache-path /tmp/mixr-general-build/ModuleCache.noindex -sdk-module-cache-path /tmp/mixr-general-build/ModuleCache.noindex -serialize-diagnostics -emit-dependencies -emit-module -emit-module-path /tmp/mixr-general-build/Build/Intermediates.noindex/Mixr.build/Debug-iphonesimulator/Mixr.build/Objects-normal/arm64/Mixr.swiftmodule -validate-clang-modules-once -clang-build-session-file /tmp/mixr-general-build/ModuleCache.noindex/Session.modulevalidation -Xcc -I/tmp/mixr-general-build/Build/Intermediates.noindex/Mixr.build/Debug-iphonesimulator/Mixr.build/swift-overrides.hmap -emit-const-values -Xfrontend -const-gather-protocols-file -Xfrontend /tmp/mixr-general-build/Build/Intermediates.noindex/Mixr.build/Debug-iphonesimulator/Mixr.build/Objects-normal/arm64/Mixr_const_extract_protocols.json -Xcc -iquote -Xcc /tmp/mixr-general-build/Build/Intermediates.noindex/Mixr.build/Debug-iphonesimulator/Mixr.build/Mixr-generated-files.hmap -Xcc -I/tmp/mixr-general-build/Build/Intermediates.noindex/Mixr.build/Debug-iphonesimulator/Mixr.build/Mixr-own-target-headers.hmap -Xcc -I/tmp/mixr-general-build/Build/Intermediates.noindex/Mixr.build/Debug-iphonesimulator/Mixr.build/Mixr-all-target-headers.hmap -Xcc -iquote -Xcc /tmp/mixr-general-build/Build/Intermediates.noindex/Mixr.build/Debug-iphonesimulator/Mixr.build/Mixr-project-headers.hmap -Xcc -I/tmp/mixr-general-build/Build/Products/Debug-iphonesimulator/include -Xcc -I/tmp/mixr-general-build/Build/Intermediates.noindex/Mixr.build/Debug-iphonesimulator/Mixr.build/DerivedSources-normal/arm64 -Xcc -I/tmp/mixr-general-build/Build/Intermediates.noindex/Mixr.build/Debug-iphonesimulator/Mixr.build/DerivedSources/arm64 -Xcc -I/tmp/mixr-general-build/Build/Intermediates.noindex/Mixr.build/Debug-iphonesimulator/Mixr.build/DerivedSources -Xcc -DDEBUG\=1 -emit-objc-header -emit-objc-header-path /tmp/mixr-general-build/Build/Intermediates.noindex/Mixr.build/Debug-iphonesimulator/Mixr.build/Objects-normal/arm64/Mixr-Swift.h -working-directory /Users/pranavi/Documents/GitHub/mixr -experimental-emit-module-separately -disable-cmo

SwiftDriverJobDiscovery normal x86_64 Compiling MixrExportRenderer.swift, MixrPlaybackEngine.swift, MixrTimeline.swift, MixrTrack.swift, ProjectStore.swift, SFXSynthesizer.swift, SongAnalysis.swift (in target 'Mixr' from project 'Mixr')

SwiftCompile normal arm64 Compiling\ UndoRedoIconOptionsGallery.swift,\ WaveformClip.swift,\ WaveformStyle.swift,\ AutoArrangementEngine.swift,\ AutoChorusIsland.swift,\ AutoClubFlavor.swift,\ AutoClubPulse.swift,\ AutoClubTempo.swift /Users/pranavi/Documents/GitHub/mixr/Mixr/DesignSystem/UndoRedoIconOptionsGallery.swift /Users/pranavi/Documents/GitHub/mixr/Mixr/DesignSystem/WaveformClip.swift /Users/pranavi/Documents/GitHub/mixr/Mixr/DesignSystem/WaveformStyle.swift /Users/pranavi/Documents/GitHub/mixr/Mixr/Models/AutoArrangementEngine.swift /Users/pranavi/Documents/GitHub/mixr/Mixr/Models/AutoChorusIsland.swift /Users/pranavi/Documents/GitHub/mixr/Mixr/Models/AutoClubFlavor.swift /Users/pranavi/Documents/GitHub/mixr/Mixr/Models/AutoClubPulse.swift /Users/pranavi/Documents/GitHub/mixr/Mixr/Models/AutoClubTempo.swift (in target 'Mixr' from project 'Mixr')

SwiftCompile normal arm64 /Users/pranavi/Documents/GitHub/mixr/Mixr/DesignSystem/UndoRedoIconOptionsGallery.swift (in target 'Mixr' from project 'Mixr')
    cd /Users/pranavi/Documents/GitHub/mixr
    

SwiftCompile normal arm64 /Users/pranavi/Documents/GitHub/mixr/Mixr/DesignSystem/WaveformClip.swift (in target 'Mixr' from project 'Mixr')
    cd /Users/pranavi/Documents/GitHub/mixr
    

SwiftCompile normal arm64 /Users/pranavi/Documents/GitHub/mixr/Mixr/DesignSystem/WaveformStyle.swift (in target 'Mixr' from project 'Mixr')
    cd /Users/pranavi/Documents/GitHub/mixr
    

SwiftCompile normal arm64 /Users/pranavi/Documents/GitHub/mixr/Mixr/Models/AutoArrangementEngine.swift (in target 'Mixr' from project 'Mixr')
    cd /Users/pranavi/Documents/GitHub/mixr
    

SwiftCompile normal arm64 /Users/pranavi/Documents/GitHub/mixr/Mixr/Models/AutoChorusIsland.swift (in target 'Mixr' from project 'Mixr')
    cd /Users/pranavi/Documents/GitHub/mixr
    
/Users/pranavi/Documents/GitHub/mixr/Mixr/Models/AutoChorusIsland.swift:150:34: warning: main actor-isolated property 'hasVocals' can not be referenced from a nonisolated context
        let stem = profile.stems.hasVocals ? "stem=vocals" : "stem=none"
                                 ^
/Users/pranavi/Documents/GitHub/mixr/Mixr/Models/AutoStemSidecar.swift:38:9: note: property declared here
    var hasVocals: Bool { vocals != nil }
        ^
/Users/pranavi/Documents/GitHub/mixr/Mixr/Models/AutoChorusIsland.swift:135:17: note: add '@MainActor' to make static method 'bedHookDecisionDump(profile:measured:chosenStart:)' part of global actor 'MainActor'
    static func bedHookDecisionDump(
                ^
    @MainActor 

SwiftCompile normal arm64 /Users/pranavi/Documents/GitHub/mixr/Mixr/Models/AutoClubFlavor.swift (in target 'Mixr' from project 'Mixr')
    cd /Users/pranavi/Documents/GitHub/mixr
    
/Users/pranavi/Documents/GitHub/mixr/Mixr/Models/AutoClubFlavor.swift:149:19: warning: call to main actor-isolated initializer 'init(seed:)' in a synchronous nonisolated context
        var rng = AutoRandom(seed: seed ^ 0xC1B_F1A7)
                  ^
/Users/pranavi/Documents/GitHub/mixr/Mixr/Models/AutoRemixPlan.swift:724:5: note: calls to initializer 'init(seed:)' from outside of its actor context are implicitly asynchronous
    init(seed: UInt64) {
    ^
/Users/pranavi/Documents/GitHub/mixr/Mixr/Models/AutoClubFlavor.swift:117:17: note: add '@MainActor' to make static method 'choose(drumStrength:bassDensity:vocalDensity:bpm:seed:)' part of global actor 'MainActor'
    static func choose(
                ^
    @MainActor 
/Users/pranavi/Documents/GitHub/mixr/Mixr/Models/AutoClubFlavor.swift:151:27: warning: call to main actor-isolated instance method 'next()' in a synchronous nonisolated context
        let idx = Int(rng.next() % UInt64(hypePool.count))
                          ^
/Users/pranavi/Documents/GitHub/mixr/Mixr/Models/AutoRemixPlan.swift:728:19: note: calls to instance method 'next()' from outside of its actor context are implicitly asynchronous
    mutating func next() -> UInt64 {
                  ^
/Users/pranavi/Documents/GitHub/mixr/Mixr/Models/AutoClubFlavor.swift:117:17: note: add '@MainActor' to make static method 'choose(drumStrength:bassDensity:vocalDensity:bpm:seed:)' part of global actor 'MainActor'
    static func choose(
                ^
    @MainActor 

SwiftCompile normal arm64 /Users/pranavi/Documents/GitHub/mixr/Mixr/Models/AutoClubPulse.swift (in target 'Mixr' from project 'Mixr')
    cd /Users/pranavi/Documents/GitHub/mixr
    

SwiftCompile normal arm64 /Users/pranavi/Documents/GitHub/mixr/Mixr/Models/AutoClubTempo.swift (in target 'Mixr' from project 'Mixr')
    cd /Users/pranavi/Documents/GitHub/mixr
    

SwiftMergeGeneratedHeaders /tmp/mixr-general-build/Build/Intermediates.noindex/Mixr.build/Debug-iphonesimulator/Mixr.build/DerivedSources/Mixr-Swift.h /tmp/mixr-general-build/Build/Intermediates.noindex/Mixr.build/Debug-iphonesimulator/Mixr.build/Objects-normal/arm64/Mixr-Swift.h /tmp/mixr-general-build/Build/Intermediates.noindex/Mixr.build/Debug-iphonesimulator/Mixr.build/Objects-normal/x86_64/Mixr-Swift.h (in target 'Mixr' from project 'Mixr')
    cd /Users/pranavi/Documents/GitHub/mixr
    builtin-swiftHeaderTool -arch arm64 /tmp/mixr-general-build/Build/Intermediates.noindex/Mixr.build/Debug-iphonesimulator/Mixr.build/Objects-normal/arm64/Mixr-Swift.h -arch x86_64 /tmp/mixr-general-build/Build/Intermediates.noindex/Mixr.build/Debug-iphonesimulator/Mixr.build/Objects-normal/x86_64/Mixr-Swift.h -o /tmp/mixr-general-build/Build/Intermediates.noindex/Mixr.build/Debug-iphonesimulator/Mixr.build/DerivedSources/Mixr-Swift.h

SwiftDriverJobDiscovery normal x86_64 Compiling AutoSectionCatalog.swift, AutoStemSidecar.swift, AutoTransitionEnvelope.swift, ClipEffectDSP.swift, ClipEffects.swift, ClipFlanger.swift, MixrAudioAnalyzer.swift (in target 'Mixr' from project 'Mixr')

Copy /tmp/mixr-general-build/Build/Products/Debug-iphonesimulator/Mixr.swiftmodule/arm64-apple-ios-simulator.swiftmodule /tmp/mixr-general-build/Build/Intermediates.noindex/Mixr.build/Debug-iphonesimulator/Mixr.build/Objects-normal/arm64/Mixr.swiftmodule (in target 'Mixr' from project 'Mixr')
    cd /Users/pranavi/Documents/GitHub/mixr
    builtin-copy -exclude .DS_Store -exclude CVS -exclude .svn -exclude .git -exclude .hg -resolve-src-symlinks -rename /tmp/mixr-general-build/Build/Intermediates.noindex/Mixr.build/Debug-iphonesimulator/Mixr.build/Objects-normal/arm64/Mixr.swiftmodule /tmp/mixr-general-build/Build/Products/Debug-iphonesimulator/Mixr.swiftmodule/arm64-apple-ios-simulator.swiftmodule

Copy /tmp/mixr-general-build/Build/Products/Debug-iphonesimulator/Mixr.swiftmodule/arm64-apple-ios-simulator.swiftdoc /tmp/mixr-general-build/Build/Intermediates.noindex/Mixr.build/Debug-iphonesimulator/Mixr.build/Objects-normal/arm64/Mixr.swiftdoc (in target 'Mixr' from project 'Mixr')
    cd /Users/pranavi/Documents/GitHub/mixr
    builtin-copy -exclude .DS_Store -exclude CVS -exclude .svn -exclude .git -exclude .hg -resolve-src-symlinks -rename /tmp/mixr-general-build/Build/Intermediates.noindex/Mixr.build/Debug-iphonesimulator/Mixr.build/Objects-normal/arm64/Mixr.swiftdoc /tmp/mixr-general-build/Build/Products/Debug-iphonesimulator/Mixr.swiftmodule/arm64-apple-ios-simulator.swiftdoc

Copy /tmp/mixr-general-build/Build/Products/Debug-iphonesimulator/Mixr.swiftmodule/arm64-apple-ios-simulator.abi.json /tmp/mixr-general-build/Build/Intermediates.noindex/Mixr.build/Debug-iphonesimulator/Mixr.build/Objects-normal/arm64/Mixr.abi.json (in target 'Mixr' from project 'Mixr')
    cd /Users/pranavi/Documents/GitHub/mixr
    builtin-copy -exclude .DS_Store -exclude CVS -exclude .svn -exclude .git -exclude .hg -resolve-src-symlinks -rename /tmp/mixr-general-build/Build/Intermediates.noindex/Mixr.build/Debug-iphonesimulator/Mixr.build/Objects-normal/arm64/Mixr.abi.json /tmp/mixr-general-build/Build/Products/Debug-iphonesimulator/Mixr.swiftmodule/arm64-apple-ios-simulator.abi.json

Copy /tmp/mixr-general-build/Build/Products/Debug-iphonesimulator/Mixr.swiftmodule/Project/arm64-apple-ios-simulator.swiftsourceinfo /tmp/mixr-general-build/Build/Intermediates.noindex/Mixr.build/Debug-iphonesimulator/Mixr.build/Objects-normal/arm64/Mixr.swiftsourceinfo (in target 'Mixr' from project 'Mixr')
    cd /Users/pranavi/Documents/GitHub/mixr
    builtin-copy -exclude .DS_Store -exclude CVS -exclude .svn -exclude .git -exclude .hg -resolve-src-symlinks -rename /tmp/mixr-general-build/Build/Intermediates.noindex/Mixr.build/Debug-iphonesimulator/Mixr.build/Objects-normal/arm64/Mixr.swiftsourceinfo /tmp/mixr-general-build/Build/Products/Debug-iphonesimulator/Mixr.swiftmodule/Project/arm64-apple-ios-simulator.swiftsourceinfo

SwiftCompile normal arm64 Compiling\ AutoPCMLoader.swift,\ AutoPivotWord.swift,\ AutoRemixApplier.swift,\ AutoRemixDiagnostics.swift,\ AutoRemixPlan.swift,\ AutoRemixPlanner.swift,\ AutoRemixRunner.swift,\ AutoRemixValidator.swift /Users/pranavi/Documents/GitHub/mixr/Mixr/Models/AutoPCMLoader.swift /Users/pranavi/Documents/GitHub/mixr/Mixr/Models/AutoPivotWord.swift /Users/pranavi/Documents/GitHub/mixr/Mixr/Models/AutoRemixApplier.swift /Users/pranavi/Documents/GitHub/mixr/Mixr/Models/AutoRemixDiagnostics.swift /Users/pranavi/Documents/GitHub/mixr/Mixr/Models/AutoRemixPlan.swift /Users/pranavi/Documents/GitHub/mixr/Mixr/Models/AutoRemixPlanner.swift /Users/pranavi/Documents/GitHub/mixr/Mixr/Models/AutoRemixRunner.swift /Users/pranavi/Documents/GitHub/mixr/Mixr/Models/AutoRemixValidator.swift (in target 'Mixr' from project 'Mixr')

SwiftCompile normal arm64 /Users/pranavi/Documents/GitHub/mixr/Mixr/Models/AutoPCMLoader.swift (in target 'Mixr' from project 'Mixr')
    cd /Users/pranavi/Documents/GitHub/mixr
    
/Users/pranavi/Documents/GitHub/mixr/Mixr/Models/AutoPCMLoader.swift:33:40: warning: call to main actor-isolated static method 'resolve(track:tuning:fileExists:)' in a synchronous nonisolated context
            let set = AutoStemResolver.resolve(track: t, tuning: tuning)
                                       ^
/Users/pranavi/Documents/GitHub/mixr/Mixr/Models/AutoStemSidecar.swift:131:17: note: calls to static method 'resolve(track:tuning:fileExists:)' from outside of its actor context are implicitly asynchronous
    static func resolve(
                ^
/Users/pranavi/Documents/GitHub/mixr/Mixr/Models/AutoPCMLoader.swift:26:17: note: add '@MainActor' to make static method 'stemSources(for:tuning:)' part of global actor 'MainActor'
    static func stemSources(
                ^
    @MainActor 
/Users/pranavi/Documents/GitHub/mixr/Mixr/Models/AutoPCMLoader.swift:67:17: warning: capture of 'inBuf' with non-Sendable type 'AVAudioPCMBuffer' in a '@Sendable' closure
                inBuf.frameLength = 0
                ^
/Applications/Xcode.app/Contents/Developer/Platforms/iPhoneSimulator.platform/Developer/SDKs/iPhoneSimulator26.5.sdk/System/Library/Frameworks/AVFAudio.framework/Headers/AVAudioBuffer.h:67:12: note: class 'AVAudioPCMBuffer' does not conform to the 'Sendable' protocol
@interface AVAudioPCMBuffer : AVAudioBuffer
           ^
/Users/pranavi/Documents/GitHub/mixr/Mixr/Models/AutoPCMLoader.swift:2:1: warning: add '@preconcurrency' to suppress 'Sendable'-related warnings from module 'AVFAudio'
import AVFoundation
^
@preconcurrency 

SwiftCompile normal arm64 /Users/pranavi/Documents/GitHub/mixr/Mixr/Models/AutoPivotWord.swift (in target 'Mixr' from project 'Mixr')
    cd /Users/pranavi/Documents/GitHub/mixr
    

SwiftCompile normal arm64 /Users/pranavi/Documents/GitHub/mixr/Mixr/Models/AutoRemixApplier.swift (in target 'Mixr' from project 'Mixr')
    cd /Users/pranavi/Documents/GitHub/mixr
    
/Users/pranavi/Documents/GitHub/mixr/Mixr/Models/AutoRemixApplier.swift:35:41: warning: call to main actor-isolated static method 'resolve(songURL:stemsRoot:fileExists:)' in a synchronous nonisolated context
                    ?? AutoStemResolver.resolve(songURL: result[ti].url)
                                        ^
/Users/pranavi/Documents/GitHub/mixr/Mixr/Models/AutoStemSidecar.swift:80:17: note: calls to static method 'resolve(songURL:stemsRoot:fileExists:)' from outside of its actor context are implicitly asynchronous
    static func resolve(
                ^
/Users/pranavi/Documents/GitHub/mixr/Mixr/Models/AutoRemixApplier.swift:36:76: warning: call to main actor-isolated instance method 'url(for:)' in a synchronous nonisolated context
                func stemURL(_ kind: AutoStemKind) -> URL? { resolvedStems.url(for: kind) }
                                                                           ^
/Users/pranavi/Documents/GitHub/mixr/Mixr/Models/AutoStemSidecar.swift:49:10: note: calls to instance method 'url(for:)' from outside of its actor context are implicitly asynchronous
    func url(for kind: AutoStemKind) -> URL? {
         ^
/Users/pranavi/Documents/GitHub/mixr/Mixr/Models/AutoRemixApplier.swift:119:50: warning: call to main actor-isolated static method 'makeSFXTrack(primary:)' in a synchronous nonisolated context
                result.append(SoundEffectLibrary.makeSFXTrack(primary: true))
                                                 ^
/Users/pranavi/Documents/GitHub/mixr/Mixr/Models/SoundEffects.swift:146:17: note: calls to static method 'makeSFXTrack(primary:)' from outside of its actor context are implicitly asynchronous
    static func makeSFXTrack(primary: Bool = true) -> MixrTrack {
                ^
/Users/pranavi/Documents/GitHub/mixr/Mixr/Models/AutoRemixApplier.swift:24:17: note: add '@MainActor' to make static method 'apply(_:to:)' part of global actor 'MainActor'
    static func apply(_ plan: AutoRemixPlan, to tracks: [MixrTrack]) -> Applied {
                ^
    @MainActor 
/Users/pranavi/Documents/GitHub/mixr/Mixr/Models/AutoRemixApplier.swift:136:36: warning: call to main actor-isolated static method 'placeExact(definition:atUnit:into:clipID:)' in a synchronous nonisolated context
                SoundEffectLibrary.placeExact(
                                   ^
/Users/pranavi/Documents/GitHub/mixr/Mixr/Models/SoundEffects.swift:169:17: note: calls to static method 'placeExact(definition:atUnit:into:clipID:)' from outside of its actor context are implicitly asynchronous
    static func placeExact(
                ^
/Users/pranavi/Documents/GitHub/mixr/Mixr/Models/AutoRemixApplier.swift:24:17: note: add '@MainActor' to make static method 'apply(_:to:)' part of global actor 'MainActor'
    static func apply(_ plan: AutoRemixPlan, to tracks: [MixrTrack]) -> Applied {
                ^
    @MainActor 
/Users/pranavi/Documents/GitHub/mixr/Mixr/Models/AutoRemixApplier.swift:165:55: warning: main actor-isolated static property 'festivalDetail' can not be referenced from a nonisolated context
                        detail: AutoFestivalMixWindow.festivalDetail
                                                      ^
/Users/pranavi/Documents/GitHub/mixr/Mixr/Models/AutoRemixPlan.swift:385:16: note: static property declared here
    static let festivalDetail =
               ^
/Users/pranavi/Documents/GitHub/mixr/Mixr/Models/AutoRemixApplier.swift:24:17: note: add '@MainActor' to make static method 'apply(_:to:)' part of global actor 'MainActor'
    static func apply(_ plan: AutoRemixPlan, to tracks: [MixrTrack]) -> Applied {
                ^
    @MainActor 
/Users/pranavi/Documents/GitHub/mixr/Mixr/Models/AutoRemixApplier.swift:169:25: warning: call to main actor-isolated instance method 'promoteMixWindowDump()' in a synchronous nonisolated context
            appliedPlan.promoteMixWindowDump()
                        ^
/Users/pranavi/Documents/GitHub/mixr/Mixr/Models/AutoRemixPlan.swift:537:19: note: calls to instance method 'promoteMixWindowDump()' from outside of its actor context are implicitly asynchronous
    mutating func promoteMixWindowDump() {
                  ^
/Users/pranavi/Documents/GitHub/mixr/Mixr/Models/AutoRemixApplier.swift:24:17: note: add '@MainActor' to make static method 'apply(_:to:)' part of global actor 'MainActor'
    static func apply(_ plan: AutoRemixPlan, to tracks: [MixrTrack]) -> Applied {
                ^
    @MainActor 
/Users/pranavi/Documents/GitHub/mixr/Mixr/Models/AutoRemixApplier.swift:222:38: warning: call to main actor-isolated static method 'events(dropAt:dropEnd:barSec:beatSec:protectedRanges:existing:)' in a synchronous nonisolated context
        return AutoFestivalMixWindow.events(
                                     ^
/Users/pranavi/Documents/GitHub/mixr/Mixr/Models/AutoRemixPlan.swift:323:17: note: calls to static method 'events(dropAt:dropEnd:barSec:beatSec:protectedRanges:existing:)' from outside of its actor context are implicitly asynchronous
    static func events(
                ^
/Users/pranavi/Documents/GitHub/mixr/Mixr/Models/AutoRemixApplier.swift:176:25: note: add '@MainActor' to make static method 'mashupFestivalEventsIfMissing(plan:existing:)' part of global actor 'MainActor'
    private static func mashupFestivalEventsIfMissing(
                        ^
    @MainActor 
/Users/pranavi/Documents/GitHub/mixr/Mixr/Models/AutoRemixApplier.swift:270:43: warning: call to main actor-isolated static method 'sanitize' in a synchronous nonisolated context
            effects: AutoSupportedEffects.sanitize(p.effects),
                                          ^
/Users/pranavi/Documents/GitHub/mixr/Mixr/Models/AutoRemixPlan.swift:709:17: note: calls to static method 'sanitize' from outside of its actor context are implicitly asynchronous
    static func sanitize(_ settings: ClipEffectSettings) -> ClipEffectSettings {
                ^
/Users/pranavi/Documents/GitHub/mixr/Mixr/Models/AutoRemixApplier.swift:247:25: note: add '@MainActor' to make static method 'makeClip' part of global actor 'MainActor'
    private static func makeClip(_ p: AutoClipPlacement) -> MixrClip {
                        ^
    @MainActor 

SwiftCompile normal arm64 /Users/pranavi/Documents/GitHub/mixr/Mixr/Models/AutoRemixDiagnostics.swift (in target 'Mixr' from project 'Mixr')
    cd /Users/pranavi/Documents/GitHub/mixr
    

SwiftCompile normal arm64 /Users/pranavi/Documents/GitHub/mixr/Mixr/Models/AutoRemixPlan.swift (in target 'Mixr' from project 'Mixr')
    cd /Users/pranavi/Documents/GitHub/mixr
    

SwiftCompile normal arm64 /Users/pranavi/Documents/GitHub/mixr/Mixr/Models/AutoRemixPlanner.swift (in target 'Mixr' from project 'Mixr')
    cd /Users/pranavi/Documents/GitHub/mixr
    
/Users/pranavi/Documents/GitHub/mixr/Mixr/Models/AutoRemixPlanner.swift:898:13: warning: variable 'joinContracts' was never mutated; consider changing to 'let' constant
        var joinContracts: [AutoJoinContract] = []
        ~~~ ^
        let
/Users/pranavi/Documents/GitHub/mixr/Mixr/Models/AutoRemixPlanner.swift:900:13: warning: variable 'cutRecords' was never mutated; consider changing to 'let' constant
        var cutRecords: [AutoCutRecord] = []
        ~~~ ^
        let
/Users/pranavi/Documents/GitHub/mixr/Mixr/Models/AutoRemixPlanner.swift:1559:62: warning: will never be executed
            bedTempoRatio: bedTempo.ok ? bedTempo.bedRatio : nil,
                                                             ^
/Users/pranavi/Documents/GitHub/mixr/Mixr/Models/AutoRemixPlanner.swift:1559:37: note: condition always evaluates to true
            bedTempoRatio: bedTempo.ok ? bedTempo.bedRatio : nil,
                                    ^

SwiftCompile normal arm64 /Users/pranavi/Documents/GitHub/mixr/Mixr/Models/AutoRemixRunner.swift (in target 'Mixr' from project 'Mixr')
    cd /Users/pranavi/Documents/GitHub/mixr
    
/Users/pranavi/Documents/GitHub/mixr/Mixr/Models/AutoRemixRunner.swift:64:13: warning: variable 'validated' was never mutated; consider changing to 'let' constant
        var validated = AutoRemixValidator.validate(draft, profiles: profiles, tuning: tuning)
        ~~~ ^
        let

SwiftCompile normal arm64 /Users/pranavi/Documents/GitHub/mixr/Mixr/Models/AutoRemixValidator.swift (in target 'Mixr' from project 'Mixr')
    cd /Users/pranavi/Documents/GitHub/mixr
    
/Users/pranavi/Documents/GitHub/mixr/Mixr/Models/AutoRemixValidator.swift:46:46: warning: call to main actor-isolated static method 'sanitize' in a synchronous nonisolated context
            p.effects = AutoSupportedEffects.sanitize(p.effects)
                                             ^
/Users/pranavi/Documents/GitHub/mixr/Mixr/Models/AutoRemixPlan.swift:709:17: note: calls to static method 'sanitize' from outside of its actor context are implicitly asynchronous
    static func sanitize(_ settings: ClipEffectSettings) -> ClipEffectSettings {
                ^
/Users/pranavi/Documents/GitHub/mixr/Mixr/Models/AutoRemixValidator.swift:15:17: note: add '@MainActor' to make static method 'validate(_:profiles:tuning:)' part of global actor 'MainActor'
    static func validate(
                ^
    @MainActor 
/Users/pranavi/Documents/GitHub/mixr/Mixr/Models/AutoRemixValidator.swift:1184:52: warning: call to main actor-isolated static method 'sanitize' in a synchronous nonisolated context
                seg.effects = AutoSupportedEffects.sanitize(fx)
                                                   ^
/Users/pranavi/Documents/GitHub/mixr/Mixr/Models/AutoRemixPlan.swift:709:17: note: calls to static method 'sanitize' from outside of its actor context are implicitly asynchronous
    static func sanitize(_ settings: ClipEffectSettings) -> ClipEffectSettings {
                ^
/Users/pranavi/Documents/GitHub/mixr/Mixr/Models/AutoRemixValidator.swift:1118:25: note: add '@MainActor' to make static method 'shapeTrailingOutro(_:profiles:decisions:)' part of global actor 'MainActor'
    private static func shapeTrailingOutro(
                        ^
    @MainActor 
/Users/pranavi/Documents/GitHub/mixr/Mixr/Models/AutoRemixValidator.swift:1255:71: warning: call to main actor-isolated static method 'sanitize' in a synchronous nonisolated context
                    plan.placements[i].effects = AutoSupportedEffects.sanitize(fx)
                                                                      ^
/Users/pranavi/Documents/GitHub/mixr/Mixr/Models/AutoRemixPlan.swift:709:17: note: calls to static method 'sanitize' from outside of its actor context are implicitly asynchronous
    static func sanitize(_ settings: ClipEffectSettings) -> ClipEffectSettings {
                ^
/Users/pranavi/Documents/GitHub/mixr/Mixr/Models/AutoRemixValidator.swift:1214:25: note: add '@MainActor' to make static method 'transformVerbatimRepeats(_:decisions:)' part of global actor 'MainActor'
    private static func transformVerbatimRepeats(
                        ^
    @MainActor 
/Users/pranavi/Documents/GitHub/mixr/Mixr/Models/AutoRemixValidator.swift:1264:72: warning: call to main actor-isolated static method 'sanitize' in a synchronous nonisolated context
                    plan.placements[ai].effects = AutoSupportedEffects.sanitize(fx)
                                                                       ^
/Users/pranavi/Documents/GitHub/mixr/Mixr/Models/AutoRemixPlan.swift:709:17: note: calls to static method 'sanitize' from outside of its actor context are implicitly asynchronous
    static func sanitize(_ settings: ClipEffectSettings) -> ClipEffectSettings {
                ^
/Users/pranavi/Documents/GitHub/mixr/Mixr/Models/AutoRemixValidator.swift:1214:25: note: add '@MainActor' to make static method 'transformVerbatimRepeats(_:decisions:)' part of global actor 'MainActor'
    private static func transformVerbatimRepeats(
                        ^
    @MainActor 
/Users/pranavi/Documents/GitHub/mixr/Mixr/Models/AutoRemixValidator.swift:1291:56: warning: call to main actor-isolated static method 'sanitize' in a synchronous nonisolated context
                    seg.effects = AutoSupportedEffects.sanitize(fx)
                                                       ^
/Users/pranavi/Documents/GitHub/mixr/Mixr/Models/AutoRemixPlan.swift:709:17: note: calls to static method 'sanitize' from outside of its actor context are implicitly asynchronous
    static func sanitize(_ settings: ClipEffectSettings) -> ClipEffectSettings {
                ^
/Users/pranavi/Documents/GitHub/mixr/Mixr/Models/AutoRemixValidator.swift:1214:25: note: add '@MainActor' to make static method 'transformVerbatimRepeats(_:decisions:)' part of global actor 'MainActor'
    private static func transformVerbatimRepeats(
                        ^
    @MainActor 
/Users/pranavi/Documents/GitHub/mixr/Mixr/Models/AutoRemixValidator.swift:1649:35: warning: call to main actor-isolated static method 'sanitize' in a synchronous nonisolated context
        fx = AutoSupportedEffects.sanitize(fx)
                                  ^
/Users/pranavi/Documents/GitHub/mixr/Mixr/Models/AutoRemixPlan.swift:709:17: note: calls to static method 'sanitize' from outside of its actor context are implicitly asynchronous
    static func sanitize(_ settings: ClipEffectSettings) -> ClipEffectSettings {
                ^
/Users/pranavi/Documents/GitHub/mixr/Mixr/Models/AutoRemixValidator.swift:1588:25: note: add '@MainActor' to make static method 'addIncomingVocalRideIn(_:decisions:)' part of global actor 'MainActor'
    private static func addIncomingVocalRideIn(
                        ^
    @MainActor 

SwiftDriverJobDiscovery normal x86_64 Compiling EditorPointerScrollBridge.swift, EffectCard.swift, EffectControlTray.swift, GlassCardModifier.swift, MixrAlertChrome.swift, MixrButtonStyles.swift, MixrColors.swift, MixrSongColorChip.swift (in target 'Mixr' from project 'Mixr')

SwiftCompile normal arm64 Compiling\ AutoCompatibility.swift,\ AutoGainPolicy.swift,\ AutoJoinEngine.swift,\ AutoJoinManifest.swift,\ AutoListenLoop.swift,\ AutoMashability.swift,\ AutoMasterBus.swift,\ AutoOfflineMixdown.swift /Users/pranavi/Documents/GitHub/mixr/Mixr/Models/AutoCompatibility.swift /Users/pranavi/Documents/GitHub/mixr/Mixr/Models/AutoGainPolicy.swift /Users/pranavi/Documents/GitHub/mixr/Mixr/Models/AutoJoinEngine.swift /Users/pranavi/Documents/GitHub/mixr/Mixr/Models/AutoJoinManifest.swift /Users/pranavi/Documents/GitHub/mixr/Mixr/Models/AutoListenLoop.swift /Users/pranavi/Documents/GitHub/mixr/Mixr/Models/AutoMashability.swift /Users/pranavi/Documents/GitHub/mixr/Mixr/Models/AutoMasterBus.swift /Users/pranavi/Documents/GitHub/mixr/Mixr/Models/AutoOfflineMixdown.swift (in target 'Mixr' from project 'Mixr')

SwiftCompile normal arm64 /Users/pranavi/Documents/GitHub/mixr/Mixr/Models/AutoCompatibility.swift (in target 'Mixr' from project 'Mixr')
    cd /Users/pranavi/Documents/GitHub/mixr
    
/Users/pranavi/Documents/GitHub/mixr/Mixr/Models/AutoCompatibility.swift:290:37: warning: call to main actor-isolated instance method 'meanEnergy(from:to:)' in a synchronous nonisolated context
        let guestE = guest.analysis.meanEnergy(from: 0, to: guest.analysis.durationSeconds)
                                    ^
/Users/pranavi/Documents/GitHub/mixr/Mixr/Models/SongAnalysis.swift:133:10: note: calls to instance method 'meanEnergy(from:to:)' from outside of its actor context are implicitly asynchronous
    func meanEnergy(from start: Double, to end: Double) -> Double {
         ^
/Users/pranavi/Documents/GitHub/mixr/Mixr/Models/AutoCompatibility.swift:289:17: note: add '@MainActor' to make static method 'needsBreakdownRunway(guest:bed:)' part of global actor 'MainActor'
    static func needsBreakdownRunway(guest: AutoSongProfile, bed: AutoSongProfile) -> Bool {
                ^
    @MainActor 
/Users/pranavi/Documents/GitHub/mixr/Mixr/Models/AutoCompatibility.swift:291:33: warning: call to main actor-isolated instance method 'meanEnergy(from:to:)' in a synchronous nonisolated context
        let bedE = bed.analysis.meanEnergy(from: 0, to: bed.analysis.durationSeconds)
                                ^
/Users/pranavi/Documents/GitHub/mixr/Mixr/Models/SongAnalysis.swift:133:10: note: calls to instance method 'meanEnergy(from:to:)' from outside of its actor context are implicitly asynchronous
    func meanEnergy(from start: Double, to end: Double) -> Double {
         ^
/Users/pranavi/Documents/GitHub/mixr/Mixr/Models/AutoCompatibility.swift:289:17: note: add '@MainActor' to make static method 'needsBreakdownRunway(guest:bed:)' part of global actor 'MainActor'
    static func needsBreakdownRunway(guest: AutoSongProfile, bed: AutoSongProfile) -> Bool {
                ^
    @MainActor 

SwiftCompile normal arm64 /Users/pranavi/Documents/GitHub/mixr/Mixr/Models/AutoGainPolicy.swift (in target 'Mixr' from project 'Mixr')
    cd /Users/pranavi/Documents/GitHub/mixr
    

SwiftCompile normal arm64 /Users/pranavi/Documents/GitHub/mixr/Mixr/Models/AutoJoinEngine.swift (in target 'Mixr' from project 'Mixr')
    cd /Users/pranavi/Documents/GitHub/mixr
    
/Users/pranavi/Documents/GitHub/mixr/Mixr/Models/AutoJoinEngine.swift:54:36: warning: main actor-isolated property 'barSeconds' can not be referenced from a nonisolated context
        let bar = profile.analysis.barSeconds
                                   ^
/Users/pranavi/Documents/GitHub/mixr/Mixr/Models/SongAnalysis.swift:107:9: note: property declared here
    var barSeconds: Double { beatSeconds * 4 }
        ^
/Users/pranavi/Documents/GitHub/mixr/Mixr/Models/AutoJoinEngine.swift:45:17: note: add '@MainActor' to make static method 'bedFirstCompleteChorusSection(profile:used:bars:energy:tempoRatio:)' part of global actor 'MainActor'
    static func bedFirstCompleteChorusSection(
                ^
    @MainActor 
/Users/pranavi/Documents/GitHub/mixr/Mixr/Models/AutoJoinEngine.swift:132:36: warning: main actor-isolated property 'barSeconds' can not be referenced from a nonisolated context
        let bar = profile.analysis.barSeconds
                                   ^
/Users/pranavi/Documents/GitHub/mixr/Mixr/Models/SongAnalysis.swift:107:9: note: property declared here
    var barSeconds: Double { beatSeconds * 4 }
        ^
/Users/pranavi/Documents/GitHub/mixr/Mixr/Models/AutoJoinEngine.swift:126:25: note: add '@MainActor' to make static method 'completePhraseSection(profile:from:bars:energy:)' part of global actor 'MainActor'
    private static func completePhraseSection(
                        ^
    @MainActor 
/Users/pranavi/Documents/GitHub/mixr/Mixr/Models/AutoJoinEngine.swift:178:13: warning: initialization of immutable value 'repeats' was never used; consider replacing with assignment to '_' or removing it
        let repeats = tuning.pivotWallpaperBeats
        ~~~~^~~~~~~
        _
/Users/pranavi/Documents/GitHub/mixr/Mixr/Models/AutoJoinEngine.swift:275:13: warning: initialization of immutable value 'grainVol' was never used; consider replacing with assignment to '_' or removing it
        let grainVol = AutoGainPolicy.roleStagingVolume(
        ~~~~^~~~~~~~
        _
/Users/pranavi/Documents/GitHub/mixr/Mixr/Models/AutoJoinEngine.swift:178:30: warning: main actor-isolated property 'pivotWallpaperBeats' can not be referenced from a nonisolated context
        let repeats = tuning.pivotWallpaperBeats
                             ^
/Users/pranavi/Documents/GitHub/mixr/Mixr/Models/AutoRemixPlan.swift:654:9: note: property declared here
    var pivotWallpaperBeats: Int { max(4, min(8, clampedPivotWallpaperBars * 4)) }
        ^
/Users/pranavi/Documents/GitHub/mixr/Mixr/Models/AutoJoinEngine.swift:156:17: note: add '@MainActor' to make static method 'appendPivotWallpaperLoop(completedPhrase:dropTimelineStart:deckATitle:deckBTitle:barSec:beatSec:tuning:grainStem:signal:incomingSongID:incomingHookStart:incomingTempoRatio:incomingSignal:incomingGrainStem:bedHasOtherStem:placements:pulseRegions:intentionalGaps:decisions:joinContracts:)' part of global actor 'MainActor'
    static func appendPivotWallpaperLoop(
                ^
    @MainActor 
/Users/pranavi/Documents/GitHub/mixr/Mixr/Models/AutoJoinEngine.swift:179:30: warning: call to main actor-isolated instance method 'pivotWindowSeconds(barSec:)' in a synchronous nonisolated context
        let loopDur = tuning.pivotWindowSeconds(barSec: barSec)
                             ^
/Users/pranavi/Documents/GitHub/mixr/Mixr/Models/AutoRemixPlan.swift:659:10: note: calls to instance method 'pivotWindowSeconds(barSec:)' from outside of its actor context are implicitly asynchronous
    func pivotWindowSeconds(barSec: Double) -> Double {
         ^
/Users/pranavi/Documents/GitHub/mixr/Mixr/Models/AutoJoinEngine.swift:156:17: note: add '@MainActor' to make static method 'appendPivotWallpaperLoop(completedPhrase:dropTimelineStart:deckATitle:deckBTitle:barSec:beatSec:tuning:grainStem:signal:incomingSongID:incomingHookStart:incomingTempoRatio:incomingSignal:incomingGrainStem:bedHasOtherStem:placements:pulseRegions:intentionalGaps:decisions:joinContracts:)' part of global actor 'MainActor'
    static func appendPivotWallpaperLoop(
                ^
    @MainActor 
/Users/pranavi/Documents/GitHub/mixr/Mixr/Models/AutoJoinEngine.swift:963:57: warning: call to main actor-isolated instance method 'makeupGain(for:)' in a synchronous nonisolated context
        if let measured = profiles[p.songID]?.loudness?.makeupGain(for: .vocals),
                                                        ^
/Users/pranavi/Documents/GitHub/mixr/Mixr/Models/AutoStemSidecar.swift:196:10: note: calls to instance method 'makeupGain(for:)' from outside of its actor context are implicitly asynchronous
    func makeupGain(for kind: AutoStemKind) -> Double? {
         ^
/Users/pranavi/Documents/GitHub/mixr/Mixr/Models/AutoJoinEngine.swift:928:25: note: add '@MainActor' to make static method 'vocalStemMakeup(placement:referenceRMS:profiles:barSec:)' part of global actor 'MainActor'
    private static func vocalStemMakeup(
                        ^
    @MainActor 

SwiftCompile normal arm64 /Users/pranavi/Documents/GitHub/mixr/Mixr/Models/AutoJoinManifest.swift (in target 'Mixr' from project 'Mixr')
    cd /Users/pranavi/Documents/GitHub/mixr
    

SwiftCompile normal arm64 /Users/pranavi/Documents/GitHub/mixr/Mixr/Models/AutoListenLoop.swift (in target 'Mixr' from project 'Mixr')
    cd /Users/pranavi/Documents/GitHub/mixr
    
/Users/pranavi/Documents/GitHub/mixr/Mixr/Models/AutoListenLoop.swift:58:44: warning: main actor-isolated property 'isClean' can not be referenced from a nonisolated context
        var blocksApply: Bool { !keptScore.isClean }
                                           ^
/Users/pranavi/Documents/GitHub/mixr/Mixr/Models/AutoRemixPlan.swift:447:9: note: property declared here
    var isClean: Bool {
        ^
/Users/pranavi/Documents/GitHub/mixr/Mixr/Models/AutoListenLoop.swift:70:22: warning: call to main actor-isolated operator function '<' in a synchronous nonisolated context
        if candidate < original { return true }
                     ^
/Users/pranavi/Documents/GitHub/mixr/Mixr/Models/AutoRemixPlan.swift:454:17: note: calls to operator function '<' from outside of its actor context are implicitly asynchronous
    static func < (lhs: AutoPreApplyScore, rhs: AutoPreApplyScore) -> Bool {
                ^
/Users/pranavi/Documents/GitHub/mixr/Mixr/Models/AutoListenLoop.swift:64:17: note: add '@MainActor' to make static method 'keepCandidate(original:candidate:originalResidualCount:candidateResidualCount:)' part of global actor 'MainActor'
    static func keepCandidate(
                ^
    @MainActor 
/Users/pranavi/Documents/GitHub/mixr/Mixr/Models/AutoListenLoop.swift:71:21: warning: call to main actor-isolated operator function '<' in a synchronous nonisolated context
        if original < candidate { return false }
                    ^
/Users/pranavi/Documents/GitHub/mixr/Mixr/Models/AutoRemixPlan.swift:454:17: note: calls to operator function '<' from outside of its actor context are implicitly asynchronous
    static func < (lhs: AutoPreApplyScore, rhs: AutoPreApplyScore) -> Bool {
                ^
/Users/pranavi/Documents/GitHub/mixr/Mixr/Models/AutoListenLoop.swift:64:17: note: add '@MainActor' to make static method 'keepCandidate(original:candidate:originalResidualCount:candidateResidualCount:)' part of global actor 'MainActor'
    static func keepCandidate(
                ^
    @MainActor 
/Users/pranavi/Documents/GitHub/mixr/Mixr/Models/AutoListenLoop.swift:258:17: warning: call to main actor-isolated initializer 'init()' in a synchronous nonisolated context
        var s = AutoPreApplyScore()
                ^
/Users/pranavi/Documents/GitHub/mixr/Mixr/Models/AutoRemixPlan.swift:440:8: note: calls to initializer 'init()' from outside of its actor context are implicitly asynchronous
struct AutoPreApplyScore: Sendable, Equatable, Comparable {
       ^
/Users/pranavi/Documents/GitHub/mixr/Mixr/Models/AutoListenLoop.swift:253:17: note: add '@MainActor' to make static method 'score(plan:mix:sampleRate:)' part of global actor 'MainActor'
    static func score(
                ^
    @MainActor 
/Users/pranavi/Documents/GitHub/mixr/Mixr/Models/AutoListenLoop.swift:381:43: warning: main actor-isolated property 'isClean' can not be referenced from a nonisolated autoclosure
        if first.isEmpty && originalScore.isClean {
                                          ^
/Users/pranavi/Documents/GitHub/mixr/Mixr/Models/AutoRemixPlan.swift:447:9: note: property declared here
    var isClean: Bool {
        ^
/Users/pranavi/Documents/GitHub/mixr/Mixr/Models/AutoListenLoop.swift:667:55: warning: call to main actor-isolated static method 'sanitize' in a synchronous nonisolated context
                        effects: AutoSupportedEffects.sanitize(ClipEffectSettings()),
                                                      ^
/Users/pranavi/Documents/GitHub/mixr/Mixr/Models/AutoRemixPlan.swift:709:17: note: calls to static method 'sanitize' from outside of its actor context are implicitly asynchronous
    static func sanitize(_ settings: ClipEffectSettings) -> ClipEffectSettings {
                ^
/Users/pranavi/Documents/GitHub/mixr/Mixr/Models/AutoListenLoop.swift:534:25: note: add '@MainActor' to make static method 'fillSourceSilence(plan:holes:sources:stemSources:decisions:)' part of global actor 'MainActor'
    private static func fillSourceSilence(
                        ^
    @MainActor 

SwiftCompile normal arm64 /Users/pranavi/Documents/GitHub/mixr/Mixr/Models/AutoMashability.swift (in target 'Mixr' from project 'Mixr')
    cd /Users/pranavi/Documents/GitHub/mixr
    
/Users/pranavi/Documents/GitHub/mixr/Mixr/Models/AutoMashability.swift:30:30: warning: call to main actor-isolated instance method 'meanVocalDensity(from:to:)' in a synchronous nonisolated context
        let vocal = analysis.meanVocalDensity(from: 0, to: analysis.durationSeconds)
                             ^
/Users/pranavi/Documents/GitHub/mixr/Mixr/Models/SongAnalysis.swift:138:10: note: calls to instance method 'meanVocalDensity(from:to:)' from outside of its actor context are implicitly asynchronous
    func meanVocalDensity(from start: Double, to end: Double) -> Double {
         ^
/Users/pranavi/Documents/GitHub/mixr/Mixr/Models/AutoMashability.swift:28:17: note: add '@MainActor' to make static method 'bedScore(for:)' part of global actor 'MainActor'
    static func bedScore(for profile: AutoSongProfile) -> Double {
                ^
    @MainActor 
/Users/pranavi/Documents/GitHub/mixr/Mixr/Models/AutoMashability.swift:49:30: warning: call to main actor-isolated instance method 'meanVocalDensity(from:to:)' in a synchronous nonisolated context
        var vocal = analysis.meanVocalDensity(from: 0, to: analysis.durationSeconds)
                             ^
/Users/pranavi/Documents/GitHub/mixr/Mixr/Models/SongAnalysis.swift:138:10: note: calls to instance method 'meanVocalDensity(from:to:)' from outside of its actor context are implicitly asynchronous
    func meanVocalDensity(from start: Double, to end: Double) -> Double {
         ^
/Users/pranavi/Documents/GitHub/mixr/Mixr/Models/AutoMashability.swift:47:17: note: add '@MainActor' to make static method 'hookScore(for:)' part of global actor 'MainActor'
    static func hookScore(for profile: AutoSongProfile) -> Double {
                ^
    @MainActor 
/Users/pranavi/Documents/GitHub/mixr/Mixr/Models/AutoMashability.swift:121:36: warning: main actor-isolated property 'barSeconds' can not be referenced from a nonisolated context
        let bedBeat = bed.analysis.barSeconds / 4.0
                                   ^
/Users/pranavi/Documents/GitHub/mixr/Mixr/Models/SongAnalysis.swift:107:9: note: property declared here
    var barSeconds: Double { beatSeconds * 4 }
        ^
/Users/pranavi/Documents/GitHub/mixr/Mixr/Models/AutoMashability.swift:94:17: note: add '@MainActor' to make static method 'bestIsland(guest:bed:wantBars:targetBPM:tuning:titleEntranceOnly:)' part of global actor 'MainActor'
    static func bestIsland(
                ^
    @MainActor 
/Users/pranavi/Documents/GitHub/mixr/Mixr/Models/AutoMashability.swift:122:40: warning: main actor-isolated property 'barSeconds' can not be referenced from a nonisolated context
        let guestBeat = guest.analysis.barSeconds / 4.0
                                       ^
/Users/pranavi/Documents/GitHub/mixr/Mixr/Models/SongAnalysis.swift:107:9: note: property declared here
    var barSeconds: Double { beatSeconds * 4 }
        ^
/Users/pranavi/Documents/GitHub/mixr/Mixr/Models/AutoMashability.swift:94:17: note: add '@MainActor' to make static method 'bestIsland(guest:bed:wantBars:targetBPM:tuning:titleEntranceOnly:)' part of global actor 'MainActor'
    static func bestIsland(
                ^
    @MainActor 
/Users/pranavi/Documents/GitHub/mixr/Mixr/Models/AutoMashability.swift:129:40: warning: main actor-isolated property 'barSeconds' can not be referenced from a nonisolated context
            barSeconds: guest.analysis.barSeconds,
                                       ^
/Users/pranavi/Documents/GitHub/mixr/Mixr/Models/SongAnalysis.swift:107:9: note: property declared here
    var barSeconds: Double { beatSeconds * 4 }
        ^
/Users/pranavi/Documents/GitHub/mixr/Mixr/Models/AutoMashability.swift:94:17: note: add '@MainActor' to make static method 'bestIsland(guest:bed:wantBars:targetBPM:tuning:titleEntranceOnly:)' part of global actor 'MainActor'
    static func bestIsland(
                ^
    @MainActor 
/Users/pranavi/Documents/GitHub/mixr/Mixr/Models/AutoMashability.swift:131:83: warning: main actor-isolated property 'barSeconds' can not be referenced from a nonisolated autoclosure
            introEnd: guest.analysis.introCandidate?.endSeconds ?? guest.analysis.barSeconds * 8,
                                                                                  ^
/Users/pranavi/Documents/GitHub/mixr/Mixr/Models/SongAnalysis.swift:107:9: note: property declared here
    var barSeconds: Double { beatSeconds * 4 }
        ^
/Users/pranavi/Documents/GitHub/mixr/Mixr/Models/AutoMashability.swift:137:43: warning: main actor-isolated property 'barSeconds' can not be referenced from a nonisolated context
            let titleTol = guest.analysis.barSeconds * 1.15
                                          ^
/Users/pranavi/Documents/GitHub/mixr/Mixr/Models/SongAnalysis.swift:107:9: note: property declared here
    var barSeconds: Double { beatSeconds * 4 }
        ^
/Users/pranavi/Documents/GitHub/mixr/Mixr/Models/AutoMashability.swift:94:17: note: add '@MainActor' to make static method 'bestIsland(guest:bed:wantBars:targetBPM:tuning:titleEntranceOnly:)' part of global actor 'MainActor'
    static func bestIsland(
                ^
    @MainActor 
/Users/pranavi/Documents/GitHub/mixr/Mixr/Models/AutoMashability.swift:166:41: warning: main actor-isolated property 'durationSeconds' can not be referenced from a nonisolated context
            let gDur = min(windowSec, g.durationSeconds)
                                        ^
/Users/pranavi/Documents/GitHub/mixr/Mixr/Models/AutoSectionCatalog.swift:39:9: note: property declared here
    var durationSeconds: Double { Double(barCount) * barSeconds }
        ^
/Users/pranavi/Documents/GitHub/mixr/Mixr/Models/AutoMashability.swift:94:17: note: add '@MainActor' to make static method 'bestIsland(guest:bed:wantBars:targetBPM:tuning:titleEntranceOnly:)' part of global actor 'MainActor'
    static func bestIsland(
                ^
    @MainActor 
/Users/pranavi/Documents/GitHub/mixr/Mixr/Models/AutoMashability.swift:171:62: warning: main actor-isolated property 'durationSeconds' can not be referenced from a nonisolated context
                let maxOffsets = max(1, min(bars * 4, Int((b.durationSeconds / max(bedBeat, 0.05)).rounded())))
                                                             ^
/Users/pranavi/Documents/GitHub/mixr/Mixr/Models/AutoSectionCatalog.swift:39:9: note: property declared here
    var durationSeconds: Double { Double(barCount) * barSeconds }
        ^
/Users/pranavi/Documents/GitHub/mixr/Mixr/Models/AutoMashability.swift:94:17: note: add '@MainActor' to make static method 'bestIsland(guest:bed:wantBars:targetBPM:tuning:titleEntranceOnly:)' part of global actor 'MainActor'
    static func bestIsland(
                ^
    @MainActor 
/Users/pranavi/Documents/GitHub/mixr/Mixr/Models/AutoMashability.swift:192:93: warning: main actor-isolated property 'barSeconds' can not be referenced from a nonisolated context
                    if let guestTitleStart, abs(gStart - guestTitleStart) <= guest.analysis.barSeconds * 2 {
                                                                                            ^
/Users/pranavi/Documents/GitHub/mixr/Mixr/Models/SongAnalysis.swift:107:9: note: property declared here
    var barSeconds: Double { beatSeconds * 4 }
        ^
/Users/pranavi/Documents/GitHub/mixr/Mixr/Models/AutoMashability.swift:94:17: note: add '@MainActor' to make static method 'bestIsland(guest:bed:wantBars:targetBPM:tuning:titleEntranceOnly:)' part of global actor 'MainActor'
    static func bestIsland(
                ^
    @MainActor 
/Users/pranavi/Documents/GitHub/mixr/Mixr/Models/AutoMashability.swift:233:62: warning: main actor-isolated property 'barSeconds' can not be referenced from a nonisolated context
               abs($0 - island.guestStart) <= guest.analysis.barSeconds * 0.05
                                                             ^
/Users/pranavi/Documents/GitHub/mixr/Mixr/Models/SongAnalysis.swift:107:9: note: property declared here
    var barSeconds: Double { beatSeconds * 4 }
        ^
/Users/pranavi/Documents/GitHub/mixr/Mixr/Models/AutoMashability.swift:238:84: warning: main actor-isolated property 'barSeconds' can not be referenced from a nonisolated autoclosure
        let introEnd = guest.analysis.introCandidate?.endSeconds ?? guest.analysis.barSeconds * 8
                                                                                   ^
/Users/pranavi/Documents/GitHub/mixr/Mixr/Models/SongAnalysis.swift:107:9: note: property declared here
    var barSeconds: Double { beatSeconds * 4 }
        ^
/Users/pranavi/Documents/GitHub/mixr/Mixr/Models/AutoMashability.swift:243:43: warning: main actor-isolated property 'barSeconds' can not be referenced from a nonisolated context
               barSeconds: guest.analysis.barSeconds,
                                          ^
/Users/pranavi/Documents/GitHub/mixr/Mixr/Models/SongAnalysis.swift:107:9: note: property declared here
    var barSeconds: Double { beatSeconds * 4 }
        ^
/Users/pranavi/Documents/GitHub/mixr/Mixr/Models/AutoMashability.swift:223:17: note: add '@MainActor' to make static method 'drop1GuestStart(guest:island:)' part of global actor 'MainActor'
    static func drop1GuestStart(
                ^
    @MainActor 
/Users/pranavi/Documents/GitHub/mixr/Mixr/Models/AutoMashability.swift:267:36: warning: main actor-isolated property 'barSeconds' can not be referenced from a nonisolated context
        let bar = profile.analysis.barSeconds
                                   ^
/Users/pranavi/Documents/GitHub/mixr/Mixr/Models/SongAnalysis.swift:107:9: note: property declared here
    var barSeconds: Double { beatSeconds * 4 }
        ^
/Users/pranavi/Documents/GitHub/mixr/Mixr/Models/AutoMashability.swift:266:25: note: add '@MainActor' to make static method 'phraseSeconds(for:)' part of global actor 'MainActor'
    private static func phraseSeconds(for profile: AutoSongProfile) -> Double {
                        ^
    @MainActor 
/Users/pranavi/Documents/GitHub/mixr/Mixr/Models/AutoMashability.swift:279:64: warning: call to main actor-isolated instance method 'meanEnergy(from:to:)' in a synchronous nonisolated context
        return profile.analysis.bassDensity * profile.analysis.meanEnergy(from: from, to: to)
                                                               ^
/Users/pranavi/Documents/GitHub/mixr/Mixr/Models/SongAnalysis.swift:133:10: note: calls to instance method 'meanEnergy(from:to:)' from outside of its actor context are implicitly asynchronous
    func meanEnergy(from start: Double, to end: Double) -> Double {
         ^
/Users/pranavi/Documents/GitHub/mixr/Mixr/Models/AutoMashability.swift:274:25: note: add '@MainActor' to make static method 'sectionBass(_:from:to:)' part of global actor 'MainActor'
    private static func sectionBass(_ profile: AutoSongProfile, from: Double, to: Double) -> Double {
                        ^
    @MainActor 
/Users/pranavi/Documents/GitHub/mixr/Mixr/Models/AutoMashability.swift:303:24: warning: call to main actor-isolated instance method 'meanEnergy(from:to:)' in a synchronous nonisolated context
            let ea = a.meanEnergy(from: aStart + t, to: aStart + t + stepSec)
                       ^
/Users/pranavi/Documents/GitHub/mixr/Mixr/Models/SongAnalysis.swift:133:10: note: calls to instance method 'meanEnergy(from:to:)' from outside of its actor context are implicitly asynchronous
    func meanEnergy(from start: Double, to end: Double) -> Double {
         ^
/Users/pranavi/Documents/GitHub/mixr/Mixr/Models/AutoMashability.swift:293:25: note: add '@MainActor' to make static method 'energyCorrelation(a:aStart:b:bStart:duration:step:)' part of global actor 'MainActor'
    private static func energyCorrelation(
                        ^
    @MainActor 
/Users/pranavi/Documents/GitHub/mixr/Mixr/Models/AutoMashability.swift:304:24: warning: call to main actor-isolated instance method 'meanEnergy(from:to:)' in a synchronous nonisolated context
            let eb = b.meanEnergy(from: bStart + t, to: bStart + t + stepSec)
                       ^
/Users/pranavi/Documents/GitHub/mixr/Mixr/Models/SongAnalysis.swift:133:10: note: calls to instance method 'meanEnergy(from:to:)' from outside of its actor context are implicitly asynchronous
    func meanEnergy(from start: Double, to end: Double) -> Double {
         ^
/Users/pranavi/Documents/GitHub/mixr/Mixr/Models/AutoMashability.swift:293:25: note: add '@MainActor' to make static method 'energyCorrelation(a:aStart:b:bStart:duration:step:)' part of global actor 'MainActor'
    private static func energyCorrelation(
                        ^
    @MainActor 

SwiftCompile normal arm64 /Users/pranavi/Documents/GitHub/mixr/Mixr/Models/AutoMasterBus.swift (in target 'Mixr' from project 'Mixr')
    cd /Users/pranavi/Documents/GitHub/mixr
    

SwiftCompile normal arm64 /Users/pranavi/Documents/GitHub/mixr/Mixr/Models/AutoOfflineMixdown.swift (in target 'Mixr' from project 'Mixr')
    cd /Users/pranavi/Documents/GitHub/mixr
    
/Users/pranavi/Documents/GitHub/mixr/Mixr/Models/AutoOfflineMixdown.swift:200:36: warning: call to main actor-isolated static method 'masterize(channels:companions:sampleRate:targetLUFS:maxMakeupDB:maxCutDB:ceilingDB:maxSustainedDB:)' in a synchronous nonisolated context
        let master = AutoMasterBus.masterize(
                                   ^
/Users/pranavi/Documents/GitHub/mixr/Mixr/Models/AutoMasterBus.swift:277:17: note: calls to static method 'masterize(channels:companions:sampleRate:targetLUFS:maxMakeupDB:maxCutDB:ceilingDB:maxSustainedDB:)' from outside of its actor context are implicitly asynchronous
    static func masterize(
                ^
/Users/pranavi/Documents/GitHub/mixr/Mixr/Models/AutoOfflineMixdown.swift:50:17: note: add '@MainActor' to make static method 'render(plan:sources:stemSources:sampleRate:trackVolume:sfxTrackVolume:includeTail:)' part of global actor 'MainActor'
    static func render(
                ^
    @MainActor 

SwiftCompile normal arm64 Compiling\ EditorPointerScrollBridge.swift,\ EffectCard.swift,\ EffectControlTray.swift,\ GlassCardModifier.swift,\ MixrAlertChrome.swift,\ MixrButtonStyles.swift,\ MixrColors.swift,\ MixrSongColorChip.swift /Users/pranavi/Documents/GitHub/mixr/Mixr/DesignSystem/EditorPointerScrollBridge.swift /Users/pranavi/Documents/GitHub/mixr/Mixr/DesignSystem/EffectCard.swift /Users/pranavi/Documents/GitHub/mixr/Mixr/DesignSystem/EffectControlTray.swift /Users/pranavi/Documents/GitHub/mixr/Mixr/DesignSystem/GlassCardModifier.swift /Users/pranavi/Documents/GitHub/mixr/Mixr/DesignSystem/MixrAlertChrome.swift /Users/pranavi/Documents/GitHub/mixr/Mixr/DesignSystem/MixrButtonStyles.swift /Users/pranavi/Documents/GitHub/mixr/Mixr/DesignSystem/MixrColors.swift /Users/pranavi/Documents/GitHub/mixr/Mixr/DesignSystem/MixrSongColorChip.swift (in target 'Mixr' from project 'Mixr')

SwiftCompile normal arm64 /Users/pranavi/Documents/GitHub/mixr/Mixr/DesignSystem/EditorPointerScrollBridge.swift (in target 'Mixr' from project 'Mixr')
    cd /Users/pranavi/Documents/GitHub/mixr
    

SwiftCompile normal arm64 /Users/pranavi/Documents/GitHub/mixr/Mixr/DesignSystem/EffectCard.swift (in target 'Mixr' from project 'Mixr')
    cd /Users/pranavi/Documents/GitHub/mixr
    

SwiftCompile normal arm64 /Users/pranavi/Documents/GitHub/mixr/Mixr/DesignSystem/EffectControlTray.swift (in target 'Mixr' from project 'Mixr')
    cd /Users/pranavi/Documents/GitHub/mixr
    

SwiftCompile normal arm64 /Users/pranavi/Documents/GitHub/mixr/Mixr/DesignSystem/GlassCardModifier.swift (in target 'Mixr' from project 'Mixr')
    cd /Users/pranavi/Documents/GitHub/mixr
    

SwiftCompile normal arm64 /Users/pranavi/Documents/GitHub/mixr/Mixr/DesignSystem/MixrAlertChrome.swift (in target 'Mixr' from project 'Mixr')
    cd /Users/pranavi/Documents/GitHub/mixr
    

SwiftCompile normal arm64 /Users/pranavi/Documents/GitHub/mixr/Mixr/DesignSystem/MixrButtonStyles.swift (in target 'Mixr' from project 'Mixr')
    cd /Users/pranavi/Documents/GitHub/mixr
    

SwiftCompile normal arm64 /Users/pranavi/Documents/GitHub/mixr/Mixr/DesignSystem/MixrColors.swift (in target 'Mixr' from project 'Mixr')
    cd /Users/pranavi/Documents/GitHub/mixr
    

SwiftCompile normal arm64 /Users/pranavi/Documents/GitHub/mixr/Mixr/DesignSystem/MixrSongColorChip.swift (in target 'Mixr' from project 'Mixr')
    cd /Users/pranavi/Documents/GitHub/mixr
    

SwiftCompile normal arm64 Compiling\ PartyModeTokens.swift,\ PartyModeTraceShapes.swift,\ PartyModeVisualQACapture.swift,\ ProjectDropdown.swift,\ SFXComponents.swift,\ SFXIconBoxRenderingProfile.swift,\ SFXIconOptionsGallery.swift,\ TLVolumeSlider.swift /Users/pranavi/Documents/GitHub/mixr/Mixr/DesignSystem/PartyModeTokens.swift /Users/pranavi/Documents/GitHub/mixr/Mixr/DesignSystem/PartyModeTraceShapes.swift /Users/pranavi/Documents/GitHub/mixr/Mixr/DesignSystem/PartyModeVisualQACapture.swift /Users/pranavi/Documents/GitHub/mixr/Mixr/DesignSystem/ProjectDropdown.swift /Users/pranavi/Documents/GitHub/mixr/Mixr/DesignSystem/SFXComponents.swift /Users/pranavi/Documents/GitHub/mixr/Mixr/DesignSystem/SFXIconBoxRenderingProfile.swift /Users/pranavi/Documents/GitHub/mixr/Mixr/DesignSystem/SFXIconOptionsGallery.swift /Users/pranavi/Documents/GitHub/mixr/Mixr/DesignSystem/TLVolumeSlider.swift (in target 'Mixr' from project 'Mixr')

SwiftCompile normal arm64 /Users/pranavi/Documents/GitHub/mixr/Mixr/DesignSystem/PartyModeTokens.swift (in target 'Mixr' from project 'Mixr')
    cd /Users/pranavi/Documents/GitHub/mixr
    

SwiftCompile normal arm64 /Users/pranavi/Documents/GitHub/mixr/Mixr/DesignSystem/PartyModeTraceShapes.swift (in target 'Mixr' from project 'Mixr')
    cd /Users/pranavi/Documents/GitHub/mixr
    

SwiftCompile normal arm64 /Users/pranavi/Documents/GitHub/mixr/Mixr/DesignSystem/PartyModeVisualQACapture.swift (in target 'Mixr' from project 'Mixr')
    cd /Users/pranavi/Documents/GitHub/mixr
    

SwiftCompile normal arm64 /Users/pranavi/Documents/GitHub/mixr/Mixr/DesignSystem/ProjectDropdown.swift (in target 'Mixr' from project 'Mixr')
    cd /Users/pranavi/Documents/GitHub/mixr
    

SwiftCompile normal arm64 /Users/pranavi/Documents/GitHub/mixr/Mixr/DesignSystem/SFXComponents.swift (in target 'Mixr' from project 'Mixr')
    cd /Users/pranavi/Documents/GitHub/mixr
    

SwiftCompile normal arm64 /Users/pranavi/Documents/GitHub/mixr/Mixr/DesignSystem/SFXIconBoxRenderingProfile.swift (in target 'Mixr' from project 'Mixr')
    cd /Users/pranavi/Documents/GitHub/mixr
    

SwiftCompile normal arm64 /Users/pranavi/Documents/GitHub/mixr/Mixr/DesignSystem/SFXIconOptionsGallery.swift (in target 'Mixr' from project 'Mixr')
    cd /Users/pranavi/Documents/GitHub/mixr
    

SwiftCompile normal arm64 /Users/pranavi/Documents/GitHub/mixr/Mixr/DesignSystem/TLVolumeSlider.swift (in target 'Mixr' from project 'Mixr')
    cd /Users/pranavi/Documents/GitHub/mixr
    

SwiftDriverJobDiscovery normal x86_64 Compiling PartyModeTokens.swift, PartyModeTraceShapes.swift, PartyModeVisualQACapture.swift, ProjectDropdown.swift, SFXComponents.swift, SFXIconBoxRenderingProfile.swift, SFXIconOptionsGallery.swift, TLVolumeSlider.swift (in target 'Mixr' from project 'Mixr')

SwiftDriverJobDiscovery normal x86_64 Compiling UndoRedoIconOptionsGallery.swift, WaveformClip.swift, WaveformStyle.swift, AutoArrangementEngine.swift, AutoChorusIsland.swift, AutoClubFlavor.swift, AutoClubPulse.swift, AutoClubTempo.swift (in target 'Mixr' from project 'Mixr')

SwiftCompile normal arm64 Compiling\ SongSignalAnalysis.swift,\ SoundEffects.swift,\ TrackLibrary.swift,\ ContentView.swift,\ MixrApp.swift,\ TimelineScreen.swift,\ GeneratedAssetSymbols.swift /Users/pranavi/Documents/GitHub/mixr/Mixr/Models/SongSignalAnalysis.swift /Users/pranavi/Documents/GitHub/mixr/Mixr/Models/SoundEffects.swift /Users/pranavi/Documents/GitHub/mixr/Mixr/Models/TrackLibrary.swift /Users/pranavi/Documents/GitHub/mixr/Mixr/ContentView.swift /Users/pranavi/Documents/GitHub/mixr/Mixr/MixrApp.swift /Users/pranavi/Documents/GitHub/mixr/Mixr/TimelineScreen.swift /tmp/mixr-general-build/Build/Intermediates.noindex/Mixr.build/Debug-iphonesimulator/Mixr.build/DerivedSources/GeneratedAssetSymbols.swift (in target 'Mixr' from project 'Mixr')
SwiftCompile normal arm64 /Users/pranavi/Documents/GitHub/mixr/Mixr/Models/SongSignalAnalysis.swift (in target 'Mixr' from project 'Mixr')
    cd /Users/pranavi/Documents/GitHub/mixr
    

SwiftCompile normal arm64 /Users/pranavi/Documents/GitHub/mixr/Mixr/Models/SoundEffects.swift (in target 'Mixr' from project 'Mixr')
    cd /Users/pranavi/Documents/GitHub/mixr
    

SwiftCompile normal arm64 /Users/pranavi/Documents/GitHub/mixr/Mixr/Models/TrackLibrary.swift (in target 'Mixr' from project 'Mixr')
    cd /Users/pranavi/Documents/GitHub/mixr
    

SwiftCompile normal arm64 /Users/pranavi/Documents/GitHub/mixr/Mixr/ContentView.swift (in target 'Mixr' from project 'Mixr')
    cd /Users/pranavi/Documents/GitHub/mixr
    

SwiftCompile normal arm64 /Users/pranavi/Documents/GitHub/mixr/Mixr/MixrApp.swift (in target 'Mixr' from project 'Mixr')
    cd /Users/pranavi/Documents/GitHub/mixr
    

SwiftCompile normal arm64 /Users/pranavi/Documents/GitHub/mixr/Mixr/TimelineScreen.swift (in target 'Mixr' from project 'Mixr')
    cd /Users/pranavi/Documents/GitHub/mixr
    

SwiftCompile normal arm64 /tmp/mixr-general-build/Build/Intermediates.noindex/Mixr.build/Debug-iphonesimulator/Mixr.build/DerivedSources/GeneratedAssetSymbols.swift (in target 'Mixr' from project 'Mixr')
    cd /Users/pranavi/Documents/GitHub/mixr
    

SwiftDriverJobDiscovery normal x86_64 Compiling AutoPCMLoader.swift, AutoPivotWord.swift, AutoRemixApplier.swift, AutoRemixDiagnostics.swift, AutoRemixPlan.swift, AutoRemixPlanner.swift, AutoRemixRunner.swift, AutoRemixValidator.swift (in target 'Mixr' from project 'Mixr')

SwiftCompile normal x86_64 Compiling\ MixrTrackRowBackground.swift,\ MixrTypography.swift,\ PartyModeAnimationHost.swift,\ PartyModeBorderModifier.swift,\ PartyModeButtonStyles.swift,\ PartyModeMainChromeOverlay.swift,\ PartyModeMainPanelRow.swift,\ PartyModeRenderState.swift /Users/pranavi/Documents/GitHub/mixr/Mixr/DesignSystem/MixrTrackRowBackground.swift /Users/pranavi/Documents/GitHub/mixr/Mixr/DesignSystem/MixrTypography.swift /Users/pranavi/Documents/GitHub/mixr/Mixr/DesignSystem/PartyModeAnimationHost.swift /Users/pranavi/Documents/GitHub/mixr/Mixr/DesignSystem/PartyModeBorderModifier.swift /Users/pranavi/Documents/GitHub/mixr/Mixr/DesignSystem/PartyModeButtonStyles.swift /Users/pranavi/Documents/GitHub/mixr/Mixr/DesignSystem/PartyModeMainChromeOverlay.swift /Users/pranavi/Documents/GitHub/mixr/Mixr/DesignSystem/PartyModeMainPanelRow.swift /Users/pranavi/Documents/GitHub/mixr/Mixr/DesignSystem/PartyModeRenderState.swift (in target 'Mixr' from project 'Mixr')

SwiftCompile normal x86_64 /Users/pranavi/Documents/GitHub/mixr/Mixr/DesignSystem/MixrTrackRowBackground.swift (in target 'Mixr' from project 'Mixr')
    cd /Users/pranavi/Documents/GitHub/mixr
    

SwiftCompile normal x86_64 /Users/pranavi/Documents/GitHub/mixr/Mixr/DesignSystem/MixrTypography.swift (in target 'Mixr' from project 'Mixr')
    cd /Users/pranavi/Documents/GitHub/mixr
    

SwiftCompile normal x86_64 /Users/pranavi/Documents/GitHub/mixr/Mixr/DesignSystem/PartyModeAnimationHost.swift (in target 'Mixr' from project 'Mixr')
    cd /Users/pranavi/Documents/GitHub/mixr
    

SwiftCompile normal x86_64 /Users/pranavi/Documents/GitHub/mixr/Mixr/DesignSystem/PartyModeBorderModifier.swift (in target 'Mixr' from project 'Mixr')
    cd /Users/pranavi/Documents/GitHub/mixr
    

SwiftCompile normal x86_64 /Users/pranavi/Documents/GitHub/mixr/Mixr/DesignSystem/PartyModeButtonStyles.swift (in target 'Mixr' from project 'Mixr')
    cd /Users/pranavi/Documents/GitHub/mixr
    

SwiftCompile normal x86_64 /Users/pranavi/Documents/GitHub/mixr/Mixr/DesignSystem/PartyModeMainChromeOverlay.swift (in target 'Mixr' from project 'Mixr')
    cd /Users/pranavi/Documents/GitHub/mixr
    

SwiftCompile normal x86_64 /Users/pranavi/Documents/GitHub/mixr/Mixr/DesignSystem/PartyModeMainPanelRow.swift (in target 'Mixr' from project 'Mixr')
    cd /Users/pranavi/Documents/GitHub/mixr
    

SwiftCompile normal x86_64 /Users/pranavi/Documents/GitHub/mixr/Mixr/DesignSystem/PartyModeRenderState.swift (in target 'Mixr' from project 'Mixr')
    cd /Users/pranavi/Documents/GitHub/mixr
    

SwiftDriverJobDiscovery normal x86_64 Compiling AppAppearanceState.swift, AutoRemixSummarySheet.swift, AutoScopeDialog.swift, ClipEditingUI.swift, DesignSystemPreviewView.swift, DesignTokens.swift, EditorChrome.swift, EditorLayoutMetrics.swift (in target 'Mixr' from project 'Mixr')

SwiftCompile normal arm64 Compiling\ MixrExportRenderer.swift,\ MixrPlaybackEngine.swift,\ MixrTimeline.swift,\ MixrTrack.swift,\ ProjectStore.swift,\ SFXSynthesizer.swift,\ SongAnalysis.swift /Users/pranavi/Documents/GitHub/mixr/Mixr/Models/MixrExportRenderer.swift /Users/pranavi/Documents/GitHub/mixr/Mixr/Models/MixrPlaybackEngine.swift /Users/pranavi/Documents/GitHub/mixr/Mixr/Models/MixrTimeline.swift /Users/pranavi/Documents/GitHub/mixr/Mixr/Models/MixrTrack.swift /Users/pranavi/Documents/GitHub/mixr/Mixr/Models/ProjectStore.swift /Users/pranavi/Documents/GitHub/mixr/Mixr/Models/SFXSynthesizer.swift /Users/pranavi/Documents/GitHub/mixr/Mixr/Models/SongAnalysis.swift (in target 'Mixr' from project 'Mixr')

SwiftCompile normal arm64 /Users/pranavi/Documents/GitHub/mixr/Mixr/Models/MixrExportRenderer.swift (in target 'Mixr' from project 'Mixr')
    cd /Users/pranavi/Documents/GitHub/mixr
    
/Users/pranavi/Documents/GitHub/mixr/Mixr/Models/MixrExportRenderer.swift:314:36: warning: call to main actor-isolated static method 'masterize(channels:companions:sampleRate:targetLUFS:maxMakeupDB:maxCutDB:ceilingDB:maxSustainedDB:)' in a synchronous nonisolated context
        let master = AutoMasterBus.masterize(channels: collected, sampleRate: outputSR)
                                   ^
/Users/pranavi/Documents/GitHub/mixr/Mixr/Models/AutoMasterBus.swift:277:17: note: calls to static method 'masterize(channels:companions:sampleRate:targetLUFS:maxMakeupDB:maxCutDB:ceilingDB:maxSustainedDB:)' from outside of its actor context are implicitly asynchronous
    static func masterize(
                ^
/Users/pranavi/Documents/GitHub/mixr/Mixr/Models/MixrExportRenderer.swift:82:17: note: add '@MainActor' to make static method 'export(tracks:projectName:projectBPM:auditURL:progress:)' part of global actor 'MainActor'
    static func export(
                ^
    @MainActor 
/Users/pranavi/Documents/GitHub/mixr/Mixr/Models/MixrExportRenderer.swift:318:25: warning: main actor-isolated conformance of 'AutoMasterBus.ReductionAudit' to 'Encodable' cannot be used in nonisolated context; this is an error in the Swift 6 language mode
            try encoder.encode(master.reductionAudit).write(to: auditURL, options: .atomic)
                        ^
/Users/pranavi/Documents/GitHub/mixr/Mixr/Models/MixrExportRenderer.swift:484:36: warning: main actor-isolated conformance of 'MixrClip' to 'Equatable' cannot be used in nonisolated context; this is an error in the Swift 6 language mode
                    if effectsClip == nil || clip.start > effectsClip!.start {
                                   ^

SwiftCompile normal arm64 /Users/pranavi/Documents/GitHub/mixr/Mixr/Models/MixrPlaybackEngine.swift (in target 'Mixr' from project 'Mixr')
    cd /Users/pranavi/Documents/GitHub/mixr
    

SwiftCompile normal arm64 /Users/pranavi/Documents/GitHub/mixr/Mixr/Models/MixrTimeline.swift (in target 'Mixr' from project 'Mixr')
    cd /Users/pranavi/Documents/GitHub/mixr
    
/Users/pranavi/Documents/GitHub/mixr/Mixr/Models/MixrTimeline.swift:178:13: warning: initialization of immutable value 'movingEnd' was never used; consider replacing with assignment to '_' or removing it
        let movingEnd = clampedStart + movingClip.length
        ~~~~^~~~~~~~~
        _
/Users/pranavi/Documents/GitHub/mixr/Mixr/Models/MixrTimeline.swift:243:17: warning: call to main actor-isolated initializer 'init(id:clipID:start:length:opacity:isSourceGhost:neighborShiftPx:)' in a synchronous nonisolated context
                ClipRenderFrame(clipID: $0.id, start: $0.start, length: $0.length)
                ^
/Users/pranavi/Documents/GitHub/mixr/Mixr/Models/MixrTimeline.swift:32:5: note: calls to initializer 'init(id:clipID:start:length:opacity:isSourceGhost:neighborShiftPx:)' from outside of its actor context are implicitly asynchronous
    init(
    ^
/Users/pranavi/Documents/GitHub/mixr/Mixr/Models/MixrTimeline.swift:257:23: warning: call to main actor-isolated initializer 'init(id:clipID:start:length:opacity:isSourceGhost:neighborShiftPx:)' in a synchronous nonisolated context
        frames.append(ClipRenderFrame(
                      ^
/Users/pranavi/Documents/GitHub/mixr/Mixr/Models/MixrTimeline.swift:32:5: note: calls to initializer 'init(id:clipID:start:length:opacity:isSourceGhost:neighborShiftPx:)' from outside of its actor context are implicitly asynchronous
    init(
    ^
/Users/pranavi/Documents/GitHub/mixr/Mixr/Models/MixrTimeline.swift:282:31: warning: call to main actor-isolated initializer 'init(id:clipID:start:length:opacity:isSourceGhost:neighborShiftPx:)' in a synchronous nonisolated context
                frames.append(ClipRenderFrame(
                              ^
/Users/pranavi/Documents/GitHub/mixr/Mixr/Models/MixrTimeline.swift:32:5: note: calls to initializer 'init(id:clipID:start:length:opacity:isSourceGhost:neighborShiftPx:)' from outside of its actor context are implicitly asynchronous
    init(
    ^
/Users/pranavi/Documents/GitHub/mixr/Mixr/Models/MixrTimeline.swift:289:31: warning: call to main actor-isolated initializer 'init(id:clipID:start:length:opacity:isSourceGhost:neighborShiftPx:)' in a synchronous nonisolated context
                frames.append(ClipRenderFrame(
                              ^
/Users/pranavi/Documents/GitHub/mixr/Mixr/Models/MixrTimeline.swift:32:5: note: calls to initializer 'init(id:clipID:start:length:opacity:isSourceGhost:neighborShiftPx:)' from outside of its actor context are implicitly asynchronous
    init(
    ^
/Users/pranavi/Documents/GitHub/mixr/Mixr/Models/MixrTimeline.swift:297:31: warning: call to main actor-isolated initializer 'init(id:clipID:start:length:opacity:isSourceGhost:neighborShiftPx:)' in a synchronous nonisolated context
                frames.append(ClipRenderFrame(
                              ^
/Users/pranavi/Documents/GitHub/mixr/Mixr/Models/MixrTimeline.swift:32:5: note: calls to initializer 'init(id:clipID:start:length:opacity:isSourceGhost:neighborShiftPx:)' from outside of its actor context are implicitly asynchronous
    init(
    ^

SwiftCompile normal arm64 /Users/pranavi/Documents/GitHub/mixr/Mixr/Models/MixrTrack.swift (in target 'Mixr' from project 'Mixr')
    cd /Users/pranavi/Documents/GitHub/mixr
    

SwiftCompile normal arm64 /Users/pranavi/Documents/GitHub/mixr/Mixr/Models/ProjectStore.swift (in target 'Mixr' from project 'Mixr')
    cd /Users/pranavi/Documents/GitHub/mixr
    

SwiftCompile normal arm64 /Users/pranavi/Documents/GitHub/mixr/Mixr/Models/SFXSynthesizer.swift (in target 'Mixr' from project 'Mixr')
    cd /Users/pranavi/Documents/GitHub/mixr
    

SwiftCompile normal arm64 /Users/pranavi/Documents/GitHub/mixr/Mixr/Models/SongAnalysis.swift (in target 'Mixr' from project 'Mixr')
    cd /Users/pranavi/Documents/GitHub/mixr
    

SwiftDriverJobDiscovery normal x86_64 Compiling MixrTrackRowBackground.swift, MixrTypography.swift, PartyModeAnimationHost.swift, PartyModeBorderModifier.swift, PartyModeButtonStyles.swift, PartyModeMainChromeOverlay.swift, PartyModeMainPanelRow.swift, PartyModeRenderState.swift (in target 'Mixr' from project 'Mixr')

SwiftCompile normal arm64 Compiling\ AutoSectionCatalog.swift,\ AutoStemSidecar.swift,\ AutoTransitionEnvelope.swift,\ ClipEffectDSP.swift,\ ClipEffects.swift,\ ClipFlanger.swift,\ MixrAudioAnalyzer.swift /Users/pranavi/Documents/GitHub/mixr/Mixr/Models/AutoSectionCatalog.swift /Users/pranavi/Documents/GitHub/mixr/Mixr/Models/AutoStemSidecar.swift /Users/pranavi/Documents/GitHub/mixr/Mixr/Models/AutoTransitionEnvelope.swift /Users/pranavi/Documents/GitHub/mixr/Mixr/Models/ClipEffectDSP.swift /Users/pranavi/Documents/GitHub/mixr/Mixr/Models/ClipEffects.swift /Users/pranavi/Documents/GitHub/mixr/Mixr/Models/ClipFlanger.swift /Users/pranavi/Documents/GitHub/mixr/Mixr/Models/MixrAudioAnalyzer.swift (in target 'Mixr' from project 'Mixr')

SwiftCompile normal arm64 /Users/pranavi/Documents/GitHub/mixr/Mixr/Models/AutoSectionCatalog.swift (in target 'Mixr' from project 'Mixr')
    cd /Users/pranavi/Documents/GitHub/mixr
    

SwiftCompile normal arm64 /Users/pranavi/Documents/GitHub/mixr/Mixr/Models/AutoStemSidecar.swift (in target 'Mixr' from project 'Mixr')
    cd /Users/pranavi/Documents/GitHub/mixr
    

SwiftCompile normal arm64 /Users/pranavi/Documents/GitHub/mixr/Mixr/Models/AutoTransitionEnvelope.swift (in target 'Mixr' from project 'Mixr')
    cd /Users/pranavi/Documents/GitHub/mixr
    

SwiftCompile normal arm64 /Users/pranavi/Documents/GitHub/mixr/Mixr/Models/ClipEffectDSP.swift (in target 'Mixr' from project 'Mixr')
    cd /Users/pranavi/Documents/GitHub/mixr
    

SwiftCompile normal arm64 /Users/pranavi/Documents/GitHub/mixr/Mixr/Models/ClipEffects.swift (in target 'Mixr' from project 'Mixr')
    cd /Users/pranavi/Documents/GitHub/mixr
    
/Users/pranavi/Documents/GitHub/mixr/Mixr/Models/ClipEffects.swift:159:75: warning: main actor-isolated property 'centsSign' can not be referenced from a nonisolated context
        get { pitchAmount * Self.pitchFullScaleSemitones * pitchDirection.centsSign }
                                                                          ^
/Users/pranavi/Documents/GitHub/mixr/Mixr/Models/ClipEffects.swift:48:9: note: property declared here
    var centsSign: Double {
        ^

SwiftCompile normal arm64 /Users/pranavi/Documents/GitHub/mixr/Mixr/Models/ClipFlanger.swift (in target 'Mixr' from project 'Mixr')
    cd /Users/pranavi/Documents/GitHub/mixr
    
/Users/pranavi/Documents/GitHub/mixr/Mixr/Models/ClipFlanger.swift:395:13: warning: capture of 'node' with non-Sendable type 'AVAudioUnit?' in a '@Sendable' closure
            node = unit
            ^
/Applications/Xcode.app/Contents/Developer/Platforms/iPhoneSimulator.platform/Developer/SDKs/iPhoneSimulator26.5.sdk/System/Library/Frameworks/AVFAudio.framework/Headers/AVAudioUnit.h:28:12: note: class 'AVAudioUnit' does not conform to the 'Sendable' protocol
@interface AVAudioUnit : AVAudioNode
           ^
/Users/pranavi/Documents/GitHub/mixr/Mixr/Models/ClipFlanger.swift:1:1: warning: add '@preconcurrency' to suppress 'Sendable'-related warnings from module 'AVFAudio'
import AVFoundation
^
@preconcurrency 

SwiftCompile normal arm64 /Users/pranavi/Documents/GitHub/mixr/Mixr/Models/MixrAudioAnalyzer.swift (in target 'Mixr' from project 'Mixr')
    cd /Users/pranavi/Documents/GitHub/mixr
    

SwiftDriverJobDiscovery normal arm64 Compiling MixrTrackRowBackground.swift, MixrTypography.swift, PartyModeAnimationHost.swift, PartyModeBorderModifier.swift, PartyModeButtonStyles.swift, PartyModeMainChromeOverlay.swift, PartyModeMainPanelRow.swift, PartyModeRenderState.swift (in target 'Mixr' from project 'Mixr')

SwiftDriverJobDiscovery normal arm64 Compiling UndoRedoIconOptionsGallery.swift, WaveformClip.swift, WaveformStyle.swift, AutoArrangementEngine.swift, AutoChorusIsland.swift, AutoClubFlavor.swift, AutoClubPulse.swift, AutoClubTempo.swift (in target 'Mixr' from project 'Mixr')

SwiftDriverJobDiscovery normal arm64 Compiling AutoCompatibility.swift, AutoGainPolicy.swift, AutoJoinEngine.swift, AutoJoinManifest.swift, AutoListenLoop.swift, AutoMashability.swift, AutoMasterBus.swift, AutoOfflineMixdown.swift (in target 'Mixr' from project 'Mixr')

SwiftDriverJobDiscovery normal arm64 Compiling EditorPointerScrollBridge.swift, EffectCard.swift, EffectControlTray.swift, GlassCardModifier.swift, MixrAlertChrome.swift, MixrButtonStyles.swift, MixrColors.swift, MixrSongColorChip.swift (in target 'Mixr' from project 'Mixr')

SwiftDriverJobDiscovery normal arm64 Compiling PartyModeTokens.swift, PartyModeTraceShapes.swift, PartyModeVisualQACapture.swift, ProjectDropdown.swift, SFXComponents.swift, SFXIconBoxRenderingProfile.swift, SFXIconOptionsGallery.swift, TLVolumeSlider.swift (in target 'Mixr' from project 'Mixr')

SwiftDriverJobDiscovery normal arm64 Compiling AppAppearanceState.swift, AutoRemixSummarySheet.swift, AutoScopeDialog.swift, ClipEditingUI.swift, DesignSystemPreviewView.swift, DesignTokens.swift, EditorChrome.swift, EditorLayoutMetrics.swift (in target 'Mixr' from project 'Mixr')

SwiftDriverJobDiscovery normal arm64 Compiling AutoPCMLoader.swift, AutoPivotWord.swift, AutoRemixApplier.swift, AutoRemixDiagnostics.swift, AutoRemixPlan.swift, AutoRemixPlanner.swift, AutoRemixRunner.swift, AutoRemixValidator.swift (in target 'Mixr' from project 'Mixr')

SwiftDriverJobDiscovery normal arm64 Compiling AutoSectionCatalog.swift, AutoStemSidecar.swift, AutoTransitionEnvelope.swift, ClipEffectDSP.swift, ClipEffects.swift, ClipFlanger.swift, MixrAudioAnalyzer.swift (in target 'Mixr' from project 'Mixr')

SwiftDriverJobDiscovery normal arm64 Compiling MixrExportRenderer.swift, MixrPlaybackEngine.swift, MixrTimeline.swift, MixrTrack.swift, ProjectStore.swift, SFXSynthesizer.swift, SongAnalysis.swift (in target 'Mixr' from project 'Mixr')

SwiftDriverJobDiscovery normal x86_64 Compiling SongSignalAnalysis.swift, SoundEffects.swift, TrackLibrary.swift, ContentView.swift, MixrApp.swift, TimelineScreen.swift, GeneratedAssetSymbols.swift (in target 'Mixr' from project 'Mixr')

SwiftDriver\ Compilation Mixr normal x86_64 com.apple.xcode.tools.swift.compiler (in target 'Mixr' from project 'Mixr')
    cd /Users/pranavi/Documents/GitHub/mixr
    builtin-Swift-Compilation -- /Applications/Xcode.app/Contents/Developer/Toolchains/XcodeDefault.xctoolchain/usr/bin/swiftc -module-name Mixr -Onone @/tmp/mixr-general-build/Build/Intermediates.noindex/Mixr.build/Debug-iphonesimulator/Mixr.build/Objects-normal/x86_64/Mixr.SwiftFileList -DDEBUG -default-isolation\=MainActor -enable-bare-slash-regex -enable-upcoming-feature DisableOutwardActorInference -enable-upcoming-feature InferSendableFromCaptures -enable-upcoming-feature GlobalActorIsolatedTypesUsability -enable-upcoming-feature MemberImportVisibility -enable-upcoming-feature InferIsolatedConformances -enable-upcoming-feature NonisolatedNonsendingByDefault -enable-experimental-feature DebugDescriptionMacro -sdk /Applications/Xcode.app/Contents/Developer/Platforms/iPhoneSimulator.platform/Developer/SDKs/iPhoneSimulator26.5.sdk -target x86_64-apple-ios26.5-simulator -g -module-cache-path /tmp/mixr-general-build/ModuleCache.noindex -Xfrontend -serialize-debugging-options -enable-testing -index-store-path /tmp/mixr-general-build/Index.noindex/DataStore -Xcc -D_LIBCPP_HARDENING_MODE\=_LIBCPP_HARDENING_MODE_DEBUG -swift-version 5 -I /tmp/mixr-general-build/Build/Products/Debug-iphonesimulator -F /tmp/mixr-general-build/Build/Products/Debug-iphonesimulator -emit-localized-strings -emit-localized-strings-path /tmp/mixr-general-build/Build/Intermediates.noindex/Mixr.build/Debug-iphonesimulator/Mixr.build/Objects-normal/x86_64 -c -j10 -enable-batch-mode -incremental -Xcc -ivfsstatcache -Xcc /tmp/mixr-general-build/SDKStatCaches.noindex/iphonesimulator26.5-23F81a-6cfe768891a92b912361537c460fe42b.sdkstatcache -output-file-map /tmp/mixr-general-build/Build/Intermediates.noindex/Mixr.build/Debug-iphonesimulator/Mixr.build/Objects-normal/x86_64/Mixr-OutputFileMap.json -use-frontend-parseable-output -save-temps -no-color-diagnostics -explicit-module-build -module-cache-path /tmp/mixr-general-build/Build/Intermediates.noindex/SwiftExplicitPrecompiledModules -clang-scanner-module-cache-path /tmp/mixr-general-build/ModuleCache.noindex -sdk-module-cache-path /tmp/mixr-general-build/ModuleCache.noindex -serialize-diagnostics -emit-dependencies -emit-module -emit-module-path /tmp/mixr-general-build/Build/Intermediates.noindex/Mixr.build/Debug-iphonesimulator/Mixr.build/Objects-normal/x86_64/Mixr.swiftmodule -validate-clang-modules-once -clang-build-session-file /tmp/mixr-general-build/ModuleCache.noindex/Session.modulevalidation -Xcc -I/tmp/mixr-general-build/Build/Intermediates.noindex/Mixr.build/Debug-iphonesimulator/Mixr.build/swift-overrides.hmap -emit-const-values -Xfrontend -const-gather-protocols-file -Xfrontend /tmp/mixr-general-build/Build/Intermediates.noindex/Mixr.build/Debug-iphonesimulator/Mixr.build/Objects-normal/x86_64/Mixr_const_extract_protocols.json -Xcc -iquote -Xcc /tmp/mixr-general-build/Build/Intermediates.noindex/Mixr.build/Debug-iphonesimulator/Mixr.build/Mixr-generated-files.hmap -Xcc -I/tmp/mixr-general-build/Build/Intermediates.noindex/Mixr.build/Debug-iphonesimulator/Mixr.build/Mixr-own-target-headers.hmap -Xcc -I/tmp/mixr-general-build/Build/Intermediates.noindex/Mixr.build/Debug-iphonesimulator/Mixr.build/Mixr-all-target-headers.hmap -Xcc -iquote -Xcc /tmp/mixr-general-build/Build/Intermediates.noindex/Mixr.build/Debug-iphonesimulator/Mixr.build/Mixr-project-headers.hmap -Xcc -I/tmp/mixr-general-build/Build/Products/Debug-iphonesimulator/include -Xcc -I/tmp/mixr-general-build/Build/Intermediates.noindex/Mixr.build/Debug-iphonesimulator/Mixr.build/DerivedSources-normal/x86_64 -Xcc -I/tmp/mixr-general-build/Build/Intermediates.noindex/Mixr.build/Debug-iphonesimulator/Mixr.build/DerivedSources/x86_64 -Xcc -I/tmp/mixr-general-build/Build/Intermediates.noindex/Mixr.build/Debug-iphonesimulator/Mixr.build/DerivedSources -Xcc -DDEBUG\=1 -emit-objc-header -emit-objc-header-path /tmp/mixr-general-build/Build/Intermediates.noindex/Mixr.build/Debug-iphonesimulator/Mixr.build/Objects-normal/x86_64/Mixr-Swift.h -working-directory /Users/pranavi/Documents/GitHub/mixr -experimental-emit-module-separately -disable-cmo

Ld /tmp/mixr-general-build/Build/Intermediates.noindex/Mixr.build/Debug-iphonesimulator/Mixr.build/Objects-normal/x86_64/Binary/Mixr.debug.dylib normal x86_64 (in target 'Mixr' from project 'Mixr')
    cd /Users/pranavi/Documents/GitHub/mixr
    /Applications/Xcode.app/Contents/Developer/Toolchains/XcodeDefault.xctoolchain/usr/bin/clang -Xlinker -reproducible -target x86_64-apple-ios26.5-simulator -dynamiclib -isysroot /Applications/Xcode.app/Contents/Developer/Platforms/iPhoneSimulator.platform/Developer/SDKs/iPhoneSimulator26.5.sdk -O0 -L/tmp/mixr-general-build/Build/Intermediates.noindex/EagerLinkingTBDs/Debug-iphonesimulator -L/tmp/mixr-general-build/Build/Products/Debug-iphonesimulator -F/tmp/mixr-general-build/Build/Intermediates.noindex/EagerLinkingTBDs/Debug-iphonesimulator -F/tmp/mixr-general-build/Build/Products/Debug-iphonesimulator -filelist /tmp/mixr-general-build/Build/Intermediates.noindex/Mixr.build/Debug-iphonesimulator/Mixr.build/Objects-normal/x86_64/Mixr.LinkFileList -install_name @rpath/Mixr.debug.dylib -Xlinker -rpath -Xlinker @executable_path/Frameworks -Xlinker -dead_strip -Xlinker -object_path_lto -Xlinker /tmp/mixr-general-build/Build/Intermediates.noindex/Mixr.build/Debug-iphonesimulator/Mixr.build/Objects-normal/x86_64/Mixr_lto.o -rdynamic -Xlinker -no_deduplicate -Xlinker -objc_abi_version -Xlinker 2 -Xlinker -dependency_info -Xlinker /tmp/mixr-general-build/Build/Intermediates.noindex/Mixr.build/Debug-iphonesimulator/Mixr.build/Objects-normal/x86_64/Mixr_dependency_info.dat -fobjc-link-runtime -L/Applications/Xcode.app/Contents/Developer/Toolchains/XcodeDefault.xctoolchain/usr/lib/swift/iphonesimulator -L/usr/lib/swift -Xlinker -add_ast_path -Xlinker /tmp/mixr-general-build/Build/Intermediates.noindex/Mixr.build/Debug-iphonesimulator/Mixr.build/Objects-normal/x86_64/Mixr.swiftmodule @/tmp/mixr-general-build/Build/Intermediates.noindex/Mixr.build/Debug-iphonesimulator/Mixr.build/Objects-normal/x86_64/Mixr-linker-args.resp -Xlinker -alias -Xlinker _main -Xlinker ___debug_main_executable_dylib_entry_point -o /tmp/mixr-general-build/Build/Intermediates.noindex/Mixr.build/Debug-iphonesimulator/Mixr.build/Objects-normal/x86_64/Binary/Mixr.debug.dylib

ConstructStubExecutorLinkFileList /tmp/mixr-general-build/Build/Intermediates.noindex/Mixr.build/Debug-iphonesimulator/Mixr.build/Mixr-ExecutorLinkFileList-normal-x86_64.txt (in target 'Mixr' from project 'Mixr')
    cd /Users/pranavi/Documents/GitHub/mixr
    construct-stub-executor-link-file-list /tmp/mixr-general-build/Build/Intermediates.noindex/Mixr.build/Debug-iphonesimulator/Mixr.build/Objects-normal/x86_64/Binary/Mixr.debug.dylib /Applications/Xcode.app/Contents/Developer/Platforms/iPhoneSimulator.platform/Developer/usr/lib/libPreviewsJITStubExecutor_no_swift_entry_point.a /Applications/Xcode.app/Contents/Developer/Platforms/iPhoneSimulator.platform/Developer/usr/lib/libPreviewsJITStubExecutor.a --output /tmp/mixr-general-build/Build/Intermediates.noindex/Mixr.build/Debug-iphonesimulator/Mixr.build/Mixr-ExecutorLinkFileList-normal-x86_64.txt
note: Using stub executor library with Swift entry point. (in target 'Mixr' from project 'Mixr')

Ld /tmp/mixr-general-build/Build/Intermediates.noindex/Mixr.build/Debug-iphonesimulator/Mixr.build/Objects-normal/x86_64/Binary/Mixr normal x86_64 (in target 'Mixr' from project 'Mixr')
    cd /Users/pranavi/Documents/GitHub/mixr
    /Applications/Xcode.app/Contents/Developer/Toolchains/XcodeDefault.xctoolchain/usr/bin/clang -Xlinker -reproducible -target x86_64-apple-ios26.5-simulator -isysroot /Applications/Xcode.app/Contents/Developer/Platforms/iPhoneSimulator.platform/Developer/SDKs/iPhoneSimulator26.5.sdk -O0 -L/tmp/mixr-general-build/Build/Products/Debug-iphonesimulator -F/tmp/mixr-general-build/Build/Products/Debug-iphonesimulator -Xlinker -rpath -Xlinker @executable_path -Xlinker -rpath -Xlinker @executable_path/Frameworks -rdynamic -Xlinker -no_deduplicate -Xlinker -objc_abi_version -Xlinker 2 -e ___debug_blank_executor_main -Xlinker -sectcreate -Xlinker __TEXT -Xlinker __debug_dylib -Xlinker /tmp/mixr-general-build/Build/Intermediates.noindex/Mixr.build/Debug-iphonesimulator/Mixr.build/Mixr-DebugDylibPath-normal-x86_64.txt -Xlinker -sectcreate -Xlinker __TEXT -Xlinker __debug_instlnm -Xlinker /tmp/mixr-general-build/Build/Intermediates.noindex/Mixr.build/Debug-iphonesimulator/Mixr.build/Mixr-DebugDylibInstallName-normal-x86_64.txt -Xlinker -filelist -Xlinker /tmp/mixr-general-build/Build/Intermediates.noindex/Mixr.build/Debug-iphonesimulator/Mixr.build/Mixr-ExecutorLinkFileList-normal-x86_64.txt /tmp/mixr-general-build/Build/Intermediates.noindex/Mixr.build/Debug-iphonesimulator/Mixr.build/Objects-normal/x86_64/Binary/Mixr.debug.dylib -o /tmp/mixr-general-build/Build/Intermediates.noindex/Mixr.build/Debug-iphonesimulator/Mixr.build/Objects-normal/x86_64/Binary/Mixr

SwiftDriverJobDiscovery normal arm64 Compiling SongSignalAnalysis.swift, SoundEffects.swift, TrackLibrary.swift, ContentView.swift, MixrApp.swift, TimelineScreen.swift, GeneratedAssetSymbols.swift (in target 'Mixr' from project 'Mixr')

SwiftDriver\ Compilation Mixr normal arm64 com.apple.xcode.tools.swift.compiler (in target 'Mixr' from project 'Mixr')
    cd /Users/pranavi/Documents/GitHub/mixr
    builtin-Swift-Compilation -- /Applications/Xcode.app/Contents/Developer/Toolchains/XcodeDefault.xctoolchain/usr/bin/swiftc -module-name Mixr -Onone @/tmp/mixr-general-build/Build/Intermediates.noindex/Mixr.build/Debug-iphonesimulator/Mixr.build/Objects-normal/arm64/Mixr.SwiftFileList -DDEBUG -default-isolation\=MainActor -enable-bare-slash-regex -enable-upcoming-feature DisableOutwardActorInference -enable-upcoming-feature InferSendableFromCaptures -enable-upcoming-feature GlobalActorIsolatedTypesUsability -enable-upcoming-feature MemberImportVisibility -enable-upcoming-feature InferIsolatedConformances -enable-upcoming-feature NonisolatedNonsendingByDefault -enable-experimental-feature DebugDescriptionMacro -sdk /Applications/Xcode.app/Contents/Developer/Platforms/iPhoneSimulator.platform/Developer/SDKs/iPhoneSimulator26.5.sdk -target arm64-apple-ios26.5-simulator -g -module-cache-path /tmp/mixr-general-build/ModuleCache.noindex -Xfrontend -serialize-debugging-options -enable-testing -index-store-path /tmp/mixr-general-build/Index.noindex/DataStore -Xcc -D_LIBCPP_HARDENING_MODE\=_LIBCPP_HARDENING_MODE_DEBUG -swift-version 5 -I /tmp/mixr-general-build/Build/Products/Debug-iphonesimulator -F /tmp/mixr-general-build/Build/Products/Debug-iphonesimulator -emit-localized-strings -emit-localized-strings-path /tmp/mixr-general-build/Build/Intermediates.noindex/Mixr.build/Debug-iphonesimulator/Mixr.build/Objects-normal/arm64 -c -j10 -enable-batch-mode -incremental -Xcc -ivfsstatcache -Xcc /tmp/mixr-general-build/SDKStatCaches.noindex/iphonesimulator26.5-23F81a-6cfe768891a92b912361537c460fe42b.sdkstatcache -output-file-map /tmp/mixr-general-build/Build/Intermediates.noindex/Mixr.build/Debug-iphonesimulator/Mixr.build/Objects-normal/arm64/Mixr-OutputFileMap.json -use-frontend-parseable-output -save-temps -no-color-diagnostics -explicit-module-build -module-cache-path /tmp/mixr-general-build/Build/Intermediates.noindex/SwiftExplicitPrecompiledModules -clang-scanner-module-cache-path /tmp/mixr-general-build/ModuleCache.noindex -sdk-module-cache-path /tmp/mixr-general-build/ModuleCache.noindex -serialize-diagnostics -emit-dependencies -emit-module -emit-module-path /tmp/mixr-general-build/Build/Intermediates.noindex/Mixr.build/Debug-iphonesimulator/Mixr.build/Objects-normal/arm64/Mixr.swiftmodule -validate-clang-modules-once -clang-build-session-file /tmp/mixr-general-build/ModuleCache.noindex/Session.modulevalidation -Xcc -I/tmp/mixr-general-build/Build/Intermediates.noindex/Mixr.build/Debug-iphonesimulator/Mixr.build/swift-overrides.hmap -emit-const-values -Xfrontend -const-gather-protocols-file -Xfrontend /tmp/mixr-general-build/Build/Intermediates.noindex/Mixr.build/Debug-iphonesimulator/Mixr.build/Objects-normal/arm64/Mixr_const_extract_protocols.json -Xcc -iquote -Xcc /tmp/mixr-general-build/Build/Intermediates.noindex/Mixr.build/Debug-iphonesimulator/Mixr.build/Mixr-generated-files.hmap -Xcc -I/tmp/mixr-general-build/Build/Intermediates.noindex/Mixr.build/Debug-iphonesimulator/Mixr.build/Mixr-own-target-headers.hmap -Xcc -I/tmp/mixr-general-build/Build/Intermediates.noindex/Mixr.build/Debug-iphonesimulator/Mixr.build/Mixr-all-target-headers.hmap -Xcc -iquote -Xcc /tmp/mixr-general-build/Build/Intermediates.noindex/Mixr.build/Debug-iphonesimulator/Mixr.build/Mixr-project-headers.hmap -Xcc -I/tmp/mixr-general-build/Build/Products/Debug-iphonesimulator/include -Xcc -I/tmp/mixr-general-build/Build/Intermediates.noindex/Mixr.build/Debug-iphonesimulator/Mixr.build/DerivedSources-normal/arm64 -Xcc -I/tmp/mixr-general-build/Build/Intermediates.noindex/Mixr.build/Debug-iphonesimulator/Mixr.build/DerivedSources/arm64 -Xcc -I/tmp/mixr-general-build/Build/Intermediates.noindex/Mixr.build/Debug-iphonesimulator/Mixr.build/DerivedSources -Xcc -DDEBUG\=1 -emit-objc-header -emit-objc-header-path /tmp/mixr-general-build/Build/Intermediates.noindex/Mixr.build/Debug-iphonesimulator/Mixr.build/Objects-normal/arm64/Mixr-Swift.h -working-directory /Users/pranavi/Documents/GitHub/mixr -experimental-emit-module-separately -disable-cmo

Ld /tmp/mixr-general-build/Build/Intermediates.noindex/Mixr.build/Debug-iphonesimulator/Mixr.build/Objects-normal/arm64/Binary/Mixr.debug.dylib normal arm64 (in target 'Mixr' from project 'Mixr')
    cd /Users/pranavi/Documents/GitHub/mixr
    /Applications/Xcode.app/Contents/Developer/Toolchains/XcodeDefault.xctoolchain/usr/bin/clang -Xlinker -reproducible -target arm64-apple-ios26.5-simulator -dynamiclib -isysroot /Applications/Xcode.app/Contents/Developer/Platforms/iPhoneSimulator.platform/Developer/SDKs/iPhoneSimulator26.5.sdk -O0 -L/tmp/mixr-general-build/Build/Intermediates.noindex/EagerLinkingTBDs/Debug-iphonesimulator -L/tmp/mixr-general-build/Build/Products/Debug-iphonesimulator -F/tmp/mixr-general-build/Build/Intermediates.noindex/EagerLinkingTBDs/Debug-iphonesimulator -F/tmp/mixr-general-build/Build/Products/Debug-iphonesimulator -filelist /tmp/mixr-general-build/Build/Intermediates.noindex/Mixr.build/Debug-iphonesimulator/Mixr.build/Objects-normal/arm64/Mixr.LinkFileList -install_name @rpath/Mixr.debug.dylib -Xlinker -rpath -Xlinker @executable_path/Frameworks -Xlinker -dead_strip -Xlinker -object_path_lto -Xlinker /tmp/mixr-general-build/Build/Intermediates.noindex/Mixr.build/Debug-iphonesimulator/Mixr.build/Objects-normal/arm64/Mixr_lto.o -rdynamic -Xlinker -no_deduplicate -Xlinker -objc_abi_version -Xlinker 2 -Xlinker -dependency_info -Xlinker /tmp/mixr-general-build/Build/Intermediates.noindex/Mixr.build/Debug-iphonesimulator/Mixr.build/Objects-normal/arm64/Mixr_dependency_info.dat -fobjc-link-runtime -L/Applications/Xcode.app/Contents/Developer/Toolchains/XcodeDefault.xctoolchain/usr/lib/swift/iphonesimulator -L/usr/lib/swift -Xlinker -add_ast_path -Xlinker /tmp/mixr-general-build/Build/Intermediates.noindex/Mixr.build/Debug-iphonesimulator/Mixr.build/Objects-normal/arm64/Mixr.swiftmodule @/tmp/mixr-general-build/Build/Intermediates.noindex/Mixr.build/Debug-iphonesimulator/Mixr.build/Objects-normal/arm64/Mixr-linker-args.resp -Xlinker -alias -Xlinker _main -Xlinker ___debug_main_executable_dylib_entry_point -o /tmp/mixr-general-build/Build/Intermediates.noindex/Mixr.build/Debug-iphonesimulator/Mixr.build/Objects-normal/arm64/Binary/Mixr.debug.dylib

CreateUniversalBinary /tmp/mixr-general-build/Build/Products/Debug-iphonesimulator/Mixr.app/Mixr.debug.dylib normal arm64\ x86_64 (in target 'Mixr' from project 'Mixr')
    cd /Users/pranavi/Documents/GitHub/mixr
    /Applications/Xcode.app/Contents/Developer/Toolchains/XcodeDefault.xctoolchain/usr/bin/lipo -create /tmp/mixr-general-build/Build/Intermediates.noindex/Mixr.build/Debug-iphonesimulator/Mixr.build/Objects-normal/arm64/Binary/Mixr.debug.dylib /tmp/mixr-general-build/Build/Intermediates.noindex/Mixr.build/Debug-iphonesimulator/Mixr.build/Objects-normal/x86_64/Binary/Mixr.debug.dylib -output /tmp/mixr-general-build/Build/Products/Debug-iphonesimulator/Mixr.app/Mixr.debug.dylib

ConstructStubExecutorLinkFileList /tmp/mixr-general-build/Build/Intermediates.noindex/Mixr.build/Debug-iphonesimulator/Mixr.build/Mixr-ExecutorLinkFileList-normal-arm64.txt (in target 'Mixr' from project 'Mixr')
    cd /Users/pranavi/Documents/GitHub/mixr
    construct-stub-executor-link-file-list /tmp/mixr-general-build/Build/Intermediates.noindex/Mixr.build/Debug-iphonesimulator/Mixr.build/Objects-normal/arm64/Binary/Mixr.debug.dylib /Applications/Xcode.app/Contents/Developer/Platforms/iPhoneSimulator.platform/Developer/usr/lib/libPreviewsJITStubExecutor_no_swift_entry_point.a /Applications/Xcode.app/Contents/Developer/Platforms/iPhoneSimulator.platform/Developer/usr/lib/libPreviewsJITStubExecutor.a --output /tmp/mixr-general-build/Build/Intermediates.noindex/Mixr.build/Debug-iphonesimulator/Mixr.build/Mixr-ExecutorLinkFileList-normal-arm64.txt
note: Using stub executor library with Swift entry point. (in target 'Mixr' from project 'Mixr')

Ld /tmp/mixr-general-build/Build/Intermediates.noindex/Mixr.build/Debug-iphonesimulator/Mixr.build/Objects-normal/arm64/Binary/Mixr normal arm64 (in target 'Mixr' from project 'Mixr')
    cd /Users/pranavi/Documents/GitHub/mixr
    /Applications/Xcode.app/Contents/Developer/Toolchains/XcodeDefault.xctoolchain/usr/bin/clang -Xlinker -reproducible -target arm64-apple-ios26.5-simulator -isysroot /Applications/Xcode.app/Contents/Developer/Platforms/iPhoneSimulator.platform/Developer/SDKs/iPhoneSimulator26.5.sdk -O0 -L/tmp/mixr-general-build/Build/Products/Debug-iphonesimulator -F/tmp/mixr-general-build/Build/Products/Debug-iphonesimulator -Xlinker -rpath -Xlinker @executable_path -Xlinker -rpath -Xlinker @executable_path/Frameworks -rdynamic -Xlinker -no_deduplicate -Xlinker -objc_abi_version -Xlinker 2 -e ___debug_blank_executor_main -Xlinker -sectcreate -Xlinker __TEXT -Xlinker __debug_dylib -Xlinker /tmp/mixr-general-build/Build/Intermediates.noindex/Mixr.build/Debug-iphonesimulator/Mixr.build/Mixr-DebugDylibPath-normal-arm64.txt -Xlinker -sectcreate -Xlinker __TEXT -Xlinker __debug_instlnm -Xlinker /tmp/mixr-general-build/Build/Intermediates.noindex/Mixr.build/Debug-iphonesimulator/Mixr.build/Mixr-DebugDylibInstallName-normal-arm64.txt -Xlinker -filelist -Xlinker /tmp/mixr-general-build/Build/Intermediates.noindex/Mixr.build/Debug-iphonesimulator/Mixr.build/Mixr-ExecutorLinkFileList-normal-arm64.txt /tmp/mixr-general-build/Build/Intermediates.noindex/Mixr.build/Debug-iphonesimulator/Mixr.build/Objects-normal/arm64/Binary/Mixr.debug.dylib -o /tmp/mixr-general-build/Build/Intermediates.noindex/Mixr.build/Debug-iphonesimulator/Mixr.build/Objects-normal/arm64/Binary/Mixr

CreateUniversalBinary /tmp/mixr-general-build/Build/Products/Debug-iphonesimulator/Mixr.app/Mixr normal arm64\ x86_64 (in target 'Mixr' from project 'Mixr')
    cd /Users/pranavi/Documents/GitHub/mixr
    /Applications/Xcode.app/Contents/Developer/Toolchains/XcodeDefault.xctoolchain/usr/bin/lipo -create /tmp/mixr-general-build/Build/Intermediates.noindex/Mixr.build/Debug-iphonesimulator/Mixr.build/Objects-normal/arm64/Binary/Mixr /tmp/mixr-general-build/Build/Intermediates.noindex/Mixr.build/Debug-iphonesimulator/Mixr.build/Objects-normal/x86_64/Binary/Mixr -output /tmp/mixr-general-build/Build/Products/Debug-iphonesimulator/Mixr.app/Mixr

CopySwiftLibs /tmp/mixr-general-build/Build/Products/Debug-iphonesimulator/Mixr.app (in target 'Mixr' from project 'Mixr')
    cd /Users/pranavi/Documents/GitHub/mixr
    builtin-swiftStdLibTool --copy --verbose --scan-executable /tmp/mixr-general-build/Build/Products/Debug-iphonesimulator/Mixr.app/Mixr.debug.dylib --scan-folder /tmp/mixr-general-build/Build/Products/Debug-iphonesimulator/Mixr.app/Frameworks --scan-folder /tmp/mixr-general-build/Build/Products/Debug-iphonesimulator/Mixr.app/PlugIns --scan-folder /tmp/mixr-general-build/Build/Products/Debug-iphonesimulator/Mixr.app/SystemExtensions --scan-folder /tmp/mixr-general-build/Build/Products/Debug-iphonesimulator/Mixr.app/Extensions --platform iphonesimulator --toolchain /Applications/Xcode.app/Contents/Developer/Toolchains/XcodeDefault.xctoolchain --destination /tmp/mixr-general-build/Build/Products/Debug-iphonesimulator/Mixr.app/Frameworks --strip-bitcode --strip-bitcode-tool /Applications/Xcode.app/Contents/Developer/Toolchains/XcodeDefault.xctoolchain/usr/bin/bitcode_strip --emit-dependency-info /tmp/mixr-general-build/Build/Intermediates.noindex/Mixr.build/Debug-iphonesimulator/Mixr.build/SwiftStdLibToolInputDependencies.dep --filter-for-swift-os
Ignoring --strip-bitcode because --sign was not passed

ExtractAppIntentsMetadata (in target 'Mixr' from project 'Mixr')
    cd /Users/pranavi/Documents/GitHub/mixr
    /Applications/Xcode.app/Contents/Developer/Toolchains/XcodeDefault.xctoolchain/usr/bin/appintentsmetadataprocessor --toolchain-dir /Applications/Xcode.app/Contents/Developer/Toolchains/XcodeDefault.xctoolchain --module-name Mixr --sdk-root /Applications/Xcode.app/Contents/Developer/Platforms/iPhoneSimulator.platform/Developer/SDKs/iPhoneSimulator26.5.sdk --xcode-version 17F113 --platform-family iOS --deployment-target 26.5 --bundle-identifier com.pranavi.Mixr --output /tmp/mixr-general-build/Build/Products/Debug-iphonesimulator/Mixr.app --target-triple arm64-apple-ios26.5-simulator --target-triple x86_64-apple-ios26.5-simulator --binary-file /tmp/mixr-general-build/Build/Products/Debug-iphonesimulator/Mixr.app/Mixr --dependency-file /tmp/mixr-general-build/Build/Intermediates.noindex/Mixr.build/Debug-iphonesimulator/Mixr.build/Objects-normal/arm64/Mixr_dependency_info.dat --dependency-file /tmp/mixr-general-build/Build/Intermediates.noindex/Mixr.build/Debug-iphonesimulator/Mixr.build/Objects-normal/x86_64/Mixr_dependency_info.dat --stringsdata-file /tmp/mixr-general-build/Build/Intermediates.noindex/Mixr.build/Debug-iphonesimulator/Mixr.build/Objects-normal/arm64/ExtractedAppShortcutsMetadata.stringsdata --stringsdata-file /tmp/mixr-general-build/Build/Intermediates.noindex/Mixr.build/Debug-iphonesimulator/Mixr.build/Objects-normal/x86_64/ExtractedAppShortcutsMetadata.stringsdata --source-file-list /tmp/mixr-general-build/Build/Intermediates.noindex/Mixr.build/Debug-iphonesimulator/Mixr.build/Objects-normal/arm64/Mixr.SwiftFileList --source-file-list /tmp/mixr-general-build/Build/Intermediates.noindex/Mixr.build/Debug-iphonesimulator/Mixr.build/Objects-normal/x86_64/Mixr.SwiftFileList --metadata-file-list /tmp/mixr-general-build/Build/Intermediates.noindex/Mixr.build/Debug-iphonesimulator/Mixr.build/Mixr.DependencyMetadataFileList --static-metadata-file-list /tmp/mixr-general-build/Build/Intermediates.noindex/Mixr.build/Debug-iphonesimulator/Mixr.build/Mixr.DependencyStaticMetadataFileList --swift-const-vals-list /tmp/mixr-general-build/Build/Intermediates.noindex/Mixr.build/Debug-iphonesimulator/Mixr.build/Objects-normal/arm64/Mixr.SwiftConstValuesFileList --swift-const-vals-list /tmp/mixr-general-build/Build/Intermediates.noindex/Mixr.build/Debug-iphonesimulator/Mixr.build/Objects-normal/x86_64/Mixr.SwiftConstValuesFileList --compile-time-extraction --deployment-aware-processing --validate-assistant-intents --no-app-shortcuts-localization
2026-09-09 22:25:26.500 appintentsmetadataprocessor[36380:1095772] Starting appintentsmetadataprocessor export
2026-09-09 22:25:26.504 appintentsmetadataprocessor[36380:1095772] warning: Metadata extraction skipped. No AppIntents.framework dependency found.

AppIntentsSSUTraining (in target 'Mixr' from project 'Mixr')
    cd /Users/pranavi/Documents/GitHub/mixr
    /Applications/Xcode.app/Contents/Developer/Toolchains/XcodeDefault.xctoolchain/usr/bin/appintentsnltrainingprocessor --infoplist-path /tmp/mixr-general-build/Build/Products/Debug-iphonesimulator/Mixr.app/Info.plist --temp-dir-path /tmp/mixr-general-build/Build/Intermediates.noindex/Mixr.build/Debug-iphonesimulator/Mixr.build/ssu --bundle-id com.pranavi.Mixr --product-path /tmp/mixr-general-build/Build/Products/Debug-iphonesimulator/Mixr.app --extracted-metadata-path /tmp/mixr-general-build/Build/Products/Debug-iphonesimulator/Mixr.app/Metadata.appintents --metadata-file-list /tmp/mixr-general-build/Build/Intermediates.noindex/Mixr.build/Debug-iphonesimulator/Mixr.build/Mixr.DependencyMetadataFileList --source-file /tmp/mixr-general-build/Build/Products/Debug-iphonesimulator/Mixr.app/Info.plist --archive-ssu-assets
2026-09-09 22:25:26.517 appintentsnltrainingprocessor[36381:1095776] Parsing options for appintentsnltrainingprocessor
2026-09-09 22:25:26.518 appintentsnltrainingprocessor[36381:1095776] Starting AppIntents SSU YAML Generation
2026-09-09 22:25:26.520 appintentsnltrainingprocessor[36381:1095776] No AppShortcuts found - Skipping.

RegisterExecutionPolicyException /tmp/mixr-general-build/Build/Products/Debug-iphonesimulator/Mixr.app (in target 'Mixr' from project 'Mixr')
    cd /Users/pranavi/Documents/GitHub/mixr
    builtin-RegisterExecutionPolicyException /tmp/mixr-general-build/Build/Products/Debug-iphonesimulator/Mixr.app

Validate /tmp/mixr-general-build/Build/Products/Debug-iphonesimulator/Mixr.app (in target 'Mixr' from project 'Mixr')
    cd /Users/pranavi/Documents/GitHub/mixr
    builtin-validationUtility /tmp/mixr-general-build/Build/Products/Debug-iphonesimulator/Mixr.app -shallow-bundle -infoplist-subpath Info.plist

Touch /tmp/mixr-general-build/Build/Products/Debug-iphonesimulator/Mixr.app (in target 'Mixr' from project 'Mixr')
    cd /Users/pranavi/Documents/GitHub/mixr
    /usr/bin/touch -c /tmp/mixr-general-build/Build/Products/Debug-iphonesimulator/Mixr.app

** BUILD SUCCEEDED **

