Command line invocation:
    /Applications/Xcode.app/Contents/Developer/usr/bin/xcodebuild -project Mixr.xcodeproj -scheme Mixr -destination "generic/platform=iOS Simulator" -derivedDataPath /tmp/mixr-general-build CODE_SIGNING_ALLOWED=NO build

Build settings from command line:
    CODE_SIGNING_ALLOWED = NO

ComputePackagePrebuildTargetDependencyGraph

Prepare packages

CreateBuildRequest

SendProjectDescription

CreateBuildOperation

ComputeTargetDependencyGraph
note: Building targets in dependency order
note: Target dependency graph (1 target)
    Target 'Mixr' in project 'Mixr' (no dependencies)

GatherProvisioningInputs

CreateBuildDescription

ExecuteExternalTool /Applications/Xcode.app/Contents/Developer/Toolchains/XcodeDefault.xctoolchain/usr/bin/clang -v -E -dM -isysroot /Applications/Xcode.app/Contents/Developer/Platforms/iPhoneSimulator.platform/Developer/SDKs/iPhoneSimulator26.5.sdk -x c -c /dev/null

ExecuteExternalTool /Applications/Xcode.app/Contents/Developer/usr/bin/actool --print-asset-tag-combinations --output-format xml1 /Users/pranavi/Documents/GitHub/mixr/Mixr/AppIcon.icon /Users/pranavi/Documents/GitHub/mixr/Mixr/Assets.xcassets

ExecuteExternalTool /Applications/Xcode.app/Contents/Developer/usr/bin/actool --version --output-format xml1

ExecuteExternalTool /Applications/Xcode.app/Contents/Developer/Toolchains/XcodeDefault.xctoolchain/usr/bin/swiftc --version

ExecuteExternalTool /Applications/Xcode.app/Contents/Developer/Toolchains/XcodeDefault.xctoolchain/usr/bin/ld -version_details

Build description signature: e39b0b4e72a1ccf530d08917246bb39c
Build description path: /tmp/mixr-general-build/Build/Intermediates.noindex/XCBuildData/e39b0b4e72a1ccf530d08917246bb39c.xcbuilddata
ClangStatCache /Applications/Xcode.app/Contents/Developer/Toolchains/XcodeDefault.xctoolchain/usr/bin/clang-stat-cache /Applications/Xcode.app/Contents/Developer/Platforms/iPhoneSimulator.platform/Developer/SDKs/iPhoneSimulator26.5.sdk /tmp/mixr-general-build/SDKStatCaches.noindex/iphonesimulator26.5-23F81a-6cfe768891a92b912361537c460fe42b.sdkstatcache
    cd /Users/pranavi/Documents/GitHub/mixr/Mixr.xcodeproj
    /Applications/Xcode.app/Contents/Developer/Toolchains/XcodeDefault.xctoolchain/usr/bin/clang-stat-cache /Applications/Xcode.app/Contents/Developer/Platforms/iPhoneSimulator.platform/Developer/SDKs/iPhoneSimulator26.5.sdk -o /tmp/mixr-general-build/SDKStatCaches.noindex/iphonesimulator26.5-23F81a-6cfe768891a92b912361537c460fe42b.sdkstatcache

SwiftDriver Mixr normal arm64 com.apple.xcode.tools.swift.compiler (in target 'Mixr' from project 'Mixr')
    cd /Users/pranavi/Documents/GitHub/mixr
    builtin-SwiftDriver -- /Applications/Xcode.app/Contents/Developer/Toolchains/XcodeDefault.xctoolchain/usr/bin/swiftc -module-name Mixr -Onone @/tmp/mixr-general-build/Build/Intermediates.noindex/Mixr.build/Debug-iphonesimulator/Mixr.build/Objects-normal/arm64/Mixr.SwiftFileList -DDEBUG -default-isolation\=MainActor -enable-bare-slash-regex -enable-upcoming-feature DisableOutwardActorInference -enable-upcoming-feature InferSendableFromCaptures -enable-upcoming-feature GlobalActorIsolatedTypesUsability -enable-upcoming-feature MemberImportVisibility -enable-upcoming-feature InferIsolatedConformances -enable-upcoming-feature NonisolatedNonsendingByDefault -enable-experimental-feature DebugDescriptionMacro -sdk /Applications/Xcode.app/Contents/Developer/Platforms/iPhoneSimulator.platform/Developer/SDKs/iPhoneSimulator26.5.sdk -target arm64-apple-ios26.5-simulator -g -module-cache-path /tmp/mixr-general-build/ModuleCache.noindex -Xfrontend -serialize-debugging-options -enable-testing -index-store-path /tmp/mixr-general-build/Index.noindex/DataStore -Xcc -D_LIBCPP_HARDENING_MODE\=_LIBCPP_HARDENING_MODE_DEBUG -swift-version 5 -I /tmp/mixr-general-build/Build/Products/Debug-iphonesimulator -F /tmp/mixr-general-build/Build/Products/Debug-iphonesimulator -emit-localized-strings -emit-localized-strings-path /tmp/mixr-general-build/Build/Intermediates.noindex/Mixr.build/Debug-iphonesimulator/Mixr.build/Objects-normal/arm64 -c -j10 -enable-batch-mode -incremental -Xcc -ivfsstatcache -Xcc /tmp/mixr-general-build/SDKStatCaches.noindex/iphonesimulator26.5-23F81a-6cfe768891a92b912361537c460fe42b.sdkstatcache -output-file-map /tmp/mixr-general-build/Build/Intermediates.noindex/Mixr.build/Debug-iphonesimulator/Mixr.build/Objects-normal/arm64/Mixr-OutputFileMap.json -use-frontend-parseable-output -save-temps -no-color-diagnostics -explicit-module-build -module-cache-path /tmp/mixr-general-build/Build/Intermediates.noindex/SwiftExplicitPrecompiledModules -clang-scanner-module-cache-path /tmp/mixr-general-build/ModuleCache.noindex -sdk-module-cache-path /tmp/mixr-general-build/ModuleCache.noindex -serialize-diagnostics -emit-dependencies -emit-module -emit-module-path /tmp/mixr-general-build/Build/Intermediates.noindex/Mixr.build/Debug-iphonesimulator/Mixr.build/Objects-normal/arm64/Mixr.swiftmodule -validate-clang-modules-once -clang-build-session-file /tmp/mixr-general-build/ModuleCache.noindex/Session.modulevalidation -Xcc -I/tmp/mixr-general-build/Build/Intermediates.noindex/Mixr.build/Debug-iphonesimulator/Mixr.build/swift-overrides.hmap -emit-const-values -Xfrontend -const-gather-protocols-file -Xfrontend /tmp/mixr-general-build/Build/Intermediates.noindex/Mixr.build/Debug-iphonesimulator/Mixr.build/Objects-normal/arm64/Mixr_const_extract_protocols.json -Xcc -iquote -Xcc /tmp/mixr-general-build/Build/Intermediates.noindex/Mixr.build/Debug-iphonesimulator/Mixr.build/Mixr-generated-files.hmap -Xcc -I/tmp/mixr-general-build/Build/Intermediates.noindex/Mixr.build/Debug-iphonesimulator/Mixr.build/Mixr-own-target-headers.hmap -Xcc -I/tmp/mixr-general-build/Build/Intermediates.noindex/Mixr.build/Debug-iphonesimulator/Mixr.build/Mixr-all-target-headers.hmap -Xcc -iquote -Xcc /tmp/mixr-general-build/Build/Intermediates.noindex/Mixr.build/Debug-iphonesimulator/Mixr.build/Mixr-project-headers.hmap -Xcc -I/tmp/mixr-general-build/Build/Products/Debug-iphonesimulator/include -Xcc -I/tmp/mixr-general-build/Build/Intermediates.noindex/Mixr.build/Debug-iphonesimulator/Mixr.build/DerivedSources-normal/arm64 -Xcc -I/tmp/mixr-general-build/Build/Intermediates.noindex/Mixr.build/Debug-iphonesimulator/Mixr.build/DerivedSources/arm64 -Xcc -I/tmp/mixr-general-build/Build/Intermediates.noindex/Mixr.build/Debug-iphonesimulator/Mixr.build/DerivedSources -Xcc -DDEBUG\=1 -emit-objc-header -emit-objc-header-path /tmp/mixr-general-build/Build/Intermediates.noindex/Mixr.build/Debug-iphonesimulator/Mixr.build/Objects-normal/arm64/Mixr-Swift.h -working-directory /Users/pranavi/Documents/GitHub/mixr -experimental-emit-module-separately -disable-cmo

SwiftDriver Mixr normal x86_64 com.apple.xcode.tools.swift.compiler (in target 'Mixr' from project 'Mixr')
    cd /Users/pranavi/Documents/GitHub/mixr
    builtin-SwiftDriver -- /Applications/Xcode.app/Contents/Developer/Toolchains/XcodeDefault.xctoolchain/usr/bin/swiftc -module-name Mixr -Onone @/tmp/mixr-general-build/Build/Intermediates.noindex/Mixr.build/Debug-iphonesimulator/Mixr.build/Objects-normal/x86_64/Mixr.SwiftFileList -DDEBUG -default-isolation\=MainActor -enable-bare-slash-regex -enable-upcoming-feature DisableOutwardActorInference -enable-upcoming-feature InferSendableFromCaptures -enable-upcoming-feature GlobalActorIsolatedTypesUsability -enable-upcoming-feature MemberImportVisibility -enable-upcoming-feature InferIsolatedConformances -enable-upcoming-feature NonisolatedNonsendingByDefault -enable-experimental-feature DebugDescriptionMacro -sdk /Applications/Xcode.app/Contents/Developer/Platforms/iPhoneSimulator.platform/Developer/SDKs/iPhoneSimulator26.5.sdk -target x86_64-apple-ios26.5-simulator -g -module-cache-path /tmp/mixr-general-build/ModuleCache.noindex -Xfrontend -serialize-debugging-options -enable-testing -index-store-path /tmp/mixr-general-build/Index.noindex/DataStore -Xcc -D_LIBCPP_HARDENING_MODE\=_LIBCPP_HARDENING_MODE_DEBUG -swift-version 5 -I /tmp/mixr-general-build/Build/Products/Debug-iphonesimulator -F /tmp/mixr-general-build/Build/Products/Debug-iphonesimulator -emit-localized-strings -emit-localized-strings-path /tmp/mixr-general-build/Build/Intermediates.noindex/Mixr.build/Debug-iphonesimulator/Mixr.build/Objects-normal/x86_64 -c -j10 -enable-batch-mode -incremental -Xcc -ivfsstatcache -Xcc /tmp/mixr-general-build/SDKStatCaches.noindex/iphonesimulator26.5-23F81a-6cfe768891a92b912361537c460fe42b.sdkstatcache -output-file-map /tmp/mixr-general-build/Build/Intermediates.noindex/Mixr.build/Debug-iphonesimulator/Mixr.build/Objects-normal/x86_64/Mixr-OutputFileMap.json -use-frontend-parseable-output -save-temps -no-color-diagnostics -explicit-module-build -module-cache-path /tmp/mixr-general-build/Build/Intermediates.noindex/SwiftExplicitPrecompiledModules -clang-scanner-module-cache-path /tmp/mixr-general-build/ModuleCache.noindex -sdk-module-cache-path /tmp/mixr-general-build/ModuleCache.noindex -serialize-diagnostics -emit-dependencies -emit-module -emit-module-path /tmp/mixr-general-build/Build/Intermediates.noindex/Mixr.build/Debug-iphonesimulator/Mixr.build/Objects-normal/x86_64/Mixr.swiftmodule -validate-clang-modules-once -clang-build-session-file /tmp/mixr-general-build/ModuleCache.noindex/Session.modulevalidation -Xcc -I/tmp/mixr-general-build/Build/Intermediates.noindex/Mixr.build/Debug-iphonesimulator/Mixr.build/swift-overrides.hmap -emit-const-values -Xfrontend -const-gather-protocols-file -Xfrontend /tmp/mixr-general-build/Build/Intermediates.noindex/Mixr.build/Debug-iphonesimulator/Mixr.build/Objects-normal/x86_64/Mixr_const_extract_protocols.json -Xcc -iquote -Xcc /tmp/mixr-general-build/Build/Intermediates.noindex/Mixr.build/Debug-iphonesimulator/Mixr.build/Mixr-generated-files.hmap -Xcc -I/tmp/mixr-general-build/Build/Intermediates.noindex/Mixr.build/Debug-iphonesimulator/Mixr.build/Mixr-own-target-headers.hmap -Xcc -I/tmp/mixr-general-build/Build/Intermediates.noindex/Mixr.build/Debug-iphonesimulator/Mixr.build/Mixr-all-target-headers.hmap -Xcc -iquote -Xcc /tmp/mixr-general-build/Build/Intermediates.noindex/Mixr.build/Debug-iphonesimulator/Mixr.build/Mixr-project-headers.hmap -Xcc -I/tmp/mixr-general-build/Build/Products/Debug-iphonesimulator/include -Xcc -I/tmp/mixr-general-build/Build/Intermediates.noindex/Mixr.build/Debug-iphonesimulator/Mixr.build/DerivedSources-normal/x86_64 -Xcc -I/tmp/mixr-general-build/Build/Intermediates.noindex/Mixr.build/Debug-iphonesimulator/Mixr.build/DerivedSources/x86_64 -Xcc -I/tmp/mixr-general-build/Build/Intermediates.noindex/Mixr.build/Debug-iphonesimulator/Mixr.build/DerivedSources -Xcc -DDEBUG\=1 -emit-objc-header -emit-objc-header-path /tmp/mixr-general-build/Build/Intermediates.noindex/Mixr.build/Debug-iphonesimulator/Mixr.build/Objects-normal/x86_64/Mixr-Swift.h -working-directory /Users/pranavi/Documents/GitHub/mixr -experimental-emit-module-separately -disable-cmo

SwiftCompile normal x86_64 Compiling\ AutoRemixApplier.swift /Users/pranavi/Documents/GitHub/mixr/Mixr/Models/AutoRemixApplier.swift (in target 'Mixr' from project 'Mixr')

SwiftCompile normal x86_64 /Users/pranavi/Documents/GitHub/mixr/Mixr/Models/AutoRemixApplier.swift (in target 'Mixr' from project 'Mixr')
    cd /Users/pranavi/Documents/GitHub/mixr
    
/Users/pranavi/Documents/GitHub/mixr/Mixr/Models/AutoRemixApplier.swift:35:41: warning: call to main actor-isolated static method 'resolve(songURL:stemsRoot:fileExists:)' in a synchronous nonisolated context
                    ?? AutoStemResolver.resolve(songURL: result[ti].url)
                                        ^
/Users/pranavi/Documents/GitHub/mixr/Mixr/Models/AutoStemSidecar.swift:80:17: note: calls to static method 'resolve(songURL:stemsRoot:fileExists:)' from outside of its actor context are implicitly asynchronous
    static func resolve(
                ^
/Users/pranavi/Documents/GitHub/mixr/Mixr/Models/AutoRemixApplier.swift:36:76: warning: call to main actor-isolated instance method 'url(for:)' in a synchronous nonisolated context
                func stemURL(_ kind: AutoStemKind) -> URL? { resolvedStems.url(for: kind) }
                                                                           ^
/Users/pranavi/Documents/GitHub/mixr/Mixr/Models/AutoStemSidecar.swift:49:10: note: calls to instance method 'url(for:)' from outside of its actor context are implicitly asynchronous
    func url(for kind: AutoStemKind) -> URL? {
         ^
/Users/pranavi/Documents/GitHub/mixr/Mixr/Models/AutoRemixApplier.swift:116:50: warning: call to main actor-isolated static method 'makeSFXTrack(primary:)' in a synchronous nonisolated context
                result.append(SoundEffectLibrary.makeSFXTrack(primary: true))
                                                 ^
/Users/pranavi/Documents/GitHub/mixr/Mixr/Models/SoundEffects.swift:146:17: note: calls to static method 'makeSFXTrack(primary:)' from outside of its actor context are implicitly asynchronous
    static func makeSFXTrack(primary: Bool = true) -> MixrTrack {
                ^
/Users/pranavi/Documents/GitHub/mixr/Mixr/Models/AutoRemixApplier.swift:24:17: note: add '@MainActor' to make static method 'apply(_:to:)' part of global actor 'MainActor'
    static func apply(_ plan: AutoRemixPlan, to tracks: [MixrTrack]) -> Applied {
                ^
    @MainActor 
/Users/pranavi/Documents/GitHub/mixr/Mixr/Models/AutoRemixApplier.swift:133:36: warning: call to main actor-isolated static method 'placeExact(definition:atUnit:into:clipID:)' in a synchronous nonisolated context
                SoundEffectLibrary.placeExact(
                                   ^
/Users/pranavi/Documents/GitHub/mixr/Mixr/Models/SoundEffects.swift:169:17: note: calls to static method 'placeExact(definition:atUnit:into:clipID:)' from outside of its actor context are implicitly asynchronous
    static func placeExact(
                ^
/Users/pranavi/Documents/GitHub/mixr/Mixr/Models/AutoRemixApplier.swift:24:17: note: add '@MainActor' to make static method 'apply(_:to:)' part of global actor 'MainActor'
    static func apply(_ plan: AutoRemixPlan, to tracks: [MixrTrack]) -> Applied {
                ^
    @MainActor 
/Users/pranavi/Documents/GitHub/mixr/Mixr/Models/AutoRemixApplier.swift:150:25: warning: call to main actor-isolated instance method 'promoteMixWindowDump()' in a synchronous nonisolated context
            appliedPlan.promoteMixWindowDump()
                        ^
/Users/pranavi/Documents/GitHub/mixr/Mixr/Models/AutoRemixPlan.swift:537:19: note: calls to instance method 'promoteMixWindowDump()' from outside of its actor context are implicitly asynchronous
    mutating func promoteMixWindowDump() {
                  ^
/Users/pranavi/Documents/GitHub/mixr/Mixr/Models/AutoRemixApplier.swift:24:17: note: add '@MainActor' to make static method 'apply(_:to:)' part of global actor 'MainActor'
    static func apply(_ plan: AutoRemixPlan, to tracks: [MixrTrack]) -> Applied {
                ^
    @MainActor 
/Users/pranavi/Documents/GitHub/mixr/Mixr/Models/AutoRemixApplier.swift:193:43: warning: call to main actor-isolated static method 'sanitize' in a synchronous nonisolated context
            effects: AutoSupportedEffects.sanitize(p.effects),
                                          ^
/Users/pranavi/Documents/GitHub/mixr/Mixr/Models/AutoRemixPlan.swift:700:17: note: calls to static method 'sanitize' from outside of its actor context are implicitly asynchronous
    static func sanitize(_ settings: ClipEffectSettings) -> ClipEffectSettings {
                ^
/Users/pranavi/Documents/GitHub/mixr/Mixr/Models/AutoRemixApplier.swift:170:25: note: add '@MainActor' to make static method 'makeClip' part of global actor 'MainActor'
    private static func makeClip(_ p: AutoClipPlacement) -> MixrClip {
                        ^
    @MainActor 

SwiftCompile normal x86_64 Compiling\ AutoRemixValidator.swift /Users/pranavi/Documents/GitHub/mixr/Mixr/Models/AutoRemixValidator.swift (in target 'Mixr' from project 'Mixr')
SwiftCompile normal x86_64 /Users/pranavi/Documents/GitHub/mixr/Mixr/Models/AutoRemixValidator.swift (in target 'Mixr' from project 'Mixr')
    cd /Users/pranavi/Documents/GitHub/mixr
    
/Users/pranavi/Documents/GitHub/mixr/Mixr/Models/AutoRemixValidator.swift:46:46: warning: call to main actor-isolated static method 'sanitize' in a synchronous nonisolated context
            p.effects = AutoSupportedEffects.sanitize(p.effects)
                                             ^
/Users/pranavi/Documents/GitHub/mixr/Mixr/Models/AutoRemixPlan.swift:700:17: note: calls to static method 'sanitize' from outside of its actor context are implicitly asynchronous
    static func sanitize(_ settings: ClipEffectSettings) -> ClipEffectSettings {
                ^
/Users/pranavi/Documents/GitHub/mixr/Mixr/Models/AutoRemixValidator.swift:15:17: note: add '@MainActor' to make static method 'validate(_:profiles:tuning:)' part of global actor 'MainActor'
    static func validate(
                ^
    @MainActor 
/Users/pranavi/Documents/GitHub/mixr/Mixr/Models/AutoRemixValidator.swift:413:24: warning: main actor-isolated property 'pulseDrumStrength' can not be referenced from a nonisolated autoclosure
            && (owner?.pulseDrumStrength ?? 1) < AutoClubPulse.thinDrumThreshold
                       ^
/Users/pranavi/Documents/GitHub/mixr/Mixr/Models/AutoSectionCatalog.swift:80:9: note: property declared here
    var pulseDrumStrength: Double {
        ^
/Users/pranavi/Documents/GitHub/mixr/Mixr/Models/AutoRemixValidator.swift:424:53: warning: call to main actor-isolated instance method 'url(for:)' in a synchronous nonisolated context
                  profiles[placement.songID]?.stems.url(for: kind) != nil else { return true }
                                                    ^
/Users/pranavi/Documents/GitHub/mixr/Mixr/Models/AutoStemSidecar.swift:49:10: note: calls to instance method 'url(for:)' from outside of its actor context are implicitly asynchronous
    func url(for kind: AutoStemKind) -> URL? {
         ^
/Users/pranavi/Documents/GitHub/mixr/Mixr/Models/AutoRemixValidator.swift:431:44: warning: main actor-isolated property 'pulseDrumStrength' can not be referenced from a nonisolated context
        policy.sourceHasClubKick = (owner?.pulseDrumStrength ?? 0) >= AutoClubPulse.slammingDrumThreshold
                                           ^
/Users/pranavi/Documents/GitHub/mixr/Mixr/Models/AutoSectionCatalog.swift:80:9: note: property declared here
    var pulseDrumStrength: Double {
        ^
/Users/pranavi/Documents/GitHub/mixr/Mixr/Models/AutoRemixValidator.swift:399:25: note: add '@MainActor' to make static method 'enforcePulseOwnership(_:profiles:decisions:warnings:)' part of global actor 'MainActor'
    private static func enforcePulseOwnership(
                        ^
    @MainActor 
/Users/pranavi/Documents/GitHub/mixr/Mixr/Models/AutoRemixValidator.swift:463:100: warning: main actor-isolated static property 'festivalDetail' can not be referenced from a nonisolated autoclosure
        decisions.removeAll { $0.kind == .addedRiserIntoDrop && $0.detail == AutoFestivalMixWindow.festivalDetail }
                                                                                                   ^
/Users/pranavi/Documents/GitHub/mixr/Mixr/Models/AutoRemixPlan.swift:385:16: note: static property declared here
    static let festivalDetail =
               ^
/Users/pranavi/Documents/GitHub/mixr/Mixr/Models/AutoRemixValidator.swift:1234:52: warning: call to main actor-isolated static method 'sanitize' in a synchronous nonisolated context
                seg.effects = AutoSupportedEffects.sanitize(fx)
                                                   ^
/Users/pranavi/Documents/GitHub/mixr/Mixr/Models/AutoRemixPlan.swift:700:17: note: calls to static method 'sanitize' from outside of its actor context are implicitly asynchronous
    static func sanitize(_ settings: ClipEffectSettings) -> ClipEffectSettings {
                ^
/Users/pranavi/Documents/GitHub/mixr/Mixr/Models/AutoRemixValidator.swift:1168:25: note: add '@MainActor' to make static method 'shapeTrailingOutro(_:profiles:decisions:)' part of global actor 'MainActor'
    private static func shapeTrailingOutro(
                        ^
    @MainActor 
/Users/pranavi/Documents/GitHub/mixr/Mixr/Models/AutoRemixValidator.swift:1305:71: warning: call to main actor-isolated static method 'sanitize' in a synchronous nonisolated context
                    plan.placements[i].effects = AutoSupportedEffects.sanitize(fx)
                                                                      ^
/Users/pranavi/Documents/GitHub/mixr/Mixr/Models/AutoRemixPlan.swift:700:17: note: calls to static method 'sanitize' from outside of its actor context are implicitly asynchronous
    static func sanitize(_ settings: ClipEffectSettings) -> ClipEffectSettings {
                ^
/Users/pranavi/Documents/GitHub/mixr/Mixr/Models/AutoRemixValidator.swift:1264:25: note: add '@MainActor' to make static method 'transformVerbatimRepeats(_:decisions:)' part of global actor 'MainActor'
    private static func transformVerbatimRepeats(
                        ^
    @MainActor 
/Users/pranavi/Documents/GitHub/mixr/Mixr/Models/AutoRemixValidator.swift:1314:72: warning: call to main actor-isolated static method 'sanitize' in a synchronous nonisolated context
                    plan.placements[ai].effects = AutoSupportedEffects.sanitize(fx)
                                                                       ^
/Users/pranavi/Documents/GitHub/mixr/Mixr/Models/AutoRemixPlan.swift:700:17: note: calls to static method 'sanitize' from outside of its actor context are implicitly asynchronous
    static func sanitize(_ settings: ClipEffectSettings) -> ClipEffectSettings {
                ^
/Users/pranavi/Documents/GitHub/mixr/Mixr/Models/AutoRemixValidator.swift:1264:25: note: add '@MainActor' to make static method 'transformVerbatimRepeats(_:decisions:)' part of global actor 'MainActor'
    private static func transformVerbatimRepeats(
                        ^
    @MainActor 
/Users/pranavi/Documents/GitHub/mixr/Mixr/Models/AutoRemixValidator.swift:1341:56: warning: call to main actor-isolated static method 'sanitize' in a synchronous nonisolated context
                    seg.effects = AutoSupportedEffects.sanitize(fx)
                                                       ^
/Users/pranavi/Documents/GitHub/mixr/Mixr/Models/AutoRemixPlan.swift:700:17: note: calls to static method 'sanitize' from outside of its actor context are implicitly asynchronous
    static func sanitize(_ settings: ClipEffectSettings) -> ClipEffectSettings {
                ^
/Users/pranavi/Documents/GitHub/mixr/Mixr/Models/AutoRemixValidator.swift:1264:25: note: add '@MainActor' to make static method 'transformVerbatimRepeats(_:decisions:)' part of global actor 'MainActor'
    private static func transformVerbatimRepeats(
                        ^
    @MainActor 
/Users/pranavi/Documents/GitHub/mixr/Mixr/Models/AutoRemixValidator.swift:1699:35: warning: call to main actor-isolated static method 'sanitize' in a synchronous nonisolated context
        fx = AutoSupportedEffects.sanitize(fx)
                                  ^
/Users/pranavi/Documents/GitHub/mixr/Mixr/Models/AutoRemixPlan.swift:700:17: note: calls to static method 'sanitize' from outside of its actor context are implicitly asynchronous
    static func sanitize(_ settings: ClipEffectSettings) -> ClipEffectSettings {
                ^
/Users/pranavi/Documents/GitHub/mixr/Mixr/Models/AutoRemixValidator.swift:1638:25: note: add '@MainActor' to make static method 'addIncomingVocalRideIn(_:decisions:)' part of global actor 'MainActor'
    private static func addIncomingVocalRideIn(
                        ^
    @MainActor 

SwiftCompile normal x86_64 Compiling\ AutoRemixPlan.swift /Users/pranavi/Documents/GitHub/mixr/Mixr/Models/AutoRemixPlan.swift (in target 'Mixr' from project 'Mixr')

SwiftCompile normal x86_64 /Users/pranavi/Documents/GitHub/mixr/Mixr/Models/AutoRemixPlan.swift (in target 'Mixr' from project 'Mixr')
    cd /Users/pranavi/Documents/GitHub/mixr
    

SwiftCompile normal x86_64 Compiling\ AutoRemixPlanner.swift /Users/pranavi/Documents/GitHub/mixr/Mixr/Models/AutoRemixPlanner.swift (in target 'Mixr' from project 'Mixr')
SwiftCompile normal x86_64 /Users/pranavi/Documents/GitHub/mixr/Mixr/Models/AutoRemixPlanner.swift (in target 'Mixr' from project 'Mixr')
    cd /Users/pranavi/Documents/GitHub/mixr
    
/Users/pranavi/Documents/GitHub/mixr/Mixr/Models/AutoRemixPlanner.swift:905:13: warning: variable 'joinContracts' was never mutated; consider changing to 'let' constant
        var joinContracts: [AutoJoinContract] = []
        ~~~ ^
        let
/Users/pranavi/Documents/GitHub/mixr/Mixr/Models/AutoRemixPlanner.swift:907:13: warning: variable 'cutRecords' was never mutated; consider changing to 'let' constant
        var cutRecords: [AutoCutRecord] = []
        ~~~ ^
        let
/Users/pranavi/Documents/GitHub/mixr/Mixr/Models/AutoRemixPlanner.swift:1566:62: warning: will never be executed
            bedTempoRatio: bedTempo.ok ? bedTempo.bedRatio : nil,
                                                             ^
/Users/pranavi/Documents/GitHub/mixr/Mixr/Models/AutoRemixPlanner.swift:1566:37: note: condition always evaluates to true
            bedTempoRatio: bedTempo.ok ? bedTempo.bedRatio : nil,
                                    ^

SwiftCompile normal x86_64 Compiling\ AutoRemixRunner.swift /Users/pranavi/Documents/GitHub/mixr/Mixr/Models/AutoRemixRunner.swift (in target 'Mixr' from project 'Mixr')

SwiftCompile normal x86_64 /Users/pranavi/Documents/GitHub/mixr/Mixr/Models/AutoRemixRunner.swift (in target 'Mixr' from project 'Mixr')
    cd /Users/pranavi/Documents/GitHub/mixr
    
/Users/pranavi/Documents/GitHub/mixr/Mixr/Models/AutoRemixRunner.swift:67:13: warning: variable 'validated' was never mutated; consider changing to 'let' constant
        var validated = AutoRemixValidator.validate(draft, profiles: profiles, tuning: tuning)
        ~~~ ^
        let

SwiftEmitModule normal x86_64 Emitting\ module\ for\ Mixr (in target 'Mixr' from project 'Mixr')

EmitSwiftModule normal x86_64 (in target 'Mixr' from project 'Mixr')
    cd /Users/pranavi/Documents/GitHub/mixr
    
/Users/pranavi/Documents/GitHub/mixr/Mixr/Models/AutoOfflineMixdown.swift:200:36: warning: call to main actor-isolated static method 'masterize(channels:companions:sampleRate:targetLUFS:maxMakeupDB:maxCutDB:ceilingDB:maxSustainedDB:)' in a synchronous nonisolated context
        let master = AutoMasterBus.masterize(
                                   ^
/Users/pranavi/Documents/GitHub/mixr/Mixr/Models/AutoMasterBus.swift:277:17: note: calls to static method 'masterize(channels:companions:sampleRate:targetLUFS:maxMakeupDB:maxCutDB:ceilingDB:maxSustainedDB:)' from outside of its actor context are implicitly asynchronous
    static func masterize(
                ^
/Users/pranavi/Documents/GitHub/mixr/Mixr/Models/AutoOfflineMixdown.swift:50:17: note: add '@MainActor' to make static method 'render(plan:sources:stemSources:sampleRate:trackVolume:sfxTrackVolume:includeTail:)' part of global actor 'MainActor'
    static func render(
                ^
    @MainActor 
/Users/pranavi/Documents/GitHub/mixr/Mixr/Models/AutoRemixPlanner.swift:905:13: warning: variable 'joinContracts' was never mutated; consider changing to 'let' constant
        var joinContracts: [AutoJoinContract] = []
        ~~~ ^
        let
/Users/pranavi/Documents/GitHub/mixr/Mixr/Models/AutoRemixPlanner.swift:907:13: warning: variable 'cutRecords' was never mutated; consider changing to 'let' constant
        var cutRecords: [AutoCutRecord] = []
        ~~~ ^
        let

SwiftCompile normal x86_64 Compiling\ SongAnalysis.swift /Users/pranavi/Documents/GitHub/mixr/Mixr/Models/SongAnalysis.swift (in target 'Mixr' from project 'Mixr')

SwiftCompile normal x86_64 /Users/pranavi/Documents/GitHub/mixr/Mixr/Models/SongAnalysis.swift (in target 'Mixr' from project 'Mixr')
    cd /Users/pranavi/Documents/GitHub/mixr
    

SwiftCompile normal x86_64 Compiling\ ClipEditingUI.swift /Users/pranavi/Documents/GitHub/mixr/Mixr/DesignSystem/ClipEditingUI.swift (in target 'Mixr' from project 'Mixr')
SwiftCompile normal x86_64 /Users/pranavi/Documents/GitHub/mixr/Mixr/DesignSystem/ClipEditingUI.swift (in target 'Mixr' from project 'Mixr')
    cd /Users/pranavi/Documents/GitHub/mixr
    

SwiftCompile normal x86_64 Compiling\ MixrExportRenderer.swift /Users/pranavi/Documents/GitHub/mixr/Mixr/Models/MixrExportRenderer.swift (in target 'Mixr' from project 'Mixr')

SwiftCompile normal x86_64 /Users/pranavi/Documents/GitHub/mixr/Mixr/Models/MixrExportRenderer.swift (in target 'Mixr' from project 'Mixr')
    cd /Users/pranavi/Documents/GitHub/mixr
    
/Users/pranavi/Documents/GitHub/mixr/Mixr/Models/MixrExportRenderer.swift:304:36: warning: call to main actor-isolated static method 'masterize(channels:companions:sampleRate:targetLUFS:maxMakeupDB:maxCutDB:ceilingDB:maxSustainedDB:)' in a synchronous nonisolated context
        let master = AutoMasterBus.masterize(channels: collected, sampleRate: outputSR)
                                   ^
/Users/pranavi/Documents/GitHub/mixr/Mixr/Models/AutoMasterBus.swift:277:17: note: calls to static method 'masterize(channels:companions:sampleRate:targetLUFS:maxMakeupDB:maxCutDB:ceilingDB:maxSustainedDB:)' from outside of its actor context are implicitly asynchronous
    static func masterize(
                ^
/Users/pranavi/Documents/GitHub/mixr/Mixr/Models/MixrExportRenderer.swift:82:17: note: add '@MainActor' to make static method 'export(tracks:projectName:projectBPM:auditURL:progress:)' part of global actor 'MainActor'
    static func export(
                ^
    @MainActor 
/Users/pranavi/Documents/GitHub/mixr/Mixr/Models/MixrExportRenderer.swift:308:25: warning: main actor-isolated conformance of 'AutoMasterBus.ReductionAudit' to 'Encodable' cannot be used in nonisolated context; this is an error in the Swift 6 language mode
            try encoder.encode(master.reductionAudit).write(to: auditURL, options: .atomic)
                        ^
/Users/pranavi/Documents/GitHub/mixr/Mixr/Models/MixrExportRenderer.swift:355:44: warning: call to main actor-isolated static method 'truePeakTrack(channels:)' in a synchronous nonisolated context
            guard let peak = AutoMasterBus.truePeakTrack(channels: decoded).max(),
                                           ^
/Users/pranavi/Documents/GitHub/mixr/Mixr/Models/AutoMasterBus.swift:146:17: note: calls to static method 'truePeakTrack(channels:)' from outside of its actor context are implicitly asynchronous
    static func truePeakTrack(channels: [[Float]]) -> [Float] {
                ^
/Users/pranavi/Documents/GitHub/mixr/Mixr/Models/MixrExportRenderer.swift:337:17: note: add '@MainActor' to make static method 'encodePeakSafeAAC(_:format:to:)' part of global actor 'MainActor'
    static func encodePeakSafeAAC(_ channels: [[Float]], format: AVAudioFormat,
                ^
    @MainActor 
/Users/pranavi/Documents/GitHub/mixr/Mixr/Models/MixrExportRenderer.swift:543:36: warning: main actor-isolated conformance of 'MixrClip' to 'Equatable' cannot be used in nonisolated context; this is an error in the Swift 6 language mode
                    if effectsClip == nil || clip.start > effectsClip!.start {
                                   ^

SwiftCompile normal x86_64 Compiling\ AutoSectionCatalog.swift /Users/pranavi/Documents/GitHub/mixr/Mixr/Models/AutoSectionCatalog.swift (in target 'Mixr' from project 'Mixr')

SwiftCompile normal x86_64 /Users/pranavi/Documents/GitHub/mixr/Mixr/Models/AutoSectionCatalog.swift (in target 'Mixr' from project 'Mixr')
    cd /Users/pranavi/Documents/GitHub/mixr
    

SwiftEmitModule normal arm64 Emitting\ module\ for\ Mixr (in target 'Mixr' from project 'Mixr')

EmitSwiftModule normal arm64 (in target 'Mixr' from project 'Mixr')
    cd /Users/pranavi/Documents/GitHub/mixr
    
/Users/pranavi/Documents/GitHub/mixr/Mixr/Models/AutoOfflineMixdown.swift:200:36: warning: call to main actor-isolated static method 'masterize(channels:companions:sampleRate:targetLUFS:maxMakeupDB:maxCutDB:ceilingDB:maxSustainedDB:)' in a synchronous nonisolated context
        let master = AutoMasterBus.masterize(
                                   ^
/Users/pranavi/Documents/GitHub/mixr/Mixr/Models/AutoMasterBus.swift:277:17: note: calls to static method 'masterize(channels:companions:sampleRate:targetLUFS:maxMakeupDB:maxCutDB:ceilingDB:maxSustainedDB:)' from outside of its actor context are implicitly asynchronous
    static func masterize(
                ^
/Users/pranavi/Documents/GitHub/mixr/Mixr/Models/AutoOfflineMixdown.swift:50:17: note: add '@MainActor' to make static method 'render(plan:sources:stemSources:sampleRate:trackVolume:sfxTrackVolume:includeTail:)' part of global actor 'MainActor'
    static func render(
                ^
    @MainActor 
/Users/pranavi/Documents/GitHub/mixr/Mixr/Models/AutoRemixPlanner.swift:905:13: warning: variable 'joinContracts' was never mutated; consider changing to 'let' constant
        var joinContracts: [AutoJoinContract] = []
        ~~~ ^
        let
/Users/pranavi/Documents/GitHub/mixr/Mixr/Models/AutoRemixPlanner.swift:907:13: warning: variable 'cutRecords' was never mutated; consider changing to 'let' constant
        var cutRecords: [AutoCutRecord] = []
        ~~~ ^
        let

SwiftDriverJobDiscovery normal x86_64 Compiling AutoRemixRunner.swift (in target 'Mixr' from project 'Mixr')

SwiftCompile normal arm64 Compiling\ AutoRemixPlan.swift /Users/pranavi/Documents/GitHub/mixr/Mixr/Models/AutoRemixPlan.swift (in target 'Mixr' from project 'Mixr')

SwiftCompile normal arm64 /Users/pranavi/Documents/GitHub/mixr/Mixr/Models/AutoRemixPlan.swift (in target 'Mixr' from project 'Mixr')
    cd /Users/pranavi/Documents/GitHub/mixr
    

SwiftDriverJobDiscovery normal x86_64 Compiling AutoRemixApplier.swift (in target 'Mixr' from project 'Mixr')

SwiftCompile normal arm64 Compiling\ AutoSectionCatalog.swift /Users/pranavi/Documents/GitHub/mixr/Mixr/Models/AutoSectionCatalog.swift (in target 'Mixr' from project 'Mixr')

SwiftCompile normal arm64 /Users/pranavi/Documents/GitHub/mixr/Mixr/Models/AutoSectionCatalog.swift (in target 'Mixr' from project 'Mixr')
    cd /Users/pranavi/Documents/GitHub/mixr
    

SwiftDriverJobDiscovery normal x86_64 Compiling AutoSectionCatalog.swift (in target 'Mixr' from project 'Mixr')

SwiftCompile normal arm64 Compiling\ AutoRemixPlanner.swift /Users/pranavi/Documents/GitHub/mixr/Mixr/Models/AutoRemixPlanner.swift (in target 'Mixr' from project 'Mixr')

SwiftCompile normal arm64 /Users/pranavi/Documents/GitHub/mixr/Mixr/Models/AutoRemixPlanner.swift (in target 'Mixr' from project 'Mixr')
    cd /Users/pranavi/Documents/GitHub/mixr
    
/Users/pranavi/Documents/GitHub/mixr/Mixr/Models/AutoRemixPlanner.swift:905:13: warning: variable 'joinContracts' was never mutated; consider changing to 'let' constant
        var joinContracts: [AutoJoinContract] = []
        ~~~ ^
        let
/Users/pranavi/Documents/GitHub/mixr/Mixr/Models/AutoRemixPlanner.swift:907:13: warning: variable 'cutRecords' was never mutated; consider changing to 'let' constant
        var cutRecords: [AutoCutRecord] = []
        ~~~ ^
        let
/Users/pranavi/Documents/GitHub/mixr/Mixr/Models/AutoRemixPlanner.swift:1566:62: warning: will never be executed
            bedTempoRatio: bedTempo.ok ? bedTempo.bedRatio : nil,
                                                             ^
/Users/pranavi/Documents/GitHub/mixr/Mixr/Models/AutoRemixPlanner.swift:1566:37: note: condition always evaluates to true
            bedTempoRatio: bedTempo.ok ? bedTempo.bedRatio : nil,
                                    ^

SwiftDriverJobDiscovery normal x86_64 Compiling SongAnalysis.swift (in target 'Mixr' from project 'Mixr')

SwiftCompile normal x86_64 Compiling\ AutoCompatibility.swift /Users/pranavi/Documents/GitHub/mixr/Mixr/Models/AutoCompatibility.swift (in target 'Mixr' from project 'Mixr')

SwiftCompile normal x86_64 /Users/pranavi/Documents/GitHub/mixr/Mixr/Models/AutoCompatibility.swift (in target 'Mixr' from project 'Mixr')
    cd /Users/pranavi/Documents/GitHub/mixr
    
/Users/pranavi/Documents/GitHub/mixr/Mixr/Models/AutoCompatibility.swift:290:37: warning: call to main actor-isolated instance method 'meanEnergy(from:to:)' in a synchronous nonisolated context
        let guestE = guest.analysis.meanEnergy(from: 0, to: guest.analysis.durationSeconds)
                                    ^
/Users/pranavi/Documents/GitHub/mixr/Mixr/Models/SongAnalysis.swift:133:10: note: calls to instance method 'meanEnergy(from:to:)' from outside of its actor context are implicitly asynchronous
    func meanEnergy(from start: Double, to end: Double) -> Double {
         ^
/Users/pranavi/Documents/GitHub/mixr/Mixr/Models/AutoCompatibility.swift:289:17: note: add '@MainActor' to make static method 'needsBreakdownRunway(guest:bed:)' part of global actor 'MainActor'
    static func needsBreakdownRunway(guest: AutoSongProfile, bed: AutoSongProfile) -> Bool {
                ^
    @MainActor 
/Users/pranavi/Documents/GitHub/mixr/Mixr/Models/AutoCompatibility.swift:291:33: warning: call to main actor-isolated instance method 'meanEnergy(from:to:)' in a synchronous nonisolated context
        let bedE = bed.analysis.meanEnergy(from: 0, to: bed.analysis.durationSeconds)
                                ^
/Users/pranavi/Documents/GitHub/mixr/Mixr/Models/SongAnalysis.swift:133:10: note: calls to instance method 'meanEnergy(from:to:)' from outside of its actor context are implicitly asynchronous
    func meanEnergy(from start: Double, to end: Double) -> Double {
         ^
/Users/pranavi/Documents/GitHub/mixr/Mixr/Models/AutoCompatibility.swift:289:17: note: add '@MainActor' to make static method 'needsBreakdownRunway(guest:bed:)' part of global actor 'MainActor'
    static func needsBreakdownRunway(guest: AutoSongProfile, bed: AutoSongProfile) -> Bool {
                ^
    @MainActor 

SwiftDriverJobDiscovery normal arm64 Compiling AutoSectionCatalog.swift (in target 'Mixr' from project 'Mixr')

SwiftCompile normal arm64 Compiling\ ClipEditingUI.swift /Users/pranavi/Documents/GitHub/mixr/Mixr/DesignSystem/ClipEditingUI.swift (in target 'Mixr' from project 'Mixr')
SwiftCompile normal arm64 /Users/pranavi/Documents/GitHub/mixr/Mixr/DesignSystem/ClipEditingUI.swift (in target 'Mixr' from project 'Mixr')
    cd /Users/pranavi/Documents/GitHub/mixr
    

SwiftDriverJobDiscovery normal x86_64 Compiling AutoRemixPlan.swift (in target 'Mixr' from project 'Mixr')

SwiftCompile normal x86_64 Compiling\ AutoMashability.swift /Users/pranavi/Documents/GitHub/mixr/Mixr/Models/AutoMashability.swift (in target 'Mixr' from project 'Mixr')

SwiftCompile normal x86_64 /Users/pranavi/Documents/GitHub/mixr/Mixr/Models/AutoMashability.swift (in target 'Mixr' from project 'Mixr')
    cd /Users/pranavi/Documents/GitHub/mixr
    
/Users/pranavi/Documents/GitHub/mixr/Mixr/Models/AutoMashability.swift:30:30: warning: call to main actor-isolated instance method 'meanVocalDensity(from:to:)' in a synchronous nonisolated context
        let vocal = analysis.meanVocalDensity(from: 0, to: analysis.durationSeconds)
                             ^
/Users/pranavi/Documents/GitHub/mixr/Mixr/Models/SongAnalysis.swift:138:10: note: calls to instance method 'meanVocalDensity(from:to:)' from outside of its actor context are implicitly asynchronous
    func meanVocalDensity(from start: Double, to end: Double) -> Double {
         ^
/Users/pranavi/Documents/GitHub/mixr/Mixr/Models/AutoMashability.swift:28:17: note: add '@MainActor' to make static method 'bedScore(for:)' part of global actor 'MainActor'
    static func bedScore(for profile: AutoSongProfile) -> Double {
                ^
    @MainActor 
/Users/pranavi/Documents/GitHub/mixr/Mixr/Models/AutoMashability.swift:49:30: warning: call to main actor-isolated instance method 'meanVocalDensity(from:to:)' in a synchronous nonisolated context
        var vocal = analysis.meanVocalDensity(from: 0, to: analysis.durationSeconds)
                             ^
/Users/pranavi/Documents/GitHub/mixr/Mixr/Models/SongAnalysis.swift:138:10: note: calls to instance method 'meanVocalDensity(from:to:)' from outside of its actor context are implicitly asynchronous
    func meanVocalDensity(from start: Double, to end: Double) -> Double {
         ^
/Users/pranavi/Documents/GitHub/mixr/Mixr/Models/AutoMashability.swift:47:17: note: add '@MainActor' to make static method 'hookScore(for:)' part of global actor 'MainActor'
    static func hookScore(for profile: AutoSongProfile) -> Double {
                ^
    @MainActor 
/Users/pranavi/Documents/GitHub/mixr/Mixr/Models/AutoMashability.swift:121:36: warning: main actor-isolated property 'barSeconds' can not be referenced from a nonisolated context
        let bedBeat = bed.analysis.barSeconds / 4.0
                                   ^
/Users/pranavi/Documents/GitHub/mixr/Mixr/Models/SongAnalysis.swift:107:9: note: property declared here
    var barSeconds: Double { beatSeconds * 4 }
        ^
/Users/pranavi/Documents/GitHub/mixr/Mixr/Models/AutoMashability.swift:94:17: note: add '@MainActor' to make static method 'bestIsland(guest:bed:wantBars:targetBPM:tuning:titleEntranceOnly:)' part of global actor 'MainActor'
    static func bestIsland(
                ^
    @MainActor 
/Users/pranavi/Documents/GitHub/mixr/Mixr/Models/AutoMashability.swift:122:40: warning: main actor-isolated property 'barSeconds' can not be referenced from a nonisolated context
        let guestBeat = guest.analysis.barSeconds / 4.0
                                       ^
/Users/pranavi/Documents/GitHub/mixr/Mixr/Models/SongAnalysis.swift:107:9: note: property declared here
    var barSeconds: Double { beatSeconds * 4 }
        ^
/Users/pranavi/Documents/GitHub/mixr/Mixr/Models/AutoMashability.swift:94:17: note: add '@MainActor' to make static method 'bestIsland(guest:bed:wantBars:targetBPM:tuning:titleEntranceOnly:)' part of global actor 'MainActor'
    static func bestIsland(
                ^
    @MainActor 
/Users/pranavi/Documents/GitHub/mixr/Mixr/Models/AutoMashability.swift:129:40: warning: main actor-isolated property 'barSeconds' can not be referenced from a nonisolated context
            barSeconds: guest.analysis.barSeconds,
                                       ^
/Users/pranavi/Documents/GitHub/mixr/Mixr/Models/SongAnalysis.swift:107:9: note: property declared here
    var barSeconds: Double { beatSeconds * 4 }
        ^
/Users/pranavi/Documents/GitHub/mixr/Mixr/Models/AutoMashability.swift:94:17: note: add '@MainActor' to make static method 'bestIsland(guest:bed:wantBars:targetBPM:tuning:titleEntranceOnly:)' part of global actor 'MainActor'
    static func bestIsland(
                ^
    @MainActor 
/Users/pranavi/Documents/GitHub/mixr/Mixr/Models/AutoMashability.swift:131:83: warning: main actor-isolated property 'barSeconds' can not be referenced from a nonisolated autoclosure
            introEnd: guest.analysis.introCandidate?.endSeconds ?? guest.analysis.barSeconds * 8,
                                                                                  ^
/Users/pranavi/Documents/GitHub/mixr/Mixr/Models/SongAnalysis.swift:107:9: note: property declared here
    var barSeconds: Double { beatSeconds * 4 }
        ^
/Users/pranavi/Documents/GitHub/mixr/Mixr/Models/AutoMashability.swift:137:43: warning: main actor-isolated property 'barSeconds' can not be referenced from a nonisolated context
            let titleTol = guest.analysis.barSeconds * 1.15
                                          ^
/Users/pranavi/Documents/GitHub/mixr/Mixr/Models/SongAnalysis.swift:107:9: note: property declared here
    var barSeconds: Double { beatSeconds * 4 }
        ^
/Users/pranavi/Documents/GitHub/mixr/Mixr/Models/AutoMashability.swift:94:17: note: add '@MainActor' to make static method 'bestIsland(guest:bed:wantBars:targetBPM:tuning:titleEntranceOnly:)' part of global actor 'MainActor'
    static func bestIsland(
                ^
    @MainActor 
/Users/pranavi/Documents/GitHub/mixr/Mixr/Models/AutoMashability.swift:166:41: warning: main actor-isolated property 'durationSeconds' can not be referenced from a nonisolated context
            let gDur = min(windowSec, g.durationSeconds)
                                        ^
/Users/pranavi/Documents/GitHub/mixr/Mixr/Models/AutoSectionCatalog.swift:39:9: note: property declared here
    var durationSeconds: Double { Double(barCount) * barSeconds }
        ^
/Users/pranavi/Documents/GitHub/mixr/Mixr/Models/AutoMashability.swift:94:17: note: add '@MainActor' to make static method 'bestIsland(guest:bed:wantBars:targetBPM:tuning:titleEntranceOnly:)' part of global actor 'MainActor'
    static func bestIsland(
                ^
    @MainActor 
/Users/pranavi/Documents/GitHub/mixr/Mixr/Models/AutoMashability.swift:171:62: warning: main actor-isolated property 'durationSeconds' can not be referenced from a nonisolated context
                let maxOffsets = max(1, min(bars * 4, Int((b.durationSeconds / max(bedBeat, 0.05)).rounded())))
                                                             ^
/Users/pranavi/Documents/GitHub/mixr/Mixr/Models/AutoSectionCatalog.swift:39:9: note: property declared here
    var durationSeconds: Double { Double(barCount) * barSeconds }
        ^
/Users/pranavi/Documents/GitHub/mixr/Mixr/Models/AutoMashability.swift:94:17: note: add '@MainActor' to make static method 'bestIsland(guest:bed:wantBars:targetBPM:tuning:titleEntranceOnly:)' part of global actor 'MainActor'
    static func bestIsland(
                ^
    @MainActor 
/Users/pranavi/Documents/GitHub/mixr/Mixr/Models/AutoMashability.swift:192:93: warning: main actor-isolated property 'barSeconds' can not be referenced from a nonisolated context
                    if let guestTitleStart, abs(gStart - guestTitleStart) <= guest.analysis.barSeconds * 2 {
                                                                                            ^
/Users/pranavi/Documents/GitHub/mixr/Mixr/Models/SongAnalysis.swift:107:9: note: property declared here
    var barSeconds: Double { beatSeconds * 4 }
        ^
/Users/pranavi/Documents/GitHub/mixr/Mixr/Models/AutoMashability.swift:94:17: note: add '@MainActor' to make static method 'bestIsland(guest:bed:wantBars:targetBPM:tuning:titleEntranceOnly:)' part of global actor 'MainActor'
    static func bestIsland(
                ^
    @MainActor 
/Users/pranavi/Documents/GitHub/mixr/Mixr/Models/AutoMashability.swift:233:62: warning: main actor-isolated property 'barSeconds' can not be referenced from a nonisolated context
               abs($0 - island.guestStart) <= guest.analysis.barSeconds * 0.05
                                                             ^
/Users/pranavi/Documents/GitHub/mixr/Mixr/Models/SongAnalysis.swift:107:9: note: property declared here
    var barSeconds: Double { beatSeconds * 4 }
        ^
/Users/pranavi/Documents/GitHub/mixr/Mixr/Models/AutoMashability.swift:238:84: warning: main actor-isolated property 'barSeconds' can not be referenced from a nonisolated autoclosure
        let introEnd = guest.analysis.introCandidate?.endSeconds ?? guest.analysis.barSeconds * 8
                                                                                   ^
/Users/pranavi/Documents/GitHub/mixr/Mixr/Models/SongAnalysis.swift:107:9: note: property declared here
    var barSeconds: Double { beatSeconds * 4 }
        ^
/Users/pranavi/Documents/GitHub/mixr/Mixr/Models/AutoMashability.swift:243:43: warning: main actor-isolated property 'barSeconds' can not be referenced from a nonisolated context
               barSeconds: guest.analysis.barSeconds,
                                          ^
/Users/pranavi/Documents/GitHub/mixr/Mixr/Models/SongAnalysis.swift:107:9: note: property declared here
    var barSeconds: Double { beatSeconds * 4 }
        ^
/Users/pranavi/Documents/GitHub/mixr/Mixr/Models/AutoMashability.swift:223:17: note: add '@MainActor' to make static method 'drop1GuestStart(guest:island:)' part of global actor 'MainActor'
    static func drop1GuestStart(
                ^
    @MainActor 
/Users/pranavi/Documents/GitHub/mixr/Mixr/Models/AutoMashability.swift:267:36: warning: main actor-isolated property 'barSeconds' can not be referenced from a nonisolated context
        let bar = profile.analysis.barSeconds
                                   ^
/Users/pranavi/Documents/GitHub/mixr/Mixr/Models/SongAnalysis.swift:107:9: note: property declared here
    var barSeconds: Double { beatSeconds * 4 }
        ^
/Users/pranavi/Documents/GitHub/mixr/Mixr/Models/AutoMashability.swift:266:25: note: add '@MainActor' to make static method 'phraseSeconds(for:)' part of global actor 'MainActor'
    private static func phraseSeconds(for profile: AutoSongProfile) -> Double {
                        ^
    @MainActor 
/Users/pranavi/Documents/GitHub/mixr/Mixr/Models/AutoMashability.swift:279:64: warning: call to main actor-isolated instance method 'meanEnergy(from:to:)' in a synchronous nonisolated context
        return profile.analysis.bassDensity * profile.analysis.meanEnergy(from: from, to: to)
                                                               ^
/Users/pranavi/Documents/GitHub/mixr/Mixr/Models/SongAnalysis.swift:133:10: note: calls to instance method 'meanEnergy(from:to:)' from outside of its actor context are implicitly asynchronous
    func meanEnergy(from start: Double, to end: Double) -> Double {
         ^
/Users/pranavi/Documents/GitHub/mixr/Mixr/Models/AutoMashability.swift:274:25: note: add '@MainActor' to make static method 'sectionBass(_:from:to:)' part of global actor 'MainActor'
    private static func sectionBass(_ profile: AutoSongProfile, from: Double, to: Double) -> Double {
                        ^
    @MainActor 
/Users/pranavi/Documents/GitHub/mixr/Mixr/Models/AutoMashability.swift:303:24: warning: call to main actor-isolated instance method 'meanEnergy(from:to:)' in a synchronous nonisolated context
            let ea = a.meanEnergy(from: aStart + t, to: aStart + t + stepSec)
                       ^
/Users/pranavi/Documents/GitHub/mixr/Mixr/Models/SongAnalysis.swift:133:10: note: calls to instance method 'meanEnergy(from:to:)' from outside of its actor context are implicitly asynchronous
    func meanEnergy(from start: Double, to end: Double) -> Double {
         ^
/Users/pranavi/Documents/GitHub/mixr/Mixr/Models/AutoMashability.swift:293:25: note: add '@MainActor' to make static method 'energyCorrelation(a:aStart:b:bStart:duration:step:)' part of global actor 'MainActor'
    private static func energyCorrelation(
                        ^
    @MainActor 
/Users/pranavi/Documents/GitHub/mixr/Mixr/Models/AutoMashability.swift:304:24: warning: call to main actor-isolated instance method 'meanEnergy(from:to:)' in a synchronous nonisolated context
            let eb = b.meanEnergy(from: bStart + t, to: bStart + t + stepSec)
                       ^
/Users/pranavi/Documents/GitHub/mixr/Mixr/Models/SongAnalysis.swift:133:10: note: calls to instance method 'meanEnergy(from:to:)' from outside of its actor context are implicitly asynchronous
    func meanEnergy(from start: Double, to end: Double) -> Double {
         ^
/Users/pranavi/Documents/GitHub/mixr/Mixr/Models/AutoMashability.swift:293:25: note: add '@MainActor' to make static method 'energyCorrelation(a:aStart:b:bStart:duration:step:)' part of global actor 'MainActor'
    private static func energyCorrelation(
                        ^
    @MainActor 

SwiftDriverJobDiscovery normal x86_64 Compiling AutoCompatibility.swift (in target 'Mixr' from project 'Mixr')

SwiftCompile normal x86_64 Compiling\ AutoArrangementEngine.swift /Users/pranavi/Documents/GitHub/mixr/Mixr/Models/AutoArrangementEngine.swift (in target 'Mixr' from project 'Mixr')

SwiftCompile normal x86_64 /Users/pranavi/Documents/GitHub/mixr/Mixr/Models/AutoArrangementEngine.swift (in target 'Mixr' from project 'Mixr')
    cd /Users/pranavi/Documents/GitHub/mixr
    

SwiftDriverJobDiscovery normal x86_64 Compiling MixrExportRenderer.swift (in target 'Mixr' from project 'Mixr')

SwiftCompile normal x86_64 Compiling\ TimelineScreen.swift /Users/pranavi/Documents/GitHub/mixr/Mixr/TimelineScreen.swift (in target 'Mixr' from project 'Mixr')
SwiftCompile normal x86_64 /Users/pranavi/Documents/GitHub/mixr/Mixr/TimelineScreen.swift (in target 'Mixr' from project 'Mixr')
    cd /Users/pranavi/Documents/GitHub/mixr
    

SwiftDriverJobDiscovery normal arm64 Compiling AutoRemixPlan.swift (in target 'Mixr' from project 'Mixr')

SwiftCompile normal x86_64 Compiling\ AutoChorusIsland.swift /Users/pranavi/Documents/GitHub/mixr/Mixr/Models/AutoChorusIsland.swift (in target 'Mixr' from project 'Mixr')

SwiftCompile normal x86_64 /Users/pranavi/Documents/GitHub/mixr/Mixr/Models/AutoChorusIsland.swift (in target 'Mixr' from project 'Mixr')
    cd /Users/pranavi/Documents/GitHub/mixr
    
/Users/pranavi/Documents/GitHub/mixr/Mixr/Models/AutoChorusIsland.swift:150:34: warning: main actor-isolated property 'hasVocals' can not be referenced from a nonisolated context
        let stem = profile.stems.hasVocals ? "stem=vocals" : "stem=none"
                                 ^
/Users/pranavi/Documents/GitHub/mixr/Mixr/Models/AutoStemSidecar.swift:38:9: note: property declared here
    var hasVocals: Bool { vocals != nil }
        ^
/Users/pranavi/Documents/GitHub/mixr/Mixr/Models/AutoChorusIsland.swift:135:17: note: add '@MainActor' to make static method 'bedHookDecisionDump(profile:measured:chosenStart:)' part of global actor 'MainActor'
    static func bedHookDecisionDump(
                ^
    @MainActor 

SwiftDriverJobDiscovery normal x86_64 Compiling AutoMashability.swift (in target 'Mixr' from project 'Mixr')

SwiftCompile normal x86_64 Compiling\ MixrPlaybackEngine.swift /Users/pranavi/Documents/GitHub/mixr/Mixr/Models/MixrPlaybackEngine.swift (in target 'Mixr' from project 'Mixr')

SwiftCompile normal x86_64 /Users/pranavi/Documents/GitHub/mixr/Mixr/Models/MixrPlaybackEngine.swift (in target 'Mixr' from project 'Mixr')
    cd /Users/pranavi/Documents/GitHub/mixr
    

SwiftDriverJobDiscovery normal x86_64 Compiling AutoArrangementEngine.swift (in target 'Mixr' from project 'Mixr')

SwiftCompile normal arm64 Compiling\ AutoRemixRunner.swift /Users/pranavi/Documents/GitHub/mixr/Mixr/Models/AutoRemixRunner.swift (in target 'Mixr' from project 'Mixr')

SwiftCompile normal arm64 /Users/pranavi/Documents/GitHub/mixr/Mixr/Models/AutoRemixRunner.swift (in target 'Mixr' from project 'Mixr')
    cd /Users/pranavi/Documents/GitHub/mixr
    
/Users/pranavi/Documents/GitHub/mixr/Mixr/Models/AutoRemixRunner.swift:67:13: warning: variable 'validated' was never mutated; consider changing to 'let' constant
        var validated = AutoRemixValidator.validate(draft, profiles: profiles, tuning: tuning)
        ~~~ ^
        let

SwiftCompile normal arm64 Compiling\ AutoRemixApplier.swift /Users/pranavi/Documents/GitHub/mixr/Mixr/Models/AutoRemixApplier.swift (in target 'Mixr' from project 'Mixr')

SwiftCompile normal arm64 /Users/pranavi/Documents/GitHub/mixr/Mixr/Models/AutoRemixApplier.swift (in target 'Mixr' from project 'Mixr')
    cd /Users/pranavi/Documents/GitHub/mixr
    
/Users/pranavi/Documents/GitHub/mixr/Mixr/Models/AutoRemixApplier.swift:35:41: warning: call to main actor-isolated static method 'resolve(songURL:stemsRoot:fileExists:)' in a synchronous nonisolated context
                    ?? AutoStemResolver.resolve(songURL: result[ti].url)
                                        ^
/Users/pranavi/Documents/GitHub/mixr/Mixr/Models/AutoStemSidecar.swift:80:17: note: calls to static method 'resolve(songURL:stemsRoot:fileExists:)' from outside of its actor context are implicitly asynchronous
    static func resolve(
                ^
/Users/pranavi/Documents/GitHub/mixr/Mixr/Models/AutoRemixApplier.swift:36:76: warning: call to main actor-isolated instance method 'url(for:)' in a synchronous nonisolated context
                func stemURL(_ kind: AutoStemKind) -> URL? { resolvedStems.url(for: kind) }
                                                                           ^
/Users/pranavi/Documents/GitHub/mixr/Mixr/Models/AutoStemSidecar.swift:49:10: note: calls to instance method 'url(for:)' from outside of its actor context are implicitly asynchronous
    func url(for kind: AutoStemKind) -> URL? {
         ^
/Users/pranavi/Documents/GitHub/mixr/Mixr/Models/AutoRemixApplier.swift:116:50: warning: call to main actor-isolated static method 'makeSFXTrack(primary:)' in a synchronous nonisolated context
                result.append(SoundEffectLibrary.makeSFXTrack(primary: true))
                                                 ^
/Users/pranavi/Documents/GitHub/mixr/Mixr/Models/SoundEffects.swift:146:17: note: calls to static method 'makeSFXTrack(primary:)' from outside of its actor context are implicitly asynchronous
    static func makeSFXTrack(primary: Bool = true) -> MixrTrack {
                ^
/Users/pranavi/Documents/GitHub/mixr/Mixr/Models/AutoRemixApplier.swift:24:17: note: add '@MainActor' to make static method 'apply(_:to:)' part of global actor 'MainActor'
    static func apply(_ plan: AutoRemixPlan, to tracks: [MixrTrack]) -> Applied {
                ^
    @MainActor 
/Users/pranavi/Documents/GitHub/mixr/Mixr/Models/AutoRemixApplier.swift:133:36: warning: call to main actor-isolated static method 'placeExact(definition:atUnit:into:clipID:)' in a synchronous nonisolated context
                SoundEffectLibrary.placeExact(
                                   ^
/Users/pranavi/Documents/GitHub/mixr/Mixr/Models/SoundEffects.swift:169:17: note: calls to static method 'placeExact(definition:atUnit:into:clipID:)' from outside of its actor context are implicitly asynchronous
    static func placeExact(
                ^
/Users/pranavi/Documents/GitHub/mixr/Mixr/Models/AutoRemixApplier.swift:24:17: note: add '@MainActor' to make static method 'apply(_:to:)' part of global actor 'MainActor'
    static func apply(_ plan: AutoRemixPlan, to tracks: [MixrTrack]) -> Applied {
                ^
    @MainActor 
/Users/pranavi/Documents/GitHub/mixr/Mixr/Models/AutoRemixApplier.swift:150:25: warning: call to main actor-isolated instance method 'promoteMixWindowDump()' in a synchronous nonisolated context
            appliedPlan.promoteMixWindowDump()
                        ^
/Users/pranavi/Documents/GitHub/mixr/Mixr/Models/AutoRemixPlan.swift:537:19: note: calls to instance method 'promoteMixWindowDump()' from outside of its actor context are implicitly asynchronous
    mutating func promoteMixWindowDump() {
                  ^
/Users/pranavi/Documents/GitHub/mixr/Mixr/Models/AutoRemixApplier.swift:24:17: note: add '@MainActor' to make static method 'apply(_:to:)' part of global actor 'MainActor'
    static func apply(_ plan: AutoRemixPlan, to tracks: [MixrTrack]) -> Applied {
                ^
    @MainActor 
/Users/pranavi/Documents/GitHub/mixr/Mixr/Models/AutoRemixApplier.swift:193:43: warning: call to main actor-isolated static method 'sanitize' in a synchronous nonisolated context
            effects: AutoSupportedEffects.sanitize(p.effects),
                                          ^
/Users/pranavi/Documents/GitHub/mixr/Mixr/Models/AutoRemixPlan.swift:700:17: note: calls to static method 'sanitize' from outside of its actor context are implicitly asynchronous
    static func sanitize(_ settings: ClipEffectSettings) -> ClipEffectSettings {
                ^
/Users/pranavi/Documents/GitHub/mixr/Mixr/Models/AutoRemixApplier.swift:170:25: note: add '@MainActor' to make static method 'makeClip' part of global actor 'MainActor'
    private static func makeClip(_ p: AutoClipPlacement) -> MixrClip {
                        ^
    @MainActor 

SwiftDriverJobDiscovery normal arm64 Compiling AutoRemixRunner.swift (in target 'Mixr' from project 'Mixr')

SwiftCompile normal arm64 Compiling\ AutoRemixValidator.swift /Users/pranavi/Documents/GitHub/mixr/Mixr/Models/AutoRemixValidator.swift (in target 'Mixr' from project 'Mixr')

SwiftCompile normal arm64 /Users/pranavi/Documents/GitHub/mixr/Mixr/Models/AutoRemixValidator.swift (in target 'Mixr' from project 'Mixr')
    cd /Users/pranavi/Documents/GitHub/mixr
    
/Users/pranavi/Documents/GitHub/mixr/Mixr/Models/AutoRemixValidator.swift:46:46: warning: call to main actor-isolated static method 'sanitize' in a synchronous nonisolated context
            p.effects = AutoSupportedEffects.sanitize(p.effects)
                                             ^
/Users/pranavi/Documents/GitHub/mixr/Mixr/Models/AutoRemixPlan.swift:700:17: note: calls to static method 'sanitize' from outside of its actor context are implicitly asynchronous
    static func sanitize(_ settings: ClipEffectSettings) -> ClipEffectSettings {
                ^
/Users/pranavi/Documents/GitHub/mixr/Mixr/Models/AutoRemixValidator.swift:15:17: note: add '@MainActor' to make static method 'validate(_:profiles:tuning:)' part of global actor 'MainActor'
    static func validate(
                ^
    @MainActor 
/Users/pranavi/Documents/GitHub/mixr/Mixr/Models/AutoRemixValidator.swift:413:24: warning: main actor-isolated property 'pulseDrumStrength' can not be referenced from a nonisolated autoclosure
            && (owner?.pulseDrumStrength ?? 1) < AutoClubPulse.thinDrumThreshold
                       ^
/Users/pranavi/Documents/GitHub/mixr/Mixr/Models/AutoSectionCatalog.swift:80:9: note: property declared here
    var pulseDrumStrength: Double {
        ^
/Users/pranavi/Documents/GitHub/mixr/Mixr/Models/AutoRemixValidator.swift:424:53: warning: call to main actor-isolated instance method 'url(for:)' in a synchronous nonisolated context
                  profiles[placement.songID]?.stems.url(for: kind) != nil else { return true }
                                                    ^
/Users/pranavi/Documents/GitHub/mixr/Mixr/Models/AutoStemSidecar.swift:49:10: note: calls to instance method 'url(for:)' from outside of its actor context are implicitly asynchronous
    func url(for kind: AutoStemKind) -> URL? {
         ^
/Users/pranavi/Documents/GitHub/mixr/Mixr/Models/AutoRemixValidator.swift:431:44: warning: main actor-isolated property 'pulseDrumStrength' can not be referenced from a nonisolated context
        policy.sourceHasClubKick = (owner?.pulseDrumStrength ?? 0) >= AutoClubPulse.slammingDrumThreshold
                                           ^
/Users/pranavi/Documents/GitHub/mixr/Mixr/Models/AutoSectionCatalog.swift:80:9: note: property declared here
    var pulseDrumStrength: Double {
        ^
/Users/pranavi/Documents/GitHub/mixr/Mixr/Models/AutoRemixValidator.swift:399:25: note: add '@MainActor' to make static method 'enforcePulseOwnership(_:profiles:decisions:warnings:)' part of global actor 'MainActor'
    private static func enforcePulseOwnership(
                        ^
    @MainActor 
/Users/pranavi/Documents/GitHub/mixr/Mixr/Models/AutoRemixValidator.swift:463:100: warning: main actor-isolated static property 'festivalDetail' can not be referenced from a nonisolated autoclosure
        decisions.removeAll { $0.kind == .addedRiserIntoDrop && $0.detail == AutoFestivalMixWindow.festivalDetail }
                                                                                                   ^
/Users/pranavi/Documents/GitHub/mixr/Mixr/Models/AutoRemixPlan.swift:385:16: note: static property declared here
    static let festivalDetail =
               ^
/Users/pranavi/Documents/GitHub/mixr/Mixr/Models/AutoRemixValidator.swift:1234:52: warning: call to main actor-isolated static method 'sanitize' in a synchronous nonisolated context
                seg.effects = AutoSupportedEffects.sanitize(fx)
                                                   ^
/Users/pranavi/Documents/GitHub/mixr/Mixr/Models/AutoRemixPlan.swift:700:17: note: calls to static method 'sanitize' from outside of its actor context are implicitly asynchronous
    static func sanitize(_ settings: ClipEffectSettings) -> ClipEffectSettings {
                ^
/Users/pranavi/Documents/GitHub/mixr/Mixr/Models/AutoRemixValidator.swift:1168:25: note: add '@MainActor' to make static method 'shapeTrailingOutro(_:profiles:decisions:)' part of global actor 'MainActor'
    private static func shapeTrailingOutro(
                        ^
    @MainActor 
/Users/pranavi/Documents/GitHub/mixr/Mixr/Models/AutoRemixValidator.swift:1305:71: warning: call to main actor-isolated static method 'sanitize' in a synchronous nonisolated context
                    plan.placements[i].effects = AutoSupportedEffects.sanitize(fx)
                                                                      ^
/Users/pranavi/Documents/GitHub/mixr/Mixr/Models/AutoRemixPlan.swift:700:17: note: calls to static method 'sanitize' from outside of its actor context are implicitly asynchronous
    static func sanitize(_ settings: ClipEffectSettings) -> ClipEffectSettings {
                ^
/Users/pranavi/Documents/GitHub/mixr/Mixr/Models/AutoRemixValidator.swift:1264:25: note: add '@MainActor' to make static method 'transformVerbatimRepeats(_:decisions:)' part of global actor 'MainActor'
    private static func transformVerbatimRepeats(
                        ^
    @MainActor 
/Users/pranavi/Documents/GitHub/mixr/Mixr/Models/AutoRemixValidator.swift:1314:72: warning: call to main actor-isolated static method 'sanitize' in a synchronous nonisolated context
                    plan.placements[ai].effects = AutoSupportedEffects.sanitize(fx)
                                                                       ^
/Users/pranavi/Documents/GitHub/mixr/Mixr/Models/AutoRemixPlan.swift:700:17: note: calls to static method 'sanitize' from outside of its actor context are implicitly asynchronous
    static func sanitize(_ settings: ClipEffectSettings) -> ClipEffectSettings {
                ^
/Users/pranavi/Documents/GitHub/mixr/Mixr/Models/AutoRemixValidator.swift:1264:25: note: add '@MainActor' to make static method 'transformVerbatimRepeats(_:decisions:)' part of global actor 'MainActor'
    private static func transformVerbatimRepeats(
                        ^
    @MainActor 
/Users/pranavi/Documents/GitHub/mixr/Mixr/Models/AutoRemixValidator.swift:1341:56: warning: call to main actor-isolated static method 'sanitize' in a synchronous nonisolated context
                    seg.effects = AutoSupportedEffects.sanitize(fx)
                                                       ^
/Users/pranavi/Documents/GitHub/mixr/Mixr/Models/AutoRemixPlan.swift:700:17: note: calls to static method 'sanitize' from outside of its actor context are implicitly asynchronous
    static func sanitize(_ settings: ClipEffectSettings) -> ClipEffectSettings {
                ^
/Users/pranavi/Documents/GitHub/mixr/Mixr/Models/AutoRemixValidator.swift:1264:25: note: add '@MainActor' to make static method 'transformVerbatimRepeats(_:decisions:)' part of global actor 'MainActor'
    private static func transformVerbatimRepeats(
                        ^
    @MainActor 
/Users/pranavi/Documents/GitHub/mixr/Mixr/Models/AutoRemixValidator.swift:1699:35: warning: call to main actor-isolated static method 'sanitize' in a synchronous nonisolated context
        fx = AutoSupportedEffects.sanitize(fx)
                                  ^
/Users/pranavi/Documents/GitHub/mixr/Mixr/Models/AutoRemixPlan.swift:700:17: note: calls to static method 'sanitize' from outside of its actor context are implicitly asynchronous
    static func sanitize(_ settings: ClipEffectSettings) -> ClipEffectSettings {
                ^
/Users/pranavi/Documents/GitHub/mixr/Mixr/Models/AutoRemixValidator.swift:1638:25: note: add '@MainActor' to make static method 'addIncomingVocalRideIn(_:decisions:)' part of global actor 'MainActor'
    private static func addIncomingVocalRideIn(
                        ^
    @MainActor 

SwiftCompile normal arm64 Compiling\ MixrExportRenderer.swift /Users/pranavi/Documents/GitHub/mixr/Mixr/Models/MixrExportRenderer.swift (in target 'Mixr' from project 'Mixr')

SwiftCompile normal arm64 /Users/pranavi/Documents/GitHub/mixr/Mixr/Models/MixrExportRenderer.swift (in target 'Mixr' from project 'Mixr')
    cd /Users/pranavi/Documents/GitHub/mixr
    
/Users/pranavi/Documents/GitHub/mixr/Mixr/Models/MixrExportRenderer.swift:304:36: warning: call to main actor-isolated static method 'masterize(channels:companions:sampleRate:targetLUFS:maxMakeupDB:maxCutDB:ceilingDB:maxSustainedDB:)' in a synchronous nonisolated context
        let master = AutoMasterBus.masterize(channels: collected, sampleRate: outputSR)
                                   ^
/Users/pranavi/Documents/GitHub/mixr/Mixr/Models/AutoMasterBus.swift:277:17: note: calls to static method 'masterize(channels:companions:sampleRate:targetLUFS:maxMakeupDB:maxCutDB:ceilingDB:maxSustainedDB:)' from outside of its actor context are implicitly asynchronous
    static func masterize(
                ^
/Users/pranavi/Documents/GitHub/mixr/Mixr/Models/MixrExportRenderer.swift:82:17: note: add '@MainActor' to make static method 'export(tracks:projectName:projectBPM:auditURL:progress:)' part of global actor 'MainActor'
    static func export(
                ^
    @MainActor 
/Users/pranavi/Documents/GitHub/mixr/Mixr/Models/MixrExportRenderer.swift:308:25: warning: main actor-isolated conformance of 'AutoMasterBus.ReductionAudit' to 'Encodable' cannot be used in nonisolated context; this is an error in the Swift 6 language mode
            try encoder.encode(master.reductionAudit).write(to: auditURL, options: .atomic)
                        ^
/Users/pranavi/Documents/GitHub/mixr/Mixr/Models/MixrExportRenderer.swift:355:44: warning: call to main actor-isolated static method 'truePeakTrack(channels:)' in a synchronous nonisolated context
            guard let peak = AutoMasterBus.truePeakTrack(channels: decoded).max(),
                                           ^
/Users/pranavi/Documents/GitHub/mixr/Mixr/Models/AutoMasterBus.swift:146:17: note: calls to static method 'truePeakTrack(channels:)' from outside of its actor context are implicitly asynchronous
    static func truePeakTrack(channels: [[Float]]) -> [Float] {
                ^
/Users/pranavi/Documents/GitHub/mixr/Mixr/Models/MixrExportRenderer.swift:337:17: note: add '@MainActor' to make static method 'encodePeakSafeAAC(_:format:to:)' part of global actor 'MainActor'
    static func encodePeakSafeAAC(_ channels: [[Float]], format: AVAudioFormat,
                ^
    @MainActor 
/Users/pranavi/Documents/GitHub/mixr/Mixr/Models/MixrExportRenderer.swift:543:36: warning: main actor-isolated conformance of 'MixrClip' to 'Equatable' cannot be used in nonisolated context; this is an error in the Swift 6 language mode
                    if effectsClip == nil || clip.start > effectsClip!.start {
                                   ^

SwiftDriverJobDiscovery normal x86_64 Compiling MixrPlaybackEngine.swift (in target 'Mixr' from project 'Mixr')

SwiftCompile normal x86_64 Compiling\ AutoJoinEngine.swift /Users/pranavi/Documents/GitHub/mixr/Mixr/Models/AutoJoinEngine.swift (in target 'Mixr' from project 'Mixr')

SwiftCompile normal x86_64 /Users/pranavi/Documents/GitHub/mixr/Mixr/Models/AutoJoinEngine.swift (in target 'Mixr' from project 'Mixr')
    cd /Users/pranavi/Documents/GitHub/mixr
    
/Users/pranavi/Documents/GitHub/mixr/Mixr/Models/AutoJoinEngine.swift:54:36: warning: main actor-isolated property 'barSeconds' can not be referenced from a nonisolated context
        let bar = profile.analysis.barSeconds
                                   ^
/Users/pranavi/Documents/GitHub/mixr/Mixr/Models/SongAnalysis.swift:107:9: note: property declared here
    var barSeconds: Double { beatSeconds * 4 }
        ^
/Users/pranavi/Documents/GitHub/mixr/Mixr/Models/AutoJoinEngine.swift:45:17: note: add '@MainActor' to make static method 'bedFirstCompleteChorusSection(profile:used:bars:energy:tempoRatio:)' part of global actor 'MainActor'
    static func bedFirstCompleteChorusSection(
                ^
    @MainActor 
/Users/pranavi/Documents/GitHub/mixr/Mixr/Models/AutoJoinEngine.swift:132:36: warning: main actor-isolated property 'barSeconds' can not be referenced from a nonisolated context
        let bar = profile.analysis.barSeconds
                                   ^
/Users/pranavi/Documents/GitHub/mixr/Mixr/Models/SongAnalysis.swift:107:9: note: property declared here
    var barSeconds: Double { beatSeconds * 4 }
        ^
/Users/pranavi/Documents/GitHub/mixr/Mixr/Models/AutoJoinEngine.swift:126:25: note: add '@MainActor' to make static method 'completePhraseSection(profile:from:bars:energy:)' part of global actor 'MainActor'
    private static func completePhraseSection(
                        ^
    @MainActor 
/Users/pranavi/Documents/GitHub/mixr/Mixr/Models/AutoJoinEngine.swift:178:13: warning: initialization of immutable value 'repeats' was never used; consider replacing with assignment to '_' or removing it
        let repeats = tuning.pivotWallpaperBeats
        ~~~~^~~~~~~
        _
/Users/pranavi/Documents/GitHub/mixr/Mixr/Models/AutoJoinEngine.swift:275:13: warning: initialization of immutable value 'grainVol' was never used; consider replacing with assignment to '_' or removing it
        let grainVol = AutoGainPolicy.roleStagingVolume(
        ~~~~^~~~~~~~
        _
/Users/pranavi/Documents/GitHub/mixr/Mixr/Models/AutoJoinEngine.swift:178:30: warning: main actor-isolated property 'pivotWallpaperBeats' can not be referenced from a nonisolated context
        let repeats = tuning.pivotWallpaperBeats
                             ^
/Users/pranavi/Documents/GitHub/mixr/Mixr/Models/AutoRemixPlan.swift:645:9: note: property declared here
    var pivotWallpaperBeats: Int { max(4, min(8, clampedPivotWallpaperBars * 4)) }
        ^
/Users/pranavi/Documents/GitHub/mixr/Mixr/Models/AutoJoinEngine.swift:156:17: note: add '@MainActor' to make static method 'appendPivotWallpaperLoop(completedPhrase:dropTimelineStart:deckATitle:deckBTitle:barSec:beatSec:tuning:grainStem:signal:incomingSongID:incomingHookStart:incomingTempoRatio:incomingSignal:incomingGrainStem:bedHasOtherStem:placements:pulseRegions:intentionalGaps:decisions:joinContracts:)' part of global actor 'MainActor'
    static func appendPivotWallpaperLoop(
                ^
    @MainActor 
/Users/pranavi/Documents/GitHub/mixr/Mixr/Models/AutoJoinEngine.swift:179:30: warning: call to main actor-isolated instance method 'pivotWindowSeconds(barSec:)' in a synchronous nonisolated context
        let loopDur = tuning.pivotWindowSeconds(barSec: barSec)
                             ^
/Users/pranavi/Documents/GitHub/mixr/Mixr/Models/AutoRemixPlan.swift:650:10: note: calls to instance method 'pivotWindowSeconds(barSec:)' from outside of its actor context are implicitly asynchronous
    func pivotWindowSeconds(barSec: Double) -> Double {
         ^
/Users/pranavi/Documents/GitHub/mixr/Mixr/Models/AutoJoinEngine.swift:156:17: note: add '@MainActor' to make static method 'appendPivotWallpaperLoop(completedPhrase:dropTimelineStart:deckATitle:deckBTitle:barSec:beatSec:tuning:grainStem:signal:incomingSongID:incomingHookStart:incomingTempoRatio:incomingSignal:incomingGrainStem:bedHasOtherStem:placements:pulseRegions:intentionalGaps:decisions:joinContracts:)' part of global actor 'MainActor'
    static func appendPivotWallpaperLoop(
                ^
    @MainActor 
/Users/pranavi/Documents/GitHub/mixr/Mixr/Models/AutoJoinEngine.swift:963:57: warning: call to main actor-isolated instance method 'makeupGain(for:)' in a synchronous nonisolated context
        if let measured = profiles[p.songID]?.loudness?.makeupGain(for: .vocals),
                                                        ^
/Users/pranavi/Documents/GitHub/mixr/Mixr/Models/AutoStemSidecar.swift:196:10: note: calls to instance method 'makeupGain(for:)' from outside of its actor context are implicitly asynchronous
    func makeupGain(for kind: AutoStemKind) -> Double? {
         ^
/Users/pranavi/Documents/GitHub/mixr/Mixr/Models/AutoJoinEngine.swift:928:25: note: add '@MainActor' to make static method 'vocalStemMakeup(placement:referenceRMS:profiles:barSec:)' part of global actor 'MainActor'
    private static func vocalStemMakeup(
                        ^
    @MainActor 

SwiftDriverJobDiscovery normal x86_64 Compiling AutoChorusIsland.swift (in target 'Mixr' from project 'Mixr')

SwiftCompile normal arm64 Compiling\ SongAnalysis.swift /Users/pranavi/Documents/GitHub/mixr/Mixr/Models/SongAnalysis.swift (in target 'Mixr' from project 'Mixr')

SwiftCompile normal arm64 /Users/pranavi/Documents/GitHub/mixr/Mixr/Models/SongAnalysis.swift (in target 'Mixr' from project 'Mixr')
    cd /Users/pranavi/Documents/GitHub/mixr
    

SwiftDriverJobDiscovery normal arm64 Compiling AutoRemixApplier.swift (in target 'Mixr' from project 'Mixr')

SwiftDriverJobDiscovery normal x86_64 Compiling AutoRemixValidator.swift (in target 'Mixr' from project 'Mixr')

SwiftCompile normal x86_64 Compiling\ AutoListenLoop.swift /Users/pranavi/Documents/GitHub/mixr/Mixr/Models/AutoListenLoop.swift (in target 'Mixr' from project 'Mixr')

SwiftCompile normal x86_64 /Users/pranavi/Documents/GitHub/mixr/Mixr/Models/AutoListenLoop.swift (in target 'Mixr' from project 'Mixr')
    cd /Users/pranavi/Documents/GitHub/mixr
    
/Users/pranavi/Documents/GitHub/mixr/Mixr/Models/AutoListenLoop.swift:58:44: warning: main actor-isolated property 'isClean' can not be referenced from a nonisolated context
        var blocksApply: Bool { !keptScore.isClean }
                                           ^
/Users/pranavi/Documents/GitHub/mixr/Mixr/Models/AutoRemixPlan.swift:447:9: note: property declared here
    var isClean: Bool {
        ^
/Users/pranavi/Documents/GitHub/mixr/Mixr/Models/AutoListenLoop.swift:70:22: warning: call to main actor-isolated operator function '<' in a synchronous nonisolated context
        if candidate < original { return true }
                     ^
/Users/pranavi/Documents/GitHub/mixr/Mixr/Models/AutoRemixPlan.swift:454:17: note: calls to operator function '<' from outside of its actor context are implicitly asynchronous
    static func < (lhs: AutoPreApplyScore, rhs: AutoPreApplyScore) -> Bool {
                ^
/Users/pranavi/Documents/GitHub/mixr/Mixr/Models/AutoListenLoop.swift:64:17: note: add '@MainActor' to make static method 'keepCandidate(original:candidate:originalResidualCount:candidateResidualCount:)' part of global actor 'MainActor'
    static func keepCandidate(
                ^
    @MainActor 
/Users/pranavi/Documents/GitHub/mixr/Mixr/Models/AutoListenLoop.swift:71:21: warning: call to main actor-isolated operator function '<' in a synchronous nonisolated context
        if original < candidate { return false }
                    ^
/Users/pranavi/Documents/GitHub/mixr/Mixr/Models/AutoRemixPlan.swift:454:17: note: calls to operator function '<' from outside of its actor context are implicitly asynchronous
    static func < (lhs: AutoPreApplyScore, rhs: AutoPreApplyScore) -> Bool {
                ^
/Users/pranavi/Documents/GitHub/mixr/Mixr/Models/AutoListenLoop.swift:64:17: note: add '@MainActor' to make static method 'keepCandidate(original:candidate:originalResidualCount:candidateResidualCount:)' part of global actor 'MainActor'
    static func keepCandidate(
                ^
    @MainActor 
/Users/pranavi/Documents/GitHub/mixr/Mixr/Models/AutoListenLoop.swift:258:17: warning: call to main actor-isolated initializer 'init()' in a synchronous nonisolated context
        var s = AutoPreApplyScore()
                ^
/Users/pranavi/Documents/GitHub/mixr/Mixr/Models/AutoRemixPlan.swift:440:8: note: calls to initializer 'init()' from outside of its actor context are implicitly asynchronous
struct AutoPreApplyScore: Sendable, Equatable, Comparable {
       ^
/Users/pranavi/Documents/GitHub/mixr/Mixr/Models/AutoListenLoop.swift:253:17: note: add '@MainActor' to make static method 'score(plan:mix:sampleRate:)' part of global actor 'MainActor'
    static func score(
                ^
    @MainActor 
/Users/pranavi/Documents/GitHub/mixr/Mixr/Models/AutoListenLoop.swift:381:43: warning: main actor-isolated property 'isClean' can not be referenced from a nonisolated autoclosure
        if first.isEmpty && originalScore.isClean {
                                          ^
/Users/pranavi/Documents/GitHub/mixr/Mixr/Models/AutoRemixPlan.swift:447:9: note: property declared here
    var isClean: Bool {
        ^
/Users/pranavi/Documents/GitHub/mixr/Mixr/Models/AutoListenLoop.swift:667:55: warning: call to main actor-isolated static method 'sanitize' in a synchronous nonisolated context
                        effects: AutoSupportedEffects.sanitize(ClipEffectSettings()),
                                                      ^
/Users/pranavi/Documents/GitHub/mixr/Mixr/Models/AutoRemixPlan.swift:700:17: note: calls to static method 'sanitize' from outside of its actor context are implicitly asynchronous
    static func sanitize(_ settings: ClipEffectSettings) -> ClipEffectSettings {
                ^
/Users/pranavi/Documents/GitHub/mixr/Mixr/Models/AutoListenLoop.swift:534:25: note: add '@MainActor' to make static method 'fillSourceSilence(plan:holes:sources:stemSources:decisions:)' part of global actor 'MainActor'
    private static func fillSourceSilence(
                        ^
    @MainActor 

SwiftDriverJobDiscovery normal x86_64 Compiling AutoJoinEngine.swift (in target 'Mixr' from project 'Mixr')

SwiftDriverJobDiscovery normal x86_64 Compiling AutoRemixPlanner.swift (in target 'Mixr' from project 'Mixr')

SwiftDriverJobDiscovery normal arm64 Compiling SongAnalysis.swift (in target 'Mixr' from project 'Mixr')

SwiftCompile normal arm64 Compiling\ AutoMashability.swift /Users/pranavi/Documents/GitHub/mixr/Mixr/Models/AutoMashability.swift (in target 'Mixr' from project 'Mixr')

SwiftCompile normal arm64 /Users/pranavi/Documents/GitHub/mixr/Mixr/Models/AutoMashability.swift (in target 'Mixr' from project 'Mixr')
    cd /Users/pranavi/Documents/GitHub/mixr
    
/Users/pranavi/Documents/GitHub/mixr/Mixr/Models/AutoMashability.swift:30:30: warning: call to main actor-isolated instance method 'meanVocalDensity(from:to:)' in a synchronous nonisolated context
        let vocal = analysis.meanVocalDensity(from: 0, to: analysis.durationSeconds)
                             ^
/Users/pranavi/Documents/GitHub/mixr/Mixr/Models/SongAnalysis.swift:138:10: note: calls to instance method 'meanVocalDensity(from:to:)' from outside of its actor context are implicitly asynchronous
    func meanVocalDensity(from start: Double, to end: Double) -> Double {
         ^
/Users/pranavi/Documents/GitHub/mixr/Mixr/Models/AutoMashability.swift:28:17: note: add '@MainActor' to make static method 'bedScore(for:)' part of global actor 'MainActor'
    static func bedScore(for profile: AutoSongProfile) -> Double {
                ^
    @MainActor 
/Users/pranavi/Documents/GitHub/mixr/Mixr/Models/AutoMashability.swift:49:30: warning: call to main actor-isolated instance method 'meanVocalDensity(from:to:)' in a synchronous nonisolated context
        var vocal = analysis.meanVocalDensity(from: 0, to: analysis.durationSeconds)
                             ^
/Users/pranavi/Documents/GitHub/mixr/Mixr/Models/SongAnalysis.swift:138:10: note: calls to instance method 'meanVocalDensity(from:to:)' from outside of its actor context are implicitly asynchronous
    func meanVocalDensity(from start: Double, to end: Double) -> Double {
         ^
/Users/pranavi/Documents/GitHub/mixr/Mixr/Models/AutoMashability.swift:47:17: note: add '@MainActor' to make static method 'hookScore(for:)' part of global actor 'MainActor'
    static func hookScore(for profile: AutoSongProfile) -> Double {
                ^
    @MainActor 
/Users/pranavi/Documents/GitHub/mixr/Mixr/Models/AutoMashability.swift:121:36: warning: main actor-isolated property 'barSeconds' can not be referenced from a nonisolated context
        let bedBeat = bed.analysis.barSeconds / 4.0
                                   ^
/Users/pranavi/Documents/GitHub/mixr/Mixr/Models/SongAnalysis.swift:107:9: note: property declared here
    var barSeconds: Double { beatSeconds * 4 }
        ^
/Users/pranavi/Documents/GitHub/mixr/Mixr/Models/AutoMashability.swift:94:17: note: add '@MainActor' to make static method 'bestIsland(guest:bed:wantBars:targetBPM:tuning:titleEntranceOnly:)' part of global actor 'MainActor'
    static func bestIsland(
                ^
    @MainActor 
/Users/pranavi/Documents/GitHub/mixr/Mixr/Models/AutoMashability.swift:122:40: warning: main actor-isolated property 'barSeconds' can not be referenced from a nonisolated context
        let guestBeat = guest.analysis.barSeconds / 4.0
                                       ^
/Users/pranavi/Documents/GitHub/mixr/Mixr/Models/SongAnalysis.swift:107:9: note: property declared here
    var barSeconds: Double { beatSeconds * 4 }
        ^
/Users/pranavi/Documents/GitHub/mixr/Mixr/Models/AutoMashability.swift:94:17: note: add '@MainActor' to make static method 'bestIsland(guest:bed:wantBars:targetBPM:tuning:titleEntranceOnly:)' part of global actor 'MainActor'
    static func bestIsland(
                ^
    @MainActor 
/Users/pranavi/Documents/GitHub/mixr/Mixr/Models/AutoMashability.swift:129:40: warning: main actor-isolated property 'barSeconds' can not be referenced from a nonisolated context
            barSeconds: guest.analysis.barSeconds,
                                       ^
/Users/pranavi/Documents/GitHub/mixr/Mixr/Models/SongAnalysis.swift:107:9: note: property declared here
    var barSeconds: Double { beatSeconds * 4 }
        ^
/Users/pranavi/Documents/GitHub/mixr/Mixr/Models/AutoMashability.swift:94:17: note: add '@MainActor' to make static method 'bestIsland(guest:bed:wantBars:targetBPM:tuning:titleEntranceOnly:)' part of global actor 'MainActor'
    static func bestIsland(
                ^
    @MainActor 
/Users/pranavi/Documents/GitHub/mixr/Mixr/Models/AutoMashability.swift:131:83: warning: main actor-isolated property 'barSeconds' can not be referenced from a nonisolated autoclosure
            introEnd: guest.analysis.introCandidate?.endSeconds ?? guest.analysis.barSeconds * 8,
                                                                                  ^
/Users/pranavi/Documents/GitHub/mixr/Mixr/Models/SongAnalysis.swift:107:9: note: property declared here
    var barSeconds: Double { beatSeconds * 4 }
        ^
/Users/pranavi/Documents/GitHub/mixr/Mixr/Models/AutoMashability.swift:137:43: warning: main actor-isolated property 'barSeconds' can not be referenced from a nonisolated context
            let titleTol = guest.analysis.barSeconds * 1.15
                                          ^
/Users/pranavi/Documents/GitHub/mixr/Mixr/Models/SongAnalysis.swift:107:9: note: property declared here
    var barSeconds: Double { beatSeconds * 4 }
        ^
/Users/pranavi/Documents/GitHub/mixr/Mixr/Models/AutoMashability.swift:94:17: note: add '@MainActor' to make static method 'bestIsland(guest:bed:wantBars:targetBPM:tuning:titleEntranceOnly:)' part of global actor 'MainActor'
    static func bestIsland(
                ^
    @MainActor 
/Users/pranavi/Documents/GitHub/mixr/Mixr/Models/AutoMashability.swift:166:41: warning: main actor-isolated property 'durationSeconds' can not be referenced from a nonisolated context
            let gDur = min(windowSec, g.durationSeconds)
                                        ^
/Users/pranavi/Documents/GitHub/mixr/Mixr/Models/AutoSectionCatalog.swift:39:9: note: property declared here
    var durationSeconds: Double { Double(barCount) * barSeconds }
        ^
/Users/pranavi/Documents/GitHub/mixr/Mixr/Models/AutoMashability.swift:94:17: note: add '@MainActor' to make static method 'bestIsland(guest:bed:wantBars:targetBPM:tuning:titleEntranceOnly:)' part of global actor 'MainActor'
    static func bestIsland(
                ^
    @MainActor 
/Users/pranavi/Documents/GitHub/mixr/Mixr/Models/AutoMashability.swift:171:62: warning: main actor-isolated property 'durationSeconds' can not be referenced from a nonisolated context
                let maxOffsets = max(1, min(bars * 4, Int((b.durationSeconds / max(bedBeat, 0.05)).rounded())))
                                                             ^
/Users/pranavi/Documents/GitHub/mixr/Mixr/Models/AutoSectionCatalog.swift:39:9: note: property declared here
    var durationSeconds: Double { Double(barCount) * barSeconds }
        ^
/Users/pranavi/Documents/GitHub/mixr/Mixr/Models/AutoMashability.swift:94:17: note: add '@MainActor' to make static method 'bestIsland(guest:bed:wantBars:targetBPM:tuning:titleEntranceOnly:)' part of global actor 'MainActor'
    static func bestIsland(
                ^
    @MainActor 
/Users/pranavi/Documents/GitHub/mixr/Mixr/Models/AutoMashability.swift:192:93: warning: main actor-isolated property 'barSeconds' can not be referenced from a nonisolated context
                    if let guestTitleStart, abs(gStart - guestTitleStart) <= guest.analysis.barSeconds * 2 {
                                                                                            ^
/Users/pranavi/Documents/GitHub/mixr/Mixr/Models/SongAnalysis.swift:107:9: note: property declared here
    var barSeconds: Double { beatSeconds * 4 }
        ^
/Users/pranavi/Documents/GitHub/mixr/Mixr/Models/AutoMashability.swift:94:17: note: add '@MainActor' to make static method 'bestIsland(guest:bed:wantBars:targetBPM:tuning:titleEntranceOnly:)' part of global actor 'MainActor'
    static func bestIsland(
                ^
    @MainActor 
/Users/pranavi/Documents/GitHub/mixr/Mixr/Models/AutoMashability.swift:233:62: warning: main actor-isolated property 'barSeconds' can not be referenced from a nonisolated context
               abs($0 - island.guestStart) <= guest.analysis.barSeconds * 0.05
                                                             ^
/Users/pranavi/Documents/GitHub/mixr/Mixr/Models/SongAnalysis.swift:107:9: note: property declared here
    var barSeconds: Double { beatSeconds * 4 }
        ^
/Users/pranavi/Documents/GitHub/mixr/Mixr/Models/AutoMashability.swift:238:84: warning: main actor-isolated property 'barSeconds' can not be referenced from a nonisolated autoclosure
        let introEnd = guest.analysis.introCandidate?.endSeconds ?? guest.analysis.barSeconds * 8
                                                                                   ^
/Users/pranavi/Documents/GitHub/mixr/Mixr/Models/SongAnalysis.swift:107:9: note: property declared here
    var barSeconds: Double { beatSeconds * 4 }
        ^
/Users/pranavi/Documents/GitHub/mixr/Mixr/Models/AutoMashability.swift:243:43: warning: main actor-isolated property 'barSeconds' can not be referenced from a nonisolated context
               barSeconds: guest.analysis.barSeconds,
                                          ^
/Users/pranavi/Documents/GitHub/mixr/Mixr/Models/SongAnalysis.swift:107:9: note: property declared here
    var barSeconds: Double { beatSeconds * 4 }
        ^
/Users/pranavi/Documents/GitHub/mixr/Mixr/Models/AutoMashability.swift:223:17: note: add '@MainActor' to make static method 'drop1GuestStart(guest:island:)' part of global actor 'MainActor'
    static func drop1GuestStart(
                ^
    @MainActor 
/Users/pranavi/Documents/GitHub/mixr/Mixr/Models/AutoMashability.swift:267:36: warning: main actor-isolated property 'barSeconds' can not be referenced from a nonisolated context
        let bar = profile.analysis.barSeconds
                                   ^
/Users/pranavi/Documents/GitHub/mixr/Mixr/Models/SongAnalysis.swift:107:9: note: property declared here
    var barSeconds: Double { beatSeconds * 4 }
        ^
/Users/pranavi/Documents/GitHub/mixr/Mixr/Models/AutoMashability.swift:266:25: note: add '@MainActor' to make static method 'phraseSeconds(for:)' part of global actor 'MainActor'
    private static func phraseSeconds(for profile: AutoSongProfile) -> Double {
                        ^
    @MainActor 
/Users/pranavi/Documents/GitHub/mixr/Mixr/Models/AutoMashability.swift:279:64: warning: call to main actor-isolated instance method 'meanEnergy(from:to:)' in a synchronous nonisolated context
        return profile.analysis.bassDensity * profile.analysis.meanEnergy(from: from, to: to)
                                                               ^
/Users/pranavi/Documents/GitHub/mixr/Mixr/Models/SongAnalysis.swift:133:10: note: calls to instance method 'meanEnergy(from:to:)' from outside of its actor context are implicitly asynchronous
    func meanEnergy(from start: Double, to end: Double) -> Double {
         ^
/Users/pranavi/Documents/GitHub/mixr/Mixr/Models/AutoMashability.swift:274:25: note: add '@MainActor' to make static method 'sectionBass(_:from:to:)' part of global actor 'MainActor'
    private static func sectionBass(_ profile: AutoSongProfile, from: Double, to: Double) -> Double {
                        ^
    @MainActor 
/Users/pranavi/Documents/GitHub/mixr/Mixr/Models/AutoMashability.swift:303:24: warning: call to main actor-isolated instance method 'meanEnergy(from:to:)' in a synchronous nonisolated context
            let ea = a.meanEnergy(from: aStart + t, to: aStart + t + stepSec)
                       ^
/Users/pranavi/Documents/GitHub/mixr/Mixr/Models/SongAnalysis.swift:133:10: note: calls to instance method 'meanEnergy(from:to:)' from outside of its actor context are implicitly asynchronous
    func meanEnergy(from start: Double, to end: Double) -> Double {
         ^
/Users/pranavi/Documents/GitHub/mixr/Mixr/Models/AutoMashability.swift:293:25: note: add '@MainActor' to make static method 'energyCorrelation(a:aStart:b:bStart:duration:step:)' part of global actor 'MainActor'
    private static func energyCorrelation(
                        ^
    @MainActor 
/Users/pranavi/Documents/GitHub/mixr/Mixr/Models/AutoMashability.swift:304:24: warning: call to main actor-isolated instance method 'meanEnergy(from:to:)' in a synchronous nonisolated context
            let eb = b.meanEnergy(from: bStart + t, to: bStart + t + stepSec)
                       ^
/Users/pranavi/Documents/GitHub/mixr/Mixr/Models/SongAnalysis.swift:133:10: note: calls to instance method 'meanEnergy(from:to:)' from outside of its actor context are implicitly asynchronous
    func meanEnergy(from start: Double, to end: Double) -> Double {
         ^
/Users/pranavi/Documents/GitHub/mixr/Mixr/Models/AutoMashability.swift:293:25: note: add '@MainActor' to make static method 'energyCorrelation(a:aStart:b:bStart:duration:step:)' part of global actor 'MainActor'
    private static func energyCorrelation(
                        ^
    @MainActor 

SwiftCompile normal arm64 Compiling\ AutoJoinEngine.swift /Users/pranavi/Documents/GitHub/mixr/Mixr/Models/AutoJoinEngine.swift (in target 'Mixr' from project 'Mixr')

SwiftCompile normal arm64 /Users/pranavi/Documents/GitHub/mixr/Mixr/Models/AutoJoinEngine.swift (in target 'Mixr' from project 'Mixr')
    cd /Users/pranavi/Documents/GitHub/mixr
    
/Users/pranavi/Documents/GitHub/mixr/Mixr/Models/AutoJoinEngine.swift:54:36: warning: main actor-isolated property 'barSeconds' can not be referenced from a nonisolated context
        let bar = profile.analysis.barSeconds
                                   ^
/Users/pranavi/Documents/GitHub/mixr/Mixr/Models/SongAnalysis.swift:107:9: note: property declared here
    var barSeconds: Double { beatSeconds * 4 }
        ^
/Users/pranavi/Documents/GitHub/mixr/Mixr/Models/AutoJoinEngine.swift:45:17: note: add '@MainActor' to make static method 'bedFirstCompleteChorusSection(profile:used:bars:energy:tempoRatio:)' part of global actor 'MainActor'
    static func bedFirstCompleteChorusSection(
                ^
    @MainActor 
/Users/pranavi/Documents/GitHub/mixr/Mixr/Models/AutoJoinEngine.swift:132:36: warning: main actor-isolated property 'barSeconds' can not be referenced from a nonisolated context
        let bar = profile.analysis.barSeconds
                                   ^
/Users/pranavi/Documents/GitHub/mixr/Mixr/Models/SongAnalysis.swift:107:9: note: property declared here
    var barSeconds: Double { beatSeconds * 4 }
        ^
/Users/pranavi/Documents/GitHub/mixr/Mixr/Models/AutoJoinEngine.swift:126:25: note: add '@MainActor' to make static method 'completePhraseSection(profile:from:bars:energy:)' part of global actor 'MainActor'
    private static func completePhraseSection(
                        ^
    @MainActor 
/Users/pranavi/Documents/GitHub/mixr/Mixr/Models/AutoJoinEngine.swift:178:13: warning: initialization of immutable value 'repeats' was never used; consider replacing with assignment to '_' or removing it
        let repeats = tuning.pivotWallpaperBeats
        ~~~~^~~~~~~
        _
/Users/pranavi/Documents/GitHub/mixr/Mixr/Models/AutoJoinEngine.swift:275:13: warning: initialization of immutable value 'grainVol' was never used; consider replacing with assignment to '_' or removing it
        let grainVol = AutoGainPolicy.roleStagingVolume(
        ~~~~^~~~~~~~
        _
/Users/pranavi/Documents/GitHub/mixr/Mixr/Models/AutoJoinEngine.swift:178:30: warning: main actor-isolated property 'pivotWallpaperBeats' can not be referenced from a nonisolated context
        let repeats = tuning.pivotWallpaperBeats
                             ^
/Users/pranavi/Documents/GitHub/mixr/Mixr/Models/AutoRemixPlan.swift:645:9: note: property declared here
    var pivotWallpaperBeats: Int { max(4, min(8, clampedPivotWallpaperBars * 4)) }
        ^
/Users/pranavi/Documents/GitHub/mixr/Mixr/Models/AutoJoinEngine.swift:156:17: note: add '@MainActor' to make static method 'appendPivotWallpaperLoop(completedPhrase:dropTimelineStart:deckATitle:deckBTitle:barSec:beatSec:tuning:grainStem:signal:incomingSongID:incomingHookStart:incomingTempoRatio:incomingSignal:incomingGrainStem:bedHasOtherStem:placements:pulseRegions:intentionalGaps:decisions:joinContracts:)' part of global actor 'MainActor'
    static func appendPivotWallpaperLoop(
                ^
    @MainActor 
/Users/pranavi/Documents/GitHub/mixr/Mixr/Models/AutoJoinEngine.swift:179:30: warning: call to main actor-isolated instance method 'pivotWindowSeconds(barSec:)' in a synchronous nonisolated context
        let loopDur = tuning.pivotWindowSeconds(barSec: barSec)
                             ^
/Users/pranavi/Documents/GitHub/mixr/Mixr/Models/AutoRemixPlan.swift:650:10: note: calls to instance method 'pivotWindowSeconds(barSec:)' from outside of its actor context are implicitly asynchronous
    func pivotWindowSeconds(barSec: Double) -> Double {
         ^
/Users/pranavi/Documents/GitHub/mixr/Mixr/Models/AutoJoinEngine.swift:156:17: note: add '@MainActor' to make static method 'appendPivotWallpaperLoop(completedPhrase:dropTimelineStart:deckATitle:deckBTitle:barSec:beatSec:tuning:grainStem:signal:incomingSongID:incomingHookStart:incomingTempoRatio:incomingSignal:incomingGrainStem:bedHasOtherStem:placements:pulseRegions:intentionalGaps:decisions:joinContracts:)' part of global actor 'MainActor'
    static func appendPivotWallpaperLoop(
                ^
    @MainActor 
/Users/pranavi/Documents/GitHub/mixr/Mixr/Models/AutoJoinEngine.swift:963:57: warning: call to main actor-isolated instance method 'makeupGain(for:)' in a synchronous nonisolated context
        if let measured = profiles[p.songID]?.loudness?.makeupGain(for: .vocals),
                                                        ^
/Users/pranavi/Documents/GitHub/mixr/Mixr/Models/AutoStemSidecar.swift:196:10: note: calls to instance method 'makeupGain(for:)' from outside of its actor context are implicitly asynchronous
    func makeupGain(for kind: AutoStemKind) -> Double? {
         ^
/Users/pranavi/Documents/GitHub/mixr/Mixr/Models/AutoJoinEngine.swift:928:25: note: add '@MainActor' to make static method 'vocalStemMakeup(placement:referenceRMS:profiles:barSec:)' part of global actor 'MainActor'
    private static func vocalStemMakeup(
                        ^
    @MainActor 

SwiftCompile normal arm64 Compiling\ AutoCompatibility.swift /Users/pranavi/Documents/GitHub/mixr/Mixr/Models/AutoCompatibility.swift (in target 'Mixr' from project 'Mixr')

SwiftCompile normal arm64 /Users/pranavi/Documents/GitHub/mixr/Mixr/Models/AutoCompatibility.swift (in target 'Mixr' from project 'Mixr')
    cd /Users/pranavi/Documents/GitHub/mixr
    
/Users/pranavi/Documents/GitHub/mixr/Mixr/Models/AutoCompatibility.swift:290:37: warning: call to main actor-isolated instance method 'meanEnergy(from:to:)' in a synchronous nonisolated context
        let guestE = guest.analysis.meanEnergy(from: 0, to: guest.analysis.durationSeconds)
                                    ^
/Users/pranavi/Documents/GitHub/mixr/Mixr/Models/SongAnalysis.swift:133:10: note: calls to instance method 'meanEnergy(from:to:)' from outside of its actor context are implicitly asynchronous
    func meanEnergy(from start: Double, to end: Double) -> Double {
         ^
/Users/pranavi/Documents/GitHub/mixr/Mixr/Models/AutoCompatibility.swift:289:17: note: add '@MainActor' to make static method 'needsBreakdownRunway(guest:bed:)' part of global actor 'MainActor'
    static func needsBreakdownRunway(guest: AutoSongProfile, bed: AutoSongProfile) -> Bool {
                ^
    @MainActor 
/Users/pranavi/Documents/GitHub/mixr/Mixr/Models/AutoCompatibility.swift:291:33: warning: call to main actor-isolated instance method 'meanEnergy(from:to:)' in a synchronous nonisolated context
        let bedE = bed.analysis.meanEnergy(from: 0, to: bed.analysis.durationSeconds)
                                ^
/Users/pranavi/Documents/GitHub/mixr/Mixr/Models/SongAnalysis.swift:133:10: note: calls to instance method 'meanEnergy(from:to:)' from outside of its actor context are implicitly asynchronous
    func meanEnergy(from start: Double, to end: Double) -> Double {
         ^
/Users/pranavi/Documents/GitHub/mixr/Mixr/Models/AutoCompatibility.swift:289:17: note: add '@MainActor' to make static method 'needsBreakdownRunway(guest:bed:)' part of global actor 'MainActor'
    static func needsBreakdownRunway(guest: AutoSongProfile, bed: AutoSongProfile) -> Bool {
                ^
    @MainActor 

SwiftCompile normal arm64 Compiling\ AutoArrangementEngine.swift /Users/pranavi/Documents/GitHub/mixr/Mixr/Models/AutoArrangementEngine.swift (in target 'Mixr' from project 'Mixr')

SwiftCompile normal arm64 /Users/pranavi/Documents/GitHub/mixr/Mixr/Models/AutoArrangementEngine.swift (in target 'Mixr' from project 'Mixr')
    cd /Users/pranavi/Documents/GitHub/mixr
    

SwiftDriverJobDiscovery normal arm64 Compiling AutoCompatibility.swift (in target 'Mixr' from project 'Mixr')

SwiftCompile normal arm64 Compiling\ AutoChorusIsland.swift /Users/pranavi/Documents/GitHub/mixr/Mixr/Models/AutoChorusIsland.swift (in target 'Mixr' from project 'Mixr')

SwiftCompile normal arm64 /Users/pranavi/Documents/GitHub/mixr/Mixr/Models/AutoChorusIsland.swift (in target 'Mixr' from project 'Mixr')
    cd /Users/pranavi/Documents/GitHub/mixr
    
/Users/pranavi/Documents/GitHub/mixr/Mixr/Models/AutoChorusIsland.swift:150:34: warning: main actor-isolated property 'hasVocals' can not be referenced from a nonisolated context
        let stem = profile.stems.hasVocals ? "stem=vocals" : "stem=none"
                                 ^
/Users/pranavi/Documents/GitHub/mixr/Mixr/Models/AutoStemSidecar.swift:38:9: note: property declared here
    var hasVocals: Bool { vocals != nil }
        ^
/Users/pranavi/Documents/GitHub/mixr/Mixr/Models/AutoChorusIsland.swift:135:17: note: add '@MainActor' to make static method 'bedHookDecisionDump(profile:measured:chosenStart:)' part of global actor 'MainActor'
    static func bedHookDecisionDump(
                ^
    @MainActor 

SwiftDriverJobDiscovery normal x86_64 Compiling AutoListenLoop.swift (in target 'Mixr' from project 'Mixr')

SwiftDriverJobDiscovery normal arm64 Compiling AutoMashability.swift (in target 'Mixr' from project 'Mixr')

SwiftDriverJobDiscovery normal arm64 Compiling MixrExportRenderer.swift (in target 'Mixr' from project 'Mixr')

SwiftCompile normal arm64 Compiling\ MixrPlaybackEngine.swift /Users/pranavi/Documents/GitHub/mixr/Mixr/Models/MixrPlaybackEngine.swift (in target 'Mixr' from project 'Mixr')

SwiftCompile normal arm64 /Users/pranavi/Documents/GitHub/mixr/Mixr/Models/MixrPlaybackEngine.swift (in target 'Mixr' from project 'Mixr')
    cd /Users/pranavi/Documents/GitHub/mixr
    

SwiftCompile normal arm64 Compiling\ TimelineScreen.swift /Users/pranavi/Documents/GitHub/mixr/Mixr/TimelineScreen.swift (in target 'Mixr' from project 'Mixr')
SwiftCompile normal arm64 /Users/pranavi/Documents/GitHub/mixr/Mixr/TimelineScreen.swift (in target 'Mixr' from project 'Mixr')
    cd /Users/pranavi/Documents/GitHub/mixr
    

SwiftDriverJobDiscovery normal arm64 Compiling AutoJoinEngine.swift (in target 'Mixr' from project 'Mixr')

SwiftDriverJobDiscovery normal arm64 Compiling AutoRemixPlanner.swift (in target 'Mixr' from project 'Mixr')

SwiftDriverJobDiscovery normal arm64 Compiling AutoArrangementEngine.swift (in target 'Mixr' from project 'Mixr')

SwiftDriverJobDiscovery normal x86_64 Compiling ClipEditingUI.swift (in target 'Mixr' from project 'Mixr')

SwiftDriverJobDiscovery normal arm64 Compiling MixrPlaybackEngine.swift (in target 'Mixr' from project 'Mixr')

SwiftDriverJobDiscovery normal arm64 Compiling AutoChorusIsland.swift (in target 'Mixr' from project 'Mixr')

SwiftDriverJobDiscovery normal arm64 Compiling AutoRemixValidator.swift (in target 'Mixr' from project 'Mixr')

SwiftCompile normal arm64 Compiling\ AutoListenLoop.swift /Users/pranavi/Documents/GitHub/mixr/Mixr/Models/AutoListenLoop.swift (in target 'Mixr' from project 'Mixr')

SwiftCompile normal arm64 /Users/pranavi/Documents/GitHub/mixr/Mixr/Models/AutoListenLoop.swift (in target 'Mixr' from project 'Mixr')
    cd /Users/pranavi/Documents/GitHub/mixr
    
/Users/pranavi/Documents/GitHub/mixr/Mixr/Models/AutoListenLoop.swift:58:44: warning: main actor-isolated property 'isClean' can not be referenced from a nonisolated context
        var blocksApply: Bool { !keptScore.isClean }
                                           ^
/Users/pranavi/Documents/GitHub/mixr/Mixr/Models/AutoRemixPlan.swift:447:9: note: property declared here
    var isClean: Bool {
        ^
/Users/pranavi/Documents/GitHub/mixr/Mixr/Models/AutoListenLoop.swift:70:22: warning: call to main actor-isolated operator function '<' in a synchronous nonisolated context
        if candidate < original { return true }
                     ^
/Users/pranavi/Documents/GitHub/mixr/Mixr/Models/AutoRemixPlan.swift:454:17: note: calls to operator function '<' from outside of its actor context are implicitly asynchronous
    static func < (lhs: AutoPreApplyScore, rhs: AutoPreApplyScore) -> Bool {
                ^
/Users/pranavi/Documents/GitHub/mixr/Mixr/Models/AutoListenLoop.swift:64:17: note: add '@MainActor' to make static method 'keepCandidate(original:candidate:originalResidualCount:candidateResidualCount:)' part of global actor 'MainActor'
    static func keepCandidate(
                ^
    @MainActor 
/Users/pranavi/Documents/GitHub/mixr/Mixr/Models/AutoListenLoop.swift:71:21: warning: call to main actor-isolated operator function '<' in a synchronous nonisolated context
        if original < candidate { return false }
                    ^
/Users/pranavi/Documents/GitHub/mixr/Mixr/Models/AutoRemixPlan.swift:454:17: note: calls to operator function '<' from outside of its actor context are implicitly asynchronous
    static func < (lhs: AutoPreApplyScore, rhs: AutoPreApplyScore) -> Bool {
                ^
/Users/pranavi/Documents/GitHub/mixr/Mixr/Models/AutoListenLoop.swift:64:17: note: add '@MainActor' to make static method 'keepCandidate(original:candidate:originalResidualCount:candidateResidualCount:)' part of global actor 'MainActor'
    static func keepCandidate(
                ^
    @MainActor 
/Users/pranavi/Documents/GitHub/mixr/Mixr/Models/AutoListenLoop.swift:258:17: warning: call to main actor-isolated initializer 'init()' in a synchronous nonisolated context
        var s = AutoPreApplyScore()
                ^
/Users/pranavi/Documents/GitHub/mixr/Mixr/Models/AutoRemixPlan.swift:440:8: note: calls to initializer 'init()' from outside of its actor context are implicitly asynchronous
struct AutoPreApplyScore: Sendable, Equatable, Comparable {
       ^
/Users/pranavi/Documents/GitHub/mixr/Mixr/Models/AutoListenLoop.swift:253:17: note: add '@MainActor' to make static method 'score(plan:mix:sampleRate:)' part of global actor 'MainActor'
    static func score(
                ^
    @MainActor 
/Users/pranavi/Documents/GitHub/mixr/Mixr/Models/AutoListenLoop.swift:381:43: warning: main actor-isolated property 'isClean' can not be referenced from a nonisolated autoclosure
        if first.isEmpty && originalScore.isClean {
                                          ^
/Users/pranavi/Documents/GitHub/mixr/Mixr/Models/AutoRemixPlan.swift:447:9: note: property declared here
    var isClean: Bool {
        ^
/Users/pranavi/Documents/GitHub/mixr/Mixr/Models/AutoListenLoop.swift:667:55: warning: call to main actor-isolated static method 'sanitize' in a synchronous nonisolated context
                        effects: AutoSupportedEffects.sanitize(ClipEffectSettings()),
                                                      ^
/Users/pranavi/Documents/GitHub/mixr/Mixr/Models/AutoRemixPlan.swift:700:17: note: calls to static method 'sanitize' from outside of its actor context are implicitly asynchronous
    static func sanitize(_ settings: ClipEffectSettings) -> ClipEffectSettings {
                ^
/Users/pranavi/Documents/GitHub/mixr/Mixr/Models/AutoListenLoop.swift:534:25: note: add '@MainActor' to make static method 'fillSourceSilence(plan:holes:sources:stemSources:decisions:)' part of global actor 'MainActor'
    private static func fillSourceSilence(
                        ^
    @MainActor 

SwiftDriverJobDiscovery normal arm64 Compiling ClipEditingUI.swift (in target 'Mixr' from project 'Mixr')

SwiftDriverJobDiscovery normal arm64 Compiling AutoListenLoop.swift (in target 'Mixr' from project 'Mixr')

SwiftDriverJobDiscovery normal x86_64 Compiling TimelineScreen.swift (in target 'Mixr' from project 'Mixr')

SwiftDriver\ Compilation Mixr normal x86_64 com.apple.xcode.tools.swift.compiler (in target 'Mixr' from project 'Mixr')
    cd /Users/pranavi/Documents/GitHub/mixr
    builtin-Swift-Compilation -- /Applications/Xcode.app/Contents/Developer/Toolchains/XcodeDefault.xctoolchain/usr/bin/swiftc -module-name Mixr -Onone @/tmp/mixr-general-build/Build/Intermediates.noindex/Mixr.build/Debug-iphonesimulator/Mixr.build/Objects-normal/x86_64/Mixr.SwiftFileList -DDEBUG -default-isolation\=MainActor -enable-bare-slash-regex -enable-upcoming-feature DisableOutwardActorInference -enable-upcoming-feature InferSendableFromCaptures -enable-upcoming-feature GlobalActorIsolatedTypesUsability -enable-upcoming-feature MemberImportVisibility -enable-upcoming-feature InferIsolatedConformances -enable-upcoming-feature NonisolatedNonsendingByDefault -enable-experimental-feature DebugDescriptionMacro -sdk /Applications/Xcode.app/Contents/Developer/Platforms/iPhoneSimulator.platform/Developer/SDKs/iPhoneSimulator26.5.sdk -target x86_64-apple-ios26.5-simulator -g -module-cache-path /tmp/mixr-general-build/ModuleCache.noindex -Xfrontend -serialize-debugging-options -enable-testing -index-store-path /tmp/mixr-general-build/Index.noindex/DataStore -Xcc -D_LIBCPP_HARDENING_MODE\=_LIBCPP_HARDENING_MODE_DEBUG -swift-version 5 -I /tmp/mixr-general-build/Build/Products/Debug-iphonesimulator -F /tmp/mixr-general-build/Build/Products/Debug-iphonesimulator -emit-localized-strings -emit-localized-strings-path /tmp/mixr-general-build/Build/Intermediates.noindex/Mixr.build/Debug-iphonesimulator/Mixr.build/Objects-normal/x86_64 -c -j10 -enable-batch-mode -incremental -Xcc -ivfsstatcache -Xcc /tmp/mixr-general-build/SDKStatCaches.noindex/iphonesimulator26.5-23F81a-6cfe768891a92b912361537c460fe42b.sdkstatcache -output-file-map /tmp/mixr-general-build/Build/Intermediates.noindex/Mixr.build/Debug-iphonesimulator/Mixr.build/Objects-normal/x86_64/Mixr-OutputFileMap.json -use-frontend-parseable-output -save-temps -no-color-diagnostics -explicit-module-build -module-cache-path /tmp/mixr-general-build/Build/Intermediates.noindex/SwiftExplicitPrecompiledModules -clang-scanner-module-cache-path /tmp/mixr-general-build/ModuleCache.noindex -sdk-module-cache-path /tmp/mixr-general-build/ModuleCache.noindex -serialize-diagnostics -emit-dependencies -emit-module -emit-module-path /tmp/mixr-general-build/Build/Intermediates.noindex/Mixr.build/Debug-iphonesimulator/Mixr.build/Objects-normal/x86_64/Mixr.swiftmodule -validate-clang-modules-once -clang-build-session-file /tmp/mixr-general-build/ModuleCache.noindex/Session.modulevalidation -Xcc -I/tmp/mixr-general-build/Build/Intermediates.noindex/Mixr.build/Debug-iphonesimulator/Mixr.build/swift-overrides.hmap -emit-const-values -Xfrontend -const-gather-protocols-file -Xfrontend /tmp/mixr-general-build/Build/Intermediates.noindex/Mixr.build/Debug-iphonesimulator/Mixr.build/Objects-normal/x86_64/Mixr_const_extract_protocols.json -Xcc -iquote -Xcc /tmp/mixr-general-build/Build/Intermediates.noindex/Mixr.build/Debug-iphonesimulator/Mixr.build/Mixr-generated-files.hmap -Xcc -I/tmp/mixr-general-build/Build/Intermediates.noindex/Mixr.build/Debug-iphonesimulator/Mixr.build/Mixr-own-target-headers.hmap -Xcc -I/tmp/mixr-general-build/Build/Intermediates.noindex/Mixr.build/Debug-iphonesimulator/Mixr.build/Mixr-all-target-headers.hmap -Xcc -iquote -Xcc /tmp/mixr-general-build/Build/Intermediates.noindex/Mixr.build/Debug-iphonesimulator/Mixr.build/Mixr-project-headers.hmap -Xcc -I/tmp/mixr-general-build/Build/Products/Debug-iphonesimulator/include -Xcc -I/tmp/mixr-general-build/Build/Intermediates.noindex/Mixr.build/Debug-iphonesimulator/Mixr.build/DerivedSources-normal/x86_64 -Xcc -I/tmp/mixr-general-build/Build/Intermediates.noindex/Mixr.build/Debug-iphonesimulator/Mixr.build/DerivedSources/x86_64 -Xcc -I/tmp/mixr-general-build/Build/Intermediates.noindex/Mixr.build/Debug-iphonesimulator/Mixr.build/DerivedSources -Xcc -DDEBUG\=1 -emit-objc-header -emit-objc-header-path /tmp/mixr-general-build/Build/Intermediates.noindex/Mixr.build/Debug-iphonesimulator/Mixr.build/Objects-normal/x86_64/Mixr-Swift.h -working-directory /Users/pranavi/Documents/GitHub/mixr -experimental-emit-module-separately -disable-cmo

SwiftDriverJobDiscovery normal arm64 Emitting module for Mixr (in target 'Mixr' from project 'Mixr')

SwiftDriver\ Compilation\ Requirements Mixr normal arm64 com.apple.xcode.tools.swift.compiler (in target 'Mixr' from project 'Mixr')
    cd /Users/pranavi/Documents/GitHub/mixr
    builtin-Swift-Compilation-Requirements -- /Applications/Xcode.app/Contents/Developer/Toolchains/XcodeDefault.xctoolchain/usr/bin/swiftc -module-name Mixr -Onone @/tmp/mixr-general-build/Build/Intermediates.noindex/Mixr.build/Debug-iphonesimulator/Mixr.build/Objects-normal/arm64/Mixr.SwiftFileList -DDEBUG -default-isolation\=MainActor -enable-bare-slash-regex -enable-upcoming-feature DisableOutwardActorInference -enable-upcoming-feature InferSendableFromCaptures -enable-upcoming-feature GlobalActorIsolatedTypesUsability -enable-upcoming-feature MemberImportVisibility -enable-upcoming-feature InferIsolatedConformances -enable-upcoming-feature NonisolatedNonsendingByDefault -enable-experimental-feature DebugDescriptionMacro -sdk /Applications/Xcode.app/Contents/Developer/Platforms/iPhoneSimulator.platform/Developer/SDKs/iPhoneSimulator26.5.sdk -target arm64-apple-ios26.5-simulator -g -module-cache-path /tmp/mixr-general-build/ModuleCache.noindex -Xfrontend -serialize-debugging-options -enable-testing -index-store-path /tmp/mixr-general-build/Index.noindex/DataStore -Xcc -D_LIBCPP_HARDENING_MODE\=_LIBCPP_HARDENING_MODE_DEBUG -swift-version 5 -I /tmp/mixr-general-build/Build/Products/Debug-iphonesimulator -F /tmp/mixr-general-build/Build/Products/Debug-iphonesimulator -emit-localized-strings -emit-localized-strings-path /tmp/mixr-general-build/Build/Intermediates.noindex/Mixr.build/Debug-iphonesimulator/Mixr.build/Objects-normal/arm64 -c -j10 -enable-batch-mode -incremental -Xcc -ivfsstatcache -Xcc /tmp/mixr-general-build/SDKStatCaches.noindex/iphonesimulator26.5-23F81a-6cfe768891a92b912361537c460fe42b.sdkstatcache -output-file-map /tmp/mixr-general-build/Build/Intermediates.noindex/Mixr.build/Debug-iphonesimulator/Mixr.build/Objects-normal/arm64/Mixr-OutputFileMap.json -use-frontend-parseable-output -save-temps -no-color-diagnostics -explicit-module-build -module-cache-path /tmp/mixr-general-build/Build/Intermediates.noindex/SwiftExplicitPrecompiledModules -clang-scanner-module-cache-path /tmp/mixr-general-build/ModuleCache.noindex -sdk-module-cache-path /tmp/mixr-general-build/ModuleCache.noindex -serialize-diagnostics -emit-dependencies -emit-module -emit-module-path /tmp/mixr-general-build/Build/Intermediates.noindex/Mixr.build/Debug-iphonesimulator/Mixr.build/Objects-normal/arm64/Mixr.swiftmodule -validate-clang-modules-once -clang-build-session-file /tmp/mixr-general-build/ModuleCache.noindex/Session.modulevalidation -Xcc -I/tmp/mixr-general-build/Build/Intermediates.noindex/Mixr.build/Debug-iphonesimulator/Mixr.build/swift-overrides.hmap -emit-const-values -Xfrontend -const-gather-protocols-file -Xfrontend /tmp/mixr-general-build/Build/Intermediates.noindex/Mixr.build/Debug-iphonesimulator/Mixr.build/Objects-normal/arm64/Mixr_const_extract_protocols.json -Xcc -iquote -Xcc /tmp/mixr-general-build/Build/Intermediates.noindex/Mixr.build/Debug-iphonesimulator/Mixr.build/Mixr-generated-files.hmap -Xcc -I/tmp/mixr-general-build/Build/Intermediates.noindex/Mixr.build/Debug-iphonesimulator/Mixr.build/Mixr-own-target-headers.hmap -Xcc -I/tmp/mixr-general-build/Build/Intermediates.noindex/Mixr.build/Debug-iphonesimulator/Mixr.build/Mixr-all-target-headers.hmap -Xcc -iquote -Xcc /tmp/mixr-general-build/Build/Intermediates.noindex/Mixr.build/Debug-iphonesimulator/Mixr.build/Mixr-project-headers.hmap -Xcc -I/tmp/mixr-general-build/Build/Products/Debug-iphonesimulator/include -Xcc -I/tmp/mixr-general-build/Build/Intermediates.noindex/Mixr.build/Debug-iphonesimulator/Mixr.build/DerivedSources-normal/arm64 -Xcc -I/tmp/mixr-general-build/Build/Intermediates.noindex/Mixr.build/Debug-iphonesimulator/Mixr.build/DerivedSources/arm64 -Xcc -I/tmp/mixr-general-build/Build/Intermediates.noindex/Mixr.build/Debug-iphonesimulator/Mixr.build/DerivedSources -Xcc -DDEBUG\=1 -emit-objc-header -emit-objc-header-path /tmp/mixr-general-build/Build/Intermediates.noindex/Mixr.build/Debug-iphonesimulator/Mixr.build/Objects-normal/arm64/Mixr-Swift.h -working-directory /Users/pranavi/Documents/GitHub/mixr -experimental-emit-module-separately -disable-cmo

SwiftDriverJobDiscovery normal x86_64 Emitting module for Mixr (in target 'Mixr' from project 'Mixr')

SwiftDriver\ Compilation\ Requirements Mixr normal x86_64 com.apple.xcode.tools.swift.compiler (in target 'Mixr' from project 'Mixr')
    cd /Users/pranavi/Documents/GitHub/mixr
    builtin-Swift-Compilation-Requirements -- /Applications/Xcode.app/Contents/Developer/Toolchains/XcodeDefault.xctoolchain/usr/bin/swiftc -module-name Mixr -Onone @/tmp/mixr-general-build/Build/Intermediates.noindex/Mixr.build/Debug-iphonesimulator/Mixr.build/Objects-normal/x86_64/Mixr.SwiftFileList -DDEBUG -default-isolation\=MainActor -enable-bare-slash-regex -enable-upcoming-feature DisableOutwardActorInference -enable-upcoming-feature InferSendableFromCaptures -enable-upcoming-feature GlobalActorIsolatedTypesUsability -enable-upcoming-feature MemberImportVisibility -enable-upcoming-feature InferIsolatedConformances -enable-upcoming-feature NonisolatedNonsendingByDefault -enable-experimental-feature DebugDescriptionMacro -sdk /Applications/Xcode.app/Contents/Developer/Platforms/iPhoneSimulator.platform/Developer/SDKs/iPhoneSimulator26.5.sdk -target x86_64-apple-ios26.5-simulator -g -module-cache-path /tmp/mixr-general-build/ModuleCache.noindex -Xfrontend -serialize-debugging-options -enable-testing -index-store-path /tmp/mixr-general-build/Index.noindex/DataStore -Xcc -D_LIBCPP_HARDENING_MODE\=_LIBCPP_HARDENING_MODE_DEBUG -swift-version 5 -I /tmp/mixr-general-build/Build/Products/Debug-iphonesimulator -F /tmp/mixr-general-build/Build/Products/Debug-iphonesimulator -emit-localized-strings -emit-localized-strings-path /tmp/mixr-general-build/Build/Intermediates.noindex/Mixr.build/Debug-iphonesimulator/Mixr.build/Objects-normal/x86_64 -c -j10 -enable-batch-mode -incremental -Xcc -ivfsstatcache -Xcc /tmp/mixr-general-build/SDKStatCaches.noindex/iphonesimulator26.5-23F81a-6cfe768891a92b912361537c460fe42b.sdkstatcache -output-file-map /tmp/mixr-general-build/Build/Intermediates.noindex/Mixr.build/Debug-iphonesimulator/Mixr.build/Objects-normal/x86_64/Mixr-OutputFileMap.json -use-frontend-parseable-output -save-temps -no-color-diagnostics -explicit-module-build -module-cache-path /tmp/mixr-general-build/Build/Intermediates.noindex/SwiftExplicitPrecompiledModules -clang-scanner-module-cache-path /tmp/mixr-general-build/ModuleCache.noindex -sdk-module-cache-path /tmp/mixr-general-build/ModuleCache.noindex -serialize-diagnostics -emit-dependencies -emit-module -emit-module-path /tmp/mixr-general-build/Build/Intermediates.noindex/Mixr.build/Debug-iphonesimulator/Mixr.build/Objects-normal/x86_64/Mixr.swiftmodule -validate-clang-modules-once -clang-build-session-file /tmp/mixr-general-build/ModuleCache.noindex/Session.modulevalidation -Xcc -I/tmp/mixr-general-build/Build/Intermediates.noindex/Mixr.build/Debug-iphonesimulator/Mixr.build/swift-overrides.hmap -emit-const-values -Xfrontend -const-gather-protocols-file -Xfrontend /tmp/mixr-general-build/Build/Intermediates.noindex/Mixr.build/Debug-iphonesimulator/Mixr.build/Objects-normal/x86_64/Mixr_const_extract_protocols.json -Xcc -iquote -Xcc /tmp/mixr-general-build/Build/Intermediates.noindex/Mixr.build/Debug-iphonesimulator/Mixr.build/Mixr-generated-files.hmap -Xcc -I/tmp/mixr-general-build/Build/Intermediates.noindex/Mixr.build/Debug-iphonesimulator/Mixr.build/Mixr-own-target-headers.hmap -Xcc -I/tmp/mixr-general-build/Build/Intermediates.noindex/Mixr.build/Debug-iphonesimulator/Mixr.build/Mixr-all-target-headers.hmap -Xcc -iquote -Xcc /tmp/mixr-general-build/Build/Intermediates.noindex/Mixr.build/Debug-iphonesimulator/Mixr.build/Mixr-project-headers.hmap -Xcc -I/tmp/mixr-general-build/Build/Products/Debug-iphonesimulator/include -Xcc -I/tmp/mixr-general-build/Build/Intermediates.noindex/Mixr.build/Debug-iphonesimulator/Mixr.build/DerivedSources-normal/x86_64 -Xcc -I/tmp/mixr-general-build/Build/Intermediates.noindex/Mixr.build/Debug-iphonesimulator/Mixr.build/DerivedSources/x86_64 -Xcc -I/tmp/mixr-general-build/Build/Intermediates.noindex/Mixr.build/Debug-iphonesimulator/Mixr.build/DerivedSources -Xcc -DDEBUG\=1 -emit-objc-header -emit-objc-header-path /tmp/mixr-general-build/Build/Intermediates.noindex/Mixr.build/Debug-iphonesimulator/Mixr.build/Objects-normal/x86_64/Mixr-Swift.h -working-directory /Users/pranavi/Documents/GitHub/mixr -experimental-emit-module-separately -disable-cmo

Ld /tmp/mixr-general-build/Build/Intermediates.noindex/Mixr.build/Debug-iphonesimulator/Mixr.build/Objects-normal/x86_64/Binary/Mixr.debug.dylib normal x86_64 (in target 'Mixr' from project 'Mixr')
    cd /Users/pranavi/Documents/GitHub/mixr
    /Applications/Xcode.app/Contents/Developer/Toolchains/XcodeDefault.xctoolchain/usr/bin/clang -Xlinker -reproducible -target x86_64-apple-ios26.5-simulator -dynamiclib -isysroot /Applications/Xcode.app/Contents/Developer/Platforms/iPhoneSimulator.platform/Developer/SDKs/iPhoneSimulator26.5.sdk -O0 -L/tmp/mixr-general-build/Build/Intermediates.noindex/EagerLinkingTBDs/Debug-iphonesimulator -L/tmp/mixr-general-build/Build/Products/Debug-iphonesimulator -F/tmp/mixr-general-build/Build/Intermediates.noindex/EagerLinkingTBDs/Debug-iphonesimulator -F/tmp/mixr-general-build/Build/Products/Debug-iphonesimulator -filelist /tmp/mixr-general-build/Build/Intermediates.noindex/Mixr.build/Debug-iphonesimulator/Mixr.build/Objects-normal/x86_64/Mixr.LinkFileList -install_name @rpath/Mixr.debug.dylib -Xlinker -rpath -Xlinker @executable_path/Frameworks -Xlinker -dead_strip -Xlinker -object_path_lto -Xlinker /tmp/mixr-general-build/Build/Intermediates.noindex/Mixr.build/Debug-iphonesimulator/Mixr.build/Objects-normal/x86_64/Mixr_lto.o -rdynamic -Xlinker -no_deduplicate -Xlinker -objc_abi_version -Xlinker 2 -Xlinker -dependency_info -Xlinker /tmp/mixr-general-build/Build/Intermediates.noindex/Mixr.build/Debug-iphonesimulator/Mixr.build/Objects-normal/x86_64/Mixr_dependency_info.dat -fobjc-link-runtime -L/Applications/Xcode.app/Contents/Developer/Toolchains/XcodeDefault.xctoolchain/usr/lib/swift/iphonesimulator -L/usr/lib/swift -Xlinker -add_ast_path -Xlinker /tmp/mixr-general-build/Build/Intermediates.noindex/Mixr.build/Debug-iphonesimulator/Mixr.build/Objects-normal/x86_64/Mixr.swiftmodule @/tmp/mixr-general-build/Build/Intermediates.noindex/Mixr.build/Debug-iphonesimulator/Mixr.build/Objects-normal/x86_64/Mixr-linker-args.resp -Xlinker -alias -Xlinker _main -Xlinker ___debug_main_executable_dylib_entry_point -o /tmp/mixr-general-build/Build/Intermediates.noindex/Mixr.build/Debug-iphonesimulator/Mixr.build/Objects-normal/x86_64/Binary/Mixr.debug.dylib

SwiftDriverJobDiscovery normal arm64 Compiling TimelineScreen.swift (in target 'Mixr' from project 'Mixr')

SwiftDriver\ Compilation Mixr normal arm64 com.apple.xcode.tools.swift.compiler (in target 'Mixr' from project 'Mixr')
    cd /Users/pranavi/Documents/GitHub/mixr
    builtin-Swift-Compilation -- /Applications/Xcode.app/Contents/Developer/Toolchains/XcodeDefault.xctoolchain/usr/bin/swiftc -module-name Mixr -Onone @/tmp/mixr-general-build/Build/Intermediates.noindex/Mixr.build/Debug-iphonesimulator/Mixr.build/Objects-normal/arm64/Mixr.SwiftFileList -DDEBUG -default-isolation\=MainActor -enable-bare-slash-regex -enable-upcoming-feature DisableOutwardActorInference -enable-upcoming-feature InferSendableFromCaptures -enable-upcoming-feature GlobalActorIsolatedTypesUsability -enable-upcoming-feature MemberImportVisibility -enable-upcoming-feature InferIsolatedConformances -enable-upcoming-feature NonisolatedNonsendingByDefault -enable-experimental-feature DebugDescriptionMacro -sdk /Applications/Xcode.app/Contents/Developer/Platforms/iPhoneSimulator.platform/Developer/SDKs/iPhoneSimulator26.5.sdk -target arm64-apple-ios26.5-simulator -g -module-cache-path /tmp/mixr-general-build/ModuleCache.noindex -Xfrontend -serialize-debugging-options -enable-testing -index-store-path /tmp/mixr-general-build/Index.noindex/DataStore -Xcc -D_LIBCPP_HARDENING_MODE\=_LIBCPP_HARDENING_MODE_DEBUG -swift-version 5 -I /tmp/mixr-general-build/Build/Products/Debug-iphonesimulator -F /tmp/mixr-general-build/Build/Products/Debug-iphonesimulator -emit-localized-strings -emit-localized-strings-path /tmp/mixr-general-build/Build/Intermediates.noindex/Mixr.build/Debug-iphonesimulator/Mixr.build/Objects-normal/arm64 -c -j10 -enable-batch-mode -incremental -Xcc -ivfsstatcache -Xcc /tmp/mixr-general-build/SDKStatCaches.noindex/iphonesimulator26.5-23F81a-6cfe768891a92b912361537c460fe42b.sdkstatcache -output-file-map /tmp/mixr-general-build/Build/Intermediates.noindex/Mixr.build/Debug-iphonesimulator/Mixr.build/Objects-normal/arm64/Mixr-OutputFileMap.json -use-frontend-parseable-output -save-temps -no-color-diagnostics -explicit-module-build -module-cache-path /tmp/mixr-general-build/Build/Intermediates.noindex/SwiftExplicitPrecompiledModules -clang-scanner-module-cache-path /tmp/mixr-general-build/ModuleCache.noindex -sdk-module-cache-path /tmp/mixr-general-build/ModuleCache.noindex -serialize-diagnostics -emit-dependencies -emit-module -emit-module-path /tmp/mixr-general-build/Build/Intermediates.noindex/Mixr.build/Debug-iphonesimulator/Mixr.build/Objects-normal/arm64/Mixr.swiftmodule -validate-clang-modules-once -clang-build-session-file /tmp/mixr-general-build/ModuleCache.noindex/Session.modulevalidation -Xcc -I/tmp/mixr-general-build/Build/Intermediates.noindex/Mixr.build/Debug-iphonesimulator/Mixr.build/swift-overrides.hmap -emit-const-values -Xfrontend -const-gather-protocols-file -Xfrontend /tmp/mixr-general-build/Build/Intermediates.noindex/Mixr.build/Debug-iphonesimulator/Mixr.build/Objects-normal/arm64/Mixr_const_extract_protocols.json -Xcc -iquote -Xcc /tmp/mixr-general-build/Build/Intermediates.noindex/Mixr.build/Debug-iphonesimulator/Mixr.build/Mixr-generated-files.hmap -Xcc -I/tmp/mixr-general-build/Build/Intermediates.noindex/Mixr.build/Debug-iphonesimulator/Mixr.build/Mixr-own-target-headers.hmap -Xcc -I/tmp/mixr-general-build/Build/Intermediates.noindex/Mixr.build/Debug-iphonesimulator/Mixr.build/Mixr-all-target-headers.hmap -Xcc -iquote -Xcc /tmp/mixr-general-build/Build/Intermediates.noindex/Mixr.build/Debug-iphonesimulator/Mixr.build/Mixr-project-headers.hmap -Xcc -I/tmp/mixr-general-build/Build/Products/Debug-iphonesimulator/include -Xcc -I/tmp/mixr-general-build/Build/Intermediates.noindex/Mixr.build/Debug-iphonesimulator/Mixr.build/DerivedSources-normal/arm64 -Xcc -I/tmp/mixr-general-build/Build/Intermediates.noindex/Mixr.build/Debug-iphonesimulator/Mixr.build/DerivedSources/arm64 -Xcc -I/tmp/mixr-general-build/Build/Intermediates.noindex/Mixr.build/Debug-iphonesimulator/Mixr.build/DerivedSources -Xcc -DDEBUG\=1 -emit-objc-header -emit-objc-header-path /tmp/mixr-general-build/Build/Intermediates.noindex/Mixr.build/Debug-iphonesimulator/Mixr.build/Objects-normal/arm64/Mixr-Swift.h -working-directory /Users/pranavi/Documents/GitHub/mixr -experimental-emit-module-separately -disable-cmo

Ld /tmp/mixr-general-build/Build/Intermediates.noindex/Mixr.build/Debug-iphonesimulator/Mixr.build/Objects-normal/arm64/Binary/Mixr.debug.dylib normal arm64 (in target 'Mixr' from project 'Mixr')
    cd /Users/pranavi/Documents/GitHub/mixr
    /Applications/Xcode.app/Contents/Developer/Toolchains/XcodeDefault.xctoolchain/usr/bin/clang -Xlinker -reproducible -target arm64-apple-ios26.5-simulator -dynamiclib -isysroot /Applications/Xcode.app/Contents/Developer/Platforms/iPhoneSimulator.platform/Developer/SDKs/iPhoneSimulator26.5.sdk -O0 -L/tmp/mixr-general-build/Build/Intermediates.noindex/EagerLinkingTBDs/Debug-iphonesimulator -L/tmp/mixr-general-build/Build/Products/Debug-iphonesimulator -F/tmp/mixr-general-build/Build/Intermediates.noindex/EagerLinkingTBDs/Debug-iphonesimulator -F/tmp/mixr-general-build/Build/Products/Debug-iphonesimulator -filelist /tmp/mixr-general-build/Build/Intermediates.noindex/Mixr.build/Debug-iphonesimulator/Mixr.build/Objects-normal/arm64/Mixr.LinkFileList -install_name @rpath/Mixr.debug.dylib -Xlinker -rpath -Xlinker @executable_path/Frameworks -Xlinker -dead_strip -Xlinker -object_path_lto -Xlinker /tmp/mixr-general-build/Build/Intermediates.noindex/Mixr.build/Debug-iphonesimulator/Mixr.build/Objects-normal/arm64/Mixr_lto.o -rdynamic -Xlinker -no_deduplicate -Xlinker -objc_abi_version -Xlinker 2 -Xlinker -dependency_info -Xlinker /tmp/mixr-general-build/Build/Intermediates.noindex/Mixr.build/Debug-iphonesimulator/Mixr.build/Objects-normal/arm64/Mixr_dependency_info.dat -fobjc-link-runtime -L/Applications/Xcode.app/Contents/Developer/Toolchains/XcodeDefault.xctoolchain/usr/lib/swift/iphonesimulator -L/usr/lib/swift -Xlinker -add_ast_path -Xlinker /tmp/mixr-general-build/Build/Intermediates.noindex/Mixr.build/Debug-iphonesimulator/Mixr.build/Objects-normal/arm64/Mixr.swiftmodule @/tmp/mixr-general-build/Build/Intermediates.noindex/Mixr.build/Debug-iphonesimulator/Mixr.build/Objects-normal/arm64/Mixr-linker-args.resp -Xlinker -alias -Xlinker _main -Xlinker ___debug_main_executable_dylib_entry_point -o /tmp/mixr-general-build/Build/Intermediates.noindex/Mixr.build/Debug-iphonesimulator/Mixr.build/Objects-normal/arm64/Binary/Mixr.debug.dylib

ConstructStubExecutorLinkFileList /tmp/mixr-general-build/Build/Intermediates.noindex/Mixr.build/Debug-iphonesimulator/Mixr.build/Mixr-ExecutorLinkFileList-normal-x86_64.txt (in target 'Mixr' from project 'Mixr')
    cd /Users/pranavi/Documents/GitHub/mixr
    construct-stub-executor-link-file-list /tmp/mixr-general-build/Build/Intermediates.noindex/Mixr.build/Debug-iphonesimulator/Mixr.build/Objects-normal/x86_64/Binary/Mixr.debug.dylib /Applications/Xcode.app/Contents/Developer/Platforms/iPhoneSimulator.platform/Developer/usr/lib/libPreviewsJITStubExecutor_no_swift_entry_point.a /Applications/Xcode.app/Contents/Developer/Platforms/iPhoneSimulator.platform/Developer/usr/lib/libPreviewsJITStubExecutor.a --output /tmp/mixr-general-build/Build/Intermediates.noindex/Mixr.build/Debug-iphonesimulator/Mixr.build/Mixr-ExecutorLinkFileList-normal-x86_64.txt
note: Using stub executor library with Swift entry point. (in target 'Mixr' from project 'Mixr')

Copy /tmp/mixr-general-build/Build/Products/Debug-iphonesimulator/Mixr.swiftmodule/x86_64-apple-ios-simulator.swiftmodule /tmp/mixr-general-build/Build/Intermediates.noindex/Mixr.build/Debug-iphonesimulator/Mixr.build/Objects-normal/x86_64/Mixr.swiftmodule (in target 'Mixr' from project 'Mixr')
    cd /Users/pranavi/Documents/GitHub/mixr
    builtin-copy -exclude .DS_Store -exclude CVS -exclude .svn -exclude .git -exclude .hg -resolve-src-symlinks -rename /tmp/mixr-general-build/Build/Intermediates.noindex/Mixr.build/Debug-iphonesimulator/Mixr.build/Objects-normal/x86_64/Mixr.swiftmodule /tmp/mixr-general-build/Build/Products/Debug-iphonesimulator/Mixr.swiftmodule/x86_64-apple-ios-simulator.swiftmodule

Copy /tmp/mixr-general-build/Build/Products/Debug-iphonesimulator/Mixr.swiftmodule/x86_64-apple-ios-simulator.abi.json /tmp/mixr-general-build/Build/Intermediates.noindex/Mixr.build/Debug-iphonesimulator/Mixr.build/Objects-normal/x86_64/Mixr.abi.json (in target 'Mixr' from project 'Mixr')
    cd /Users/pranavi/Documents/GitHub/mixr
    builtin-copy -exclude .DS_Store -exclude CVS -exclude .svn -exclude .git -exclude .hg -resolve-src-symlinks -rename /tmp/mixr-general-build/Build/Intermediates.noindex/Mixr.build/Debug-iphonesimulator/Mixr.build/Objects-normal/x86_64/Mixr.abi.json /tmp/mixr-general-build/Build/Products/Debug-iphonesimulator/Mixr.swiftmodule/x86_64-apple-ios-simulator.abi.json

Copy /tmp/mixr-general-build/Build/Products/Debug-iphonesimulator/Mixr.swiftmodule/x86_64-apple-ios-simulator.swiftdoc /tmp/mixr-general-build/Build/Intermediates.noindex/Mixr.build/Debug-iphonesimulator/Mixr.build/Objects-normal/x86_64/Mixr.swiftdoc (in target 'Mixr' from project 'Mixr')
    cd /Users/pranavi/Documents/GitHub/mixr
    builtin-copy -exclude .DS_Store -exclude CVS -exclude .svn -exclude .git -exclude .hg -resolve-src-symlinks -rename /tmp/mixr-general-build/Build/Intermediates.noindex/Mixr.build/Debug-iphonesimulator/Mixr.build/Objects-normal/x86_64/Mixr.swiftdoc /tmp/mixr-general-build/Build/Products/Debug-iphonesimulator/Mixr.swiftmodule/x86_64-apple-ios-simulator.swiftdoc

Copy /tmp/mixr-general-build/Build/Products/Debug-iphonesimulator/Mixr.swiftmodule/arm64-apple-ios-simulator.swiftmodule /tmp/mixr-general-build/Build/Intermediates.noindex/Mixr.build/Debug-iphonesimulator/Mixr.build/Objects-normal/arm64/Mixr.swiftmodule (in target 'Mixr' from project 'Mixr')
    cd /Users/pranavi/Documents/GitHub/mixr
    builtin-copy -exclude .DS_Store -exclude CVS -exclude .svn -exclude .git -exclude .hg -resolve-src-symlinks -rename /tmp/mixr-general-build/Build/Intermediates.noindex/Mixr.build/Debug-iphonesimulator/Mixr.build/Objects-normal/arm64/Mixr.swiftmodule /tmp/mixr-general-build/Build/Products/Debug-iphonesimulator/Mixr.swiftmodule/arm64-apple-ios-simulator.swiftmodule

Copy /tmp/mixr-general-build/Build/Products/Debug-iphonesimulator/Mixr.swiftmodule/arm64-apple-ios-simulator.swiftdoc /tmp/mixr-general-build/Build/Intermediates.noindex/Mixr.build/Debug-iphonesimulator/Mixr.build/Objects-normal/arm64/Mixr.swiftdoc (in target 'Mixr' from project 'Mixr')
    cd /Users/pranavi/Documents/GitHub/mixr
    builtin-copy -exclude .DS_Store -exclude CVS -exclude .svn -exclude .git -exclude .hg -resolve-src-symlinks -rename /tmp/mixr-general-build/Build/Intermediates.noindex/Mixr.build/Debug-iphonesimulator/Mixr.build/Objects-normal/arm64/Mixr.swiftdoc /tmp/mixr-general-build/Build/Products/Debug-iphonesimulator/Mixr.swiftmodule/arm64-apple-ios-simulator.swiftdoc

Copy /tmp/mixr-general-build/Build/Products/Debug-iphonesimulator/Mixr.swiftmodule/arm64-apple-ios-simulator.abi.json /tmp/mixr-general-build/Build/Intermediates.noindex/Mixr.build/Debug-iphonesimulator/Mixr.build/Objects-normal/arm64/Mixr.abi.json (in target 'Mixr' from project 'Mixr')
    cd /Users/pranavi/Documents/GitHub/mixr
    builtin-copy -exclude .DS_Store -exclude CVS -exclude .svn -exclude .git -exclude .hg -resolve-src-symlinks -rename /tmp/mixr-general-build/Build/Intermediates.noindex/Mixr.build/Debug-iphonesimulator/Mixr.build/Objects-normal/arm64/Mixr.abi.json /tmp/mixr-general-build/Build/Products/Debug-iphonesimulator/Mixr.swiftmodule/arm64-apple-ios-simulator.abi.json

Copy /tmp/mixr-general-build/Build/Products/Debug-iphonesimulator/Mixr.swiftmodule/Project/arm64-apple-ios-simulator.swiftsourceinfo /tmp/mixr-general-build/Build/Intermediates.noindex/Mixr.build/Debug-iphonesimulator/Mixr.build/Objects-normal/arm64/Mixr.swiftsourceinfo (in target 'Mixr' from project 'Mixr')
    cd /Users/pranavi/Documents/GitHub/mixr
    builtin-copy -exclude .DS_Store -exclude CVS -exclude .svn -exclude .git -exclude .hg -resolve-src-symlinks -rename /tmp/mixr-general-build/Build/Intermediates.noindex/Mixr.build/Debug-iphonesimulator/Mixr.build/Objects-normal/arm64/Mixr.swiftsourceinfo /tmp/mixr-general-build/Build/Products/Debug-iphonesimulator/Mixr.swiftmodule/Project/arm64-apple-ios-simulator.swiftsourceinfo

Copy /tmp/mixr-general-build/Build/Products/Debug-iphonesimulator/Mixr.swiftmodule/Project/x86_64-apple-ios-simulator.swiftsourceinfo /tmp/mixr-general-build/Build/Intermediates.noindex/Mixr.build/Debug-iphonesimulator/Mixr.build/Objects-normal/x86_64/Mixr.swiftsourceinfo (in target 'Mixr' from project 'Mixr')
    cd /Users/pranavi/Documents/GitHub/mixr
    builtin-copy -exclude .DS_Store -exclude CVS -exclude .svn -exclude .git -exclude .hg -resolve-src-symlinks -rename /tmp/mixr-general-build/Build/Intermediates.noindex/Mixr.build/Debug-iphonesimulator/Mixr.build/Objects-normal/x86_64/Mixr.swiftsourceinfo /tmp/mixr-general-build/Build/Products/Debug-iphonesimulator/Mixr.swiftmodule/Project/x86_64-apple-ios-simulator.swiftsourceinfo

Ld /tmp/mixr-general-build/Build/Intermediates.noindex/Mixr.build/Debug-iphonesimulator/Mixr.build/Objects-normal/x86_64/Binary/Mixr normal x86_64 (in target 'Mixr' from project 'Mixr')
    cd /Users/pranavi/Documents/GitHub/mixr
    /Applications/Xcode.app/Contents/Developer/Toolchains/XcodeDefault.xctoolchain/usr/bin/clang -Xlinker -reproducible -target x86_64-apple-ios26.5-simulator -isysroot /Applications/Xcode.app/Contents/Developer/Platforms/iPhoneSimulator.platform/Developer/SDKs/iPhoneSimulator26.5.sdk -O0 -L/tmp/mixr-general-build/Build/Products/Debug-iphonesimulator -F/tmp/mixr-general-build/Build/Products/Debug-iphonesimulator -Xlinker -rpath -Xlinker @executable_path -Xlinker -rpath -Xlinker @executable_path/Frameworks -rdynamic -Xlinker -no_deduplicate -Xlinker -objc_abi_version -Xlinker 2 -e ___debug_blank_executor_main -Xlinker -sectcreate -Xlinker __TEXT -Xlinker __debug_dylib -Xlinker /tmp/mixr-general-build/Build/Intermediates.noindex/Mixr.build/Debug-iphonesimulator/Mixr.build/Mixr-DebugDylibPath-normal-x86_64.txt -Xlinker -sectcreate -Xlinker __TEXT -Xlinker __debug_instlnm -Xlinker /tmp/mixr-general-build/Build/Intermediates.noindex/Mixr.build/Debug-iphonesimulator/Mixr.build/Mixr-DebugDylibInstallName-normal-x86_64.txt -Xlinker -filelist -Xlinker /tmp/mixr-general-build/Build/Intermediates.noindex/Mixr.build/Debug-iphonesimulator/Mixr.build/Mixr-ExecutorLinkFileList-normal-x86_64.txt /tmp/mixr-general-build/Build/Intermediates.noindex/Mixr.build/Debug-iphonesimulator/Mixr.build/Objects-normal/x86_64/Binary/Mixr.debug.dylib -o /tmp/mixr-general-build/Build/Intermediates.noindex/Mixr.build/Debug-iphonesimulator/Mixr.build/Objects-normal/x86_64/Binary/Mixr

CreateUniversalBinary /tmp/mixr-general-build/Build/Products/Debug-iphonesimulator/Mixr.app/Mixr.debug.dylib normal arm64\ x86_64 (in target 'Mixr' from project 'Mixr')
    cd /Users/pranavi/Documents/GitHub/mixr
    /Applications/Xcode.app/Contents/Developer/Toolchains/XcodeDefault.xctoolchain/usr/bin/lipo -create /tmp/mixr-general-build/Build/Intermediates.noindex/Mixr.build/Debug-iphonesimulator/Mixr.build/Objects-normal/arm64/Binary/Mixr.debug.dylib /tmp/mixr-general-build/Build/Intermediates.noindex/Mixr.build/Debug-iphonesimulator/Mixr.build/Objects-normal/x86_64/Binary/Mixr.debug.dylib -output /tmp/mixr-general-build/Build/Products/Debug-iphonesimulator/Mixr.app/Mixr.debug.dylib

ConstructStubExecutorLinkFileList /tmp/mixr-general-build/Build/Intermediates.noindex/Mixr.build/Debug-iphonesimulator/Mixr.build/Mixr-ExecutorLinkFileList-normal-arm64.txt (in target 'Mixr' from project 'Mixr')
    cd /Users/pranavi/Documents/GitHub/mixr
    construct-stub-executor-link-file-list /tmp/mixr-general-build/Build/Intermediates.noindex/Mixr.build/Debug-iphonesimulator/Mixr.build/Objects-normal/arm64/Binary/Mixr.debug.dylib /Applications/Xcode.app/Contents/Developer/Platforms/iPhoneSimulator.platform/Developer/usr/lib/libPreviewsJITStubExecutor_no_swift_entry_point.a /Applications/Xcode.app/Contents/Developer/Platforms/iPhoneSimulator.platform/Developer/usr/lib/libPreviewsJITStubExecutor.a --output /tmp/mixr-general-build/Build/Intermediates.noindex/Mixr.build/Debug-iphonesimulator/Mixr.build/Mixr-ExecutorLinkFileList-normal-arm64.txt
note: Using stub executor library with Swift entry point. (in target 'Mixr' from project 'Mixr')

Ld /tmp/mixr-general-build/Build/Intermediates.noindex/Mixr.build/Debug-iphonesimulator/Mixr.build/Objects-normal/arm64/Binary/Mixr normal arm64 (in target 'Mixr' from project 'Mixr')
    cd /Users/pranavi/Documents/GitHub/mixr
    /Applications/Xcode.app/Contents/Developer/Toolchains/XcodeDefault.xctoolchain/usr/bin/clang -Xlinker -reproducible -target arm64-apple-ios26.5-simulator -isysroot /Applications/Xcode.app/Contents/Developer/Platforms/iPhoneSimulator.platform/Developer/SDKs/iPhoneSimulator26.5.sdk -O0 -L/tmp/mixr-general-build/Build/Products/Debug-iphonesimulator -F/tmp/mixr-general-build/Build/Products/Debug-iphonesimulator -Xlinker -rpath -Xlinker @executable_path -Xlinker -rpath -Xlinker @executable_path/Frameworks -rdynamic -Xlinker -no_deduplicate -Xlinker -objc_abi_version -Xlinker 2 -e ___debug_blank_executor_main -Xlinker -sectcreate -Xlinker __TEXT -Xlinker __debug_dylib -Xlinker /tmp/mixr-general-build/Build/Intermediates.noindex/Mixr.build/Debug-iphonesimulator/Mixr.build/Mixr-DebugDylibPath-normal-arm64.txt -Xlinker -sectcreate -Xlinker __TEXT -Xlinker __debug_instlnm -Xlinker /tmp/mixr-general-build/Build/Intermediates.noindex/Mixr.build/Debug-iphonesimulator/Mixr.build/Mixr-DebugDylibInstallName-normal-arm64.txt -Xlinker -filelist -Xlinker /tmp/mixr-general-build/Build/Intermediates.noindex/Mixr.build/Debug-iphonesimulator/Mixr.build/Mixr-ExecutorLinkFileList-normal-arm64.txt /tmp/mixr-general-build/Build/Intermediates.noindex/Mixr.build/Debug-iphonesimulator/Mixr.build/Objects-normal/arm64/Binary/Mixr.debug.dylib -o /tmp/mixr-general-build/Build/Intermediates.noindex/Mixr.build/Debug-iphonesimulator/Mixr.build/Objects-normal/arm64/Binary/Mixr

CreateUniversalBinary /tmp/mixr-general-build/Build/Products/Debug-iphonesimulator/Mixr.app/Mixr normal arm64\ x86_64 (in target 'Mixr' from project 'Mixr')
    cd /Users/pranavi/Documents/GitHub/mixr
    /Applications/Xcode.app/Contents/Developer/Toolchains/XcodeDefault.xctoolchain/usr/bin/lipo -create /tmp/mixr-general-build/Build/Intermediates.noindex/Mixr.build/Debug-iphonesimulator/Mixr.build/Objects-normal/arm64/Binary/Mixr /tmp/mixr-general-build/Build/Intermediates.noindex/Mixr.build/Debug-iphonesimulator/Mixr.build/Objects-normal/x86_64/Binary/Mixr -output /tmp/mixr-general-build/Build/Products/Debug-iphonesimulator/Mixr.app/Mixr

ExtractAppIntentsMetadata (in target 'Mixr' from project 'Mixr')
    cd /Users/pranavi/Documents/GitHub/mixr
    /Applications/Xcode.app/Contents/Developer/Toolchains/XcodeDefault.xctoolchain/usr/bin/appintentsmetadataprocessor --toolchain-dir /Applications/Xcode.app/Contents/Developer/Toolchains/XcodeDefault.xctoolchain --module-name Mixr --sdk-root /Applications/Xcode.app/Contents/Developer/Platforms/iPhoneSimulator.platform/Developer/SDKs/iPhoneSimulator26.5.sdk --xcode-version 17F113 --platform-family iOS --deployment-target 26.5 --bundle-identifier com.pranavi.Mixr --output /tmp/mixr-general-build/Build/Products/Debug-iphonesimulator/Mixr.app --target-triple arm64-apple-ios26.5-simulator --target-triple x86_64-apple-ios26.5-simulator --binary-file /tmp/mixr-general-build/Build/Products/Debug-iphonesimulator/Mixr.app/Mixr --dependency-file /tmp/mixr-general-build/Build/Intermediates.noindex/Mixr.build/Debug-iphonesimulator/Mixr.build/Objects-normal/arm64/Mixr_dependency_info.dat --dependency-file /tmp/mixr-general-build/Build/Intermediates.noindex/Mixr.build/Debug-iphonesimulator/Mixr.build/Objects-normal/x86_64/Mixr_dependency_info.dat --stringsdata-file /tmp/mixr-general-build/Build/Intermediates.noindex/Mixr.build/Debug-iphonesimulator/Mixr.build/Objects-normal/arm64/ExtractedAppShortcutsMetadata.stringsdata --stringsdata-file /tmp/mixr-general-build/Build/Intermediates.noindex/Mixr.build/Debug-iphonesimulator/Mixr.build/Objects-normal/x86_64/ExtractedAppShortcutsMetadata.stringsdata --source-file-list /tmp/mixr-general-build/Build/Intermediates.noindex/Mixr.build/Debug-iphonesimulator/Mixr.build/Objects-normal/arm64/Mixr.SwiftFileList --source-file-list /tmp/mixr-general-build/Build/Intermediates.noindex/Mixr.build/Debug-iphonesimulator/Mixr.build/Objects-normal/x86_64/Mixr.SwiftFileList --metadata-file-list /tmp/mixr-general-build/Build/Intermediates.noindex/Mixr.build/Debug-iphonesimulator/Mixr.build/Mixr.DependencyMetadataFileList --static-metadata-file-list /tmp/mixr-general-build/Build/Intermediates.noindex/Mixr.build/Debug-iphonesimulator/Mixr.build/Mixr.DependencyStaticMetadataFileList --swift-const-vals-list /tmp/mixr-general-build/Build/Intermediates.noindex/Mixr.build/Debug-iphonesimulator/Mixr.build/Objects-normal/arm64/Mixr.SwiftConstValuesFileList --swift-const-vals-list /tmp/mixr-general-build/Build/Intermediates.noindex/Mixr.build/Debug-iphonesimulator/Mixr.build/Objects-normal/x86_64/Mixr.SwiftConstValuesFileList --compile-time-extraction --deployment-aware-processing --validate-assistant-intents --no-app-shortcuts-localization
2026-09-12 10:45:06.948 appintentsmetadataprocessor[60111:1962362] Starting appintentsmetadataprocessor export
2026-09-12 10:45:06.952 appintentsmetadataprocessor[60111:1962362] warning: Metadata extraction skipped. No AppIntents.framework dependency found.

ProcessInfoPlistFile /tmp/mixr-general-build/Build/Products/Debug-iphonesimulator/Mixr.app/Info.plist /tmp/mixr-general-build/Build/Intermediates.noindex/Mixr.build/Debug-iphonesimulator/Mixr.build/empty-Mixr.plist (in target 'Mixr' from project 'Mixr')
    cd /Users/pranavi/Documents/GitHub/mixr
    builtin-infoPlistUtility /tmp/mixr-general-build/Build/Intermediates.noindex/Mixr.build/Debug-iphonesimulator/Mixr.build/empty-Mixr.plist -producttype com.apple.product-type.application -genpkginfo /tmp/mixr-general-build/Build/Products/Debug-iphonesimulator/Mixr.app/PkgInfo -expandbuildsettings -format binary -platform iphonesimulator -additionalcontentfile /tmp/mixr-general-build/Build/Intermediates.noindex/Mixr.build/Debug-iphonesimulator/Mixr.build/assetcatalog_generated_info.plist -o /tmp/mixr-general-build/Build/Products/Debug-iphonesimulator/Mixr.app/Info.plist

CopySwiftLibs /tmp/mixr-general-build/Build/Products/Debug-iphonesimulator/Mixr.app (in target 'Mixr' from project 'Mixr')
    cd /Users/pranavi/Documents/GitHub/mixr
    builtin-swiftStdLibTool --copy --verbose --scan-executable /tmp/mixr-general-build/Build/Products/Debug-iphonesimulator/Mixr.app/Mixr.debug.dylib --scan-folder /tmp/mixr-general-build/Build/Products/Debug-iphonesimulator/Mixr.app/Frameworks --scan-folder /tmp/mixr-general-build/Build/Products/Debug-iphonesimulator/Mixr.app/PlugIns --scan-folder /tmp/mixr-general-build/Build/Products/Debug-iphonesimulator/Mixr.app/SystemExtensions --scan-folder /tmp/mixr-general-build/Build/Products/Debug-iphonesimulator/Mixr.app/Extensions --platform iphonesimulator --toolchain /Applications/Xcode.app/Contents/Developer/Toolchains/XcodeDefault.xctoolchain --destination /tmp/mixr-general-build/Build/Products/Debug-iphonesimulator/Mixr.app/Frameworks --strip-bitcode --strip-bitcode-tool /Applications/Xcode.app/Contents/Developer/Toolchains/XcodeDefault.xctoolchain/usr/bin/bitcode_strip --emit-dependency-info /tmp/mixr-general-build/Build/Intermediates.noindex/Mixr.build/Debug-iphonesimulator/Mixr.build/SwiftStdLibToolInputDependencies.dep --filter-for-swift-os
Ignoring --strip-bitcode because --sign was not passed

** BUILD SUCCEEDED **

